crop,year,season,rainfall_mm,temperature,humidity,nitrogen,phosphorus,potassium,ph,area_hectares,irrigation,fertilizer_used,yield_tons_per_hectare
SYNTHETIC_DATA_NOTE,This dataset is synthetically generated for Maharashtra/Amravati region (2015-2024). For demonstration purposes only.,,,,,,,,,,,,
Soybean,2022,Kharif,803.7,30.2,61.7,108.4,45.3,188.5,7.02,299.73,0,0,1.82
Wheat,2015,Rabi,503.9,22.4,56.1,259.7,54.0,181.6,7.19,262.86,0,0,3.84
Cotton,2023,Kharif,749.2,28.6,51.8,164.0,40.0,210.8,6.94,482.85,1,1,2.53
Rice,2016,Kharif,1124.7,25.6,83.0,226.1,30.3,262.6,6.63,213.15,0,1,3.41
Maize,2016,Kharif,757.7,24.0,58.3,198.5,47.2,147.5,6.59,270.31,1,1,3.94
Cotton,2017,Kharif,750.1,27.6,47.9,174.7,36.7,267.2,7.44,353.72,1,1,2.21
Rice,2017,Kharif,1434.6,30.7,81.8,108.3,51.6,243.5,7.13,236.64,0,1,3.31
Soybean,2018,Kharif,802.1,25.4,63.5,132.5,61.6,189.0,6.63,453.88,0,1,3.42
Cotton,2024,Kharif,695.1,29.7,53.0,140.7,63.5,176.1,6.8,61.92,0,1,2.0
Soybean,2020,Kharif,748.1,27.0,70.7,101.0,54.6,177.7,6.38,110.16,1,1,3.34
Cotton,2015,Kharif,644.8,31.9,53.9,140.3,34.7,214.5,7.07,317.54,1,1,1.84
Turmeric,2020,Kharif,854.7,27.0,75.7,133.5,50.7,212.2,6.3,268.35,0,1,7.35
Rice,2021,Kharif,1316.7,29.3,88.3,247.7,65.3,227.0,6.71,468.43,0,1,5.12
Sugarcane,2019,Summer,1147.2,33.6,78.3,284.2,77.9,348.3,7.23,441.44,0,0,77.72
Turmeric,2016,Kharif,952.5,26.6,68.2,214.8,41.8,303.4,6.81,81.24,0,1,8.38
Rice,2015,Kharif,1070.2,31.1,81.9,195.1,52.0,292.0,6.67,271.73,0,1,4.18
Rice,2015,Kharif,1233.5,30.1,81.3,184.2,51.2,281.8,6.8,98.43,1,0,4.87
Soybean,2016,Kharif,760.8,25.2,65.4,128.9,55.6,217.9,6.34,278.84,1,1,4.07
Soybean,2024,Kharif,811.0,27.0,75.1,153.3,59.9,188.1,6.8,404.87,1,1,4.37
Soybean,2016,Kharif,619.3,31.6,69.8,108.2,60.9,182.2,6.15,47.9,1,0,1.89
Maize,2019,Kharif,640.9,30.3,64.1,255.8,45.7,180.7,6.61,229.18,1,0,4.43
Cotton,2023,Kharif,772.5,24.9,61.5,244.0,41.8,286.2,7.23,344.56,0,1,2.77
Cotton,2024,Kharif,949.8,27.5,59.8,141.2,39.2,140.2,6.63,178.63,1,0,1.68
Rice,2019,Kharif,1340.7,30.0,90.0,219.9,46.2,286.9,6.67,443.45,0,0,4.41
Rice,2017,Kharif,1320.6,29.7,83.7,192.7,41.1,216.4,6.25,322.0,0,1,4.34
Cotton,2019,Kharif,793.7,28.9,42.3,236.1,53.5,195.4,7.56,174.82,1,0,2.23
Soybean,2022,Kharif,810.1,29.3,60.6,111.9,80.0,125.9,6.26,433.69,1,0,2.33
Cotton,2018,Kharif,789.6,28.6,60.8,155.5,56.7,179.8,7.24,6.41,1,0,2.09
Rice,2018,Kharif,1451.0,30.6,87.3,201.9,45.5,182.4,6.7,473.15,1,0,3.74
Soybean,2024,Kharif,766.6,29.1,62.8,124.7,58.3,226.4,6.98,74.16,0,0,2.81
Wheat,2020,Rabi,524.7,18.8,66.5,249.8,62.7,219.4,6.43,352.84,0,1,3.2
Rice,2023,Kharif,1251.5,30.4,82.6,200.9,49.0,298.0,6.19,188.06,0,1,5.78
Wheat,2019,Rabi,514.0,21.7,52.5,236.2,44.6,152.7,6.91,348.77,0,1,3.0
Soybean,2019,Kharif,775.4,23.2,69.0,138.5,64.8,204.5,7.19,487.22,1,1,3.55
Maize,2019,Kharif,808.3,23.6,64.1,144.2,44.0,210.2,7.3,14.16,0,1,3.46
Maize,2019,Kharif,637.7,25.7,58.0,211.8,54.9,209.9,6.53,378.78,0,0,3.98
Wheat,2017,Rabi,560.0,24.1,46.8,272.1,63.8,184.8,7.09,260.56,1,1,4.28
Cotton,2020,Kharif,763.7,28.5,43.8,172.1,44.3,296.2,7.78,304.44,1,1,2.33
Maize,2024,Kharif,697.4,27.8,48.5,154.3,56.7,224.7,6.76,463.37,0,0,3.55
Cotton,2022,Kharif,828.2,28.2,64.9,141.6,29.6,222.0,6.79,206.42,1,1,2.14
Wheat,2024,Rabi,533.6,20.7,70.7,177.1,55.4,206.2,7.12,447.21,0,1,2.98
Wheat,2022,Rabi,535.1,25.3,59.6,300.0,66.2,195.5,7.32,242.78,1,1,4.42
Wheat,2023,Rabi,562.4,18.9,52.2,267.0,41.9,290.1,6.36,368.97,0,1,3.16
Rice,2022,Kharif,1215.3,31.4,73.5,127.2,44.8,215.3,6.74,293.68,1,1,3.43
Wheat,2022,Rabi,547.0,22.5,53.1,199.8,62.6,217.5,6.84,448.49,0,1,3.64
Sugarcane,2022,Summer,1018.5,33.3,90.0,241.5,61.4,358.2,6.91,238.83,1,0,75.99
Soybean,2017,Kharif,709.6,29.0,70.8,133.2,64.4,100.0,6.35,26.86,0,0,1.93
Soybean,2015,Kharif,663.1,26.0,66.3,133.3,57.0,198.1,6.94,425.51,1,1,3.9
Cotton,2017,Kharif,875.8,27.5,58.0,159.7,22.2,262.1,7.52,332.93,0,1,1.73
Wheat,2023,Rabi,635.9,18.0,64.7,189.1,60.1,199.6,6.85,178.33,0,1,2.92
Rice,2018,Kharif,1296.5,29.0,86.0,257.5,44.7,243.5,6.14,498.85,1,1,5.14
Soybean,2022,Kharif,723.0,21.9,74.3,138.0,65.7,138.8,7.6,302.37,0,1,2.0
Wheat,2024,Rabi,557.8,26.9,55.9,236.8,57.2,172.3,7.49,473.69,0,1,3.24
Wheat,2024,Rabi,521.8,21.3,51.8,203.4,64.5,163.1,7.03,35.39,0,0,2.97
Rice,2023,Kharif,1279.5,28.2,88.3,197.7,51.5,273.6,6.4,372.38,0,1,4.71
Wheat,2017,Rabi,604.4,20.6,49.6,235.6,55.1,279.7,6.94,124.86,1,0,3.42
Maize,2022,Kharif,753.9,25.4,64.1,289.9,38.9,265.5,6.86,251.6,1,0,4.85
Wheat,2016,Rabi,536.7,20.9,48.4,222.2,64.5,242.8,7.57,249.01,1,0,3.23
Soybean,2021,Kharif,784.3,26.0,56.4,114.0,46.3,204.9,7.09,336.27,0,0,2.43
Maize,2018,Kharif,679.4,25.8,75.9,211.6,58.7,231.1,7.11,472.26,0,1,5.03
Rice,2024,Kharif,1371.9,29.0,78.2,187.2,48.8,246.7,7.0,412.73,0,0,3.4
Turmeric,2021,Kharif,763.2,29.6,65.6,185.1,48.2,260.8,6.8,400.13,0,0,6.84
Cotton,2021,Kharif,908.7,28.0,58.8,234.3,39.8,184.0,6.73,341.91,1,1,2.7
Rice,2016,Kharif,1346.8,29.7,84.3,187.8,46.6,182.6,5.55,300.66,1,0,3.62
Soybean,2022,Kharif,759.3,28.1,68.6,118.8,38.8,190.4,6.75,219.16,1,1,2.88
Cotton,2018,Kharif,743.7,30.3,59.7,161.2,54.5,248.3,7.71,26.66,0,1,2.03
Maize,2017,Kharif,681.9,24.4,73.5,228.6,56.2,261.5,6.85,136.8,1,1,6.81
Maize,2023,Kharif,669.4,27.3,65.8,131.7,47.2,224.3,6.59,451.78,1,1,5.15
Cotton,2022,Kharif,802.4,28.1,67.5,182.9,36.3,202.6,6.79,485.56,1,1,2.46
Cotton,2019,Kharif,825.4,30.7,76.3,184.4,53.7,260.4,7.19,265.6,0,1,2.06
Wheat,2017,Rabi,552.8,23.4,64.8,202.2,30.2,232.2,6.93,435.18,0,1,2.76
Turmeric,2024,Kharif,876.0,25.3,78.2,132.3,56.4,249.0,6.8,46.76,0,1,6.62
Cotton,2024,Kharif,816.6,29.7,58.8,165.7,44.8,214.9,6.74,399.2,0,1,2.19
Cotton,2024,Kharif,706.1,27.3,66.4,190.3,37.0,191.8,7.42,390.01,0,0,1.66
Wheat,2023,Rabi,507.0,19.0,50.2,237.7,53.0,168.3,7.19,447.57,1,1,4.06
Soybean,2020,Kharif,765.7,26.0,64.9,183.2,44.7,162.9,7.28,130.62,1,1,3.92
Rice,2015,Kharif,1310.9,31.6,88.4,248.4,50.2,233.3,6.97,439.44,1,1,5.1
Soybean,2021,Kharif,750.2,26.5,70.7,120.6,50.9,206.4,6.2,81.22,1,1,3.09
Wheat,2017,Rabi,535.8,24.4,45.5,247.0,61.8,218.2,7.04,65.1,0,0,2.94
Sugarcane,2015,Summer,1291.1,30.8,86.6,224.8,58.3,297.5,7.49,385.72,1,1,73.68
Maize,2024,Kharif,793.3,27.2,60.7,216.2,55.8,190.6,7.15,1.51,0,1,5.08
Maize,2022,Kharif,832.8,24.5,72.2,175.1,43.3,213.0,6.72,216.74,1,1,4.58
Soybean,2022,Kharif,666.9,26.7,62.4,103.8,59.4,174.3,6.81,80.46,0,0,2.36
Cotton,2021,Kharif,685.5,27.9,61.0,205.2,34.8,202.2,6.73,63.47,1,1,2.2
Cotton,2016,Kharif,902.0,29.8,62.1,161.4,43.5,226.5,7.19,340.55,0,1,1.92
Cotton,2020,Kharif,803.0,26.2,57.8,174.6,34.1,227.8,6.97,309.46,1,1,2.44
Rice,2016,Kharif,1355.6,30.4,90.0,213.0,43.6,245.8,7.11,410.9,0,1,4.01
Maize,2021,Kharif,819.9,26.8,78.5,260.6,60.8,304.7,6.62,330.75,1,1,6.94
Soybean,2018,Kharif,610.2,28.0,59.1,85.8,45.3,132.9,6.79,372.4,1,1,2.25
Maize,2015,Kharif,627.9,23.3,52.5,196.3,67.8,144.7,7.6,434.27,1,1,3.45
Wheat,2020,Rabi,587.4,21.0,51.2,278.1,67.8,208.1,7.76,180.22,0,1,3.41
Wheat,2020,Rabi,400.0,23.5,64.2,207.3,43.8,154.7,6.5,246.65,0,1,2.29
Maize,2022,Kharif,779.6,26.7,60.3,169.0,54.2,297.6,6.02,198.93,0,0,3.79
Sugarcane,2023,Summer,1222.3,33.7,87.3,264.5,73.0,304.8,6.76,84.35,0,0,72.82
Cotton,2016,Kharif,761.8,28.3,55.0,231.5,46.2,200.8,6.79,493.36,0,0,1.75
Rice,2016,Kharif,1049.1,30.3,84.6,174.4,49.0,264.0,5.66,162.24,1,1,4.04
Cotton,2020,Kharif,960.3,27.9,67.7,166.5,40.5,227.9,7.12,434.2,0,1,2.2
Rice,2017,Kharif,1363.2,26.3,84.1,228.1,41.8,229.5,6.06,470.5,1,1,4.1
Cotton,2016,Kharif,856.1,29.2,57.6,175.5,41.0,213.1,7.55,202.67,0,1,1.99
Soybean,2024,Kharif,728.8,23.9,55.9,124.2,43.0,218.1,6.56,198.69,1,1,3.44
Wheat,2017,Rabi,560.3,18.7,35.7,276.9,58.3,206.3,6.99,271.64,1,1,4.01
Maize,2021,Kharif,822.5,24.6,64.2,183.7,45.7,228.5,6.24,448.46,0,1,4.99
Rice,2017,Kharif,1242.0,30.6,82.5,181.1,49.1,278.0,7.03,290.89,0,1,4.27
Cotton,2022,Kharif,805.1,26.8,63.8,216.2,43.1,208.6,7.06,481.5,0,1,2.78
Cotton,2024,Kharif,920.8,28.6,53.1,200.8,43.7,261.2,6.58,88.21,0,1,2.55
Maize,2024,Kharif,733.1,28.3,63.5,201.5,48.5,248.6,6.75,226.43,1,0,6.88
Soybean,2023,Kharif,864.7,25.4,76.7,134.2,66.3,166.7,6.58,248.89,1,0,2.89
Cotton,2015,Kharif,675.9,30.3,69.9,164.4,41.6,166.2,6.91,298.28,0,1,1.65
Wheat,2017,Rabi,666.8,23.4,52.9,223.4,48.2,165.3,7.89,266.95,0,1,2.87
Wheat,2023,Rabi,573.0,22.0,47.7,250.3,62.6,227.1,7.09,411.08,0,1,4.05
Cotton,2020,Kharif,846.6,29.0,51.4,158.9,38.1,223.5,6.64,45.47,1,0,2.05
Soybean,2018,Kharif,712.9,27.9,76.8,120.7,25.3,211.0,7.56,140.57,1,1,1.89
Rice,2022,Kharif,1187.3,31.2,79.4,203.1,49.4,244.9,6.28,266.71,1,0,5.0
Wheat,2015,Rabi,581.8,20.7,34.8,207.0,45.1,217.8,7.23,461.46,0,1,2.64
Wheat,2018,Rabi,473.1,23.1,47.3,195.9,54.4,180.3,7.37,220.32,0,1,2.8
Cotton,2017,Kharif,850.1,25.5,54.1,194.7,31.8,238.8,6.72,89.71,1,1,2.48
Maize,2017,Kharif,761.0,28.8,64.8,186.3,49.8,244.5,6.73,184.51,0,1,4.78
Cotton,2021,Kharif,841.0,25.6,48.9,179.7,57.7,192.5,6.7,309.86,0,1,2.0
Cotton,2016,Kharif,670.9,25.3,71.8,159.9,48.3,195.8,6.92,163.01,1,1,2.35
Soybean,2024,Kharif,841.8,27.0,58.4,129.2,47.4,215.4,5.94,465.23,0,1,2.79
Cotton,2015,Kharif,898.2,29.6,59.0,180.3,35.7,189.2,7.04,222.19,0,0,1.39
Turmeric,2018,Kharif,957.5,31.4,82.0,137.3,65.0,245.5,6.2,387.55,1,0,7.47
Rice,2023,Kharif,1465.9,32.9,86.5,170.1,47.9,262.3,6.74,322.31,0,0,3.25
Soybean,2023,Kharif,696.8,26.0,66.5,112.0,50.0,206.1,7.0,188.62,1,1,3.49
Soybean,2016,Kharif,861.9,27.7,72.9,127.4,32.8,161.1,6.48,318.4,0,1,2.23
Rice,2018,Kharif,1336.8,31.0,90.0,133.5,45.6,312.5,6.93,409.07,0,1,3.88
Sugarcane,2023,Summer,1014.9,31.6,76.5,300.0,63.9,260.2,7.04,380.8,0,1,84.8
Soybean,2023,Kharif,672.6,24.1,61.8,99.6,29.1,200.6,6.47,277.56,0,1,2.1
Wheat,2019,Rabi,479.2,21.2,62.8,282.7,55.8,192.3,7.1,331.86,0,0,3.13
Rice,2022,Kharif,1183.9,31.6,77.1,194.0,41.4,267.9,6.5,302.14,1,1,5.5
Maize,2017,Kharif,689.2,25.3,68.8,206.6,55.8,284.5,6.25,220.66,0,1,4.8
Maize,2020,Kharif,703.9,27.7,69.1,259.0,66.7,227.2,6.46,495.57,1,1,7.77
Maize,2017,Kharif,732.1,26.3,63.5,161.1,49.5,218.2,7.36,130.39,0,1,4.23
Wheat,2015,Rabi,529.2,21.1,60.8,208.8,54.8,231.0,7.13,390.33,0,0,2.95
Turmeric,2020,Kharif,886.5,29.3,75.9,121.6,57.8,308.2,6.3,215.01,1,0,8.92
Cotton,2016,Kharif,874.1,27.5,63.9,176.9,58.8,186.5,7.22,366.49,0,0,2.16
Soybean,2017,Kharif,693.3,25.5,66.4,94.6,50.6,195.0,7.26,486.03,1,1,3.09
Cotton,2020,Kharif,892.0,27.5,63.2,174.0,38.9,215.1,6.65,274.87,1,0,2.46
Rice,2022,Kharif,1245.6,25.7,82.8,227.8,51.5,201.0,6.93,393.7,0,1,4.1
Soybean,2023,Kharif,758.0,25.2,56.0,151.6,45.4,151.9,6.43,280.53,1,1,2.59
Soybean,2017,Kharif,698.9,26.5,59.3,146.2,36.2,100.0,7.17,221.1,0,0,2.03
Wheat,2016,Rabi,525.8,21.3,47.4,292.2,44.3,200.8,7.37,159.06,1,1,4.71
Turmeric,2021,Kharif,929.1,27.3,70.8,164.3,37.4,281.8,6.61,62.09,1,1,9.0
Cotton,2023,Kharif,620.8,27.8,56.0,196.4,33.3,197.4,7.4,236.11,1,1,2.19
Soybean,2016,Kharif,719.8,29.0,67.8,97.4,53.2,138.7,6.79,374.66,1,1,3.07
Rice,2021,Kharif,1204.6,31.7,78.4,251.0,40.9,232.1,6.02,84.4,1,1,5.12
Maize,2016,Kharif,608.9,26.2,54.5,166.7,47.0,262.3,6.57,325.73,1,0,4.13
Wheat,2015,Rabi,523.9,23.4,59.1,245.9,61.2,167.3,7.1,21.97,1,1,4.51
Maize,2017,Kharif,707.3,25.2,49.9,143.8,57.8,252.0,6.68,436.5,0,1,3.84
Cotton,2018,Kharif,980.2,29.1,56.0,131.2,36.0,234.1,7.32,438.74,1,1,2.28
Rice,2018,Kharif,1253.3,29.0,78.9,197.3,52.0,224.5,6.6,110.89,0,1,4.26
Cotton,2020,Kharif,862.6,26.0,52.3,172.3,20.8,237.0,7.01,303.94,1,1,2.11
Rice,2021,Kharif,1193.7,30.2,80.8,112.4,32.7,331.9,6.62,491.94,0,1,3.62
Wheat,2018,Rabi,515.3,24.2,58.8,233.2,53.2,172.7,8.29,104.29,0,0,2.26
Rice,2022,Kharif,1179.2,29.9,90.0,212.0,51.2,273.7,6.22,266.27,1,1,5.16
Soybean,2024,Kharif,760.3,26.0,76.3,113.3,41.1,104.7,7.16,477.58,1,0,1.94
Cotton,2022,Kharif,786.5,29.0,69.8,215.3,26.1,228.3,7.46,375.84,0,0,1.75
Sugarcane,2018,Summer,1191.8,33.1,65.3,242.6,52.3,311.3,7.42,319.3,1,1,57.55
Maize,2020,Kharif,773.5,24.6,73.0,248.7,47.5,221.5,6.53,422.96,1,1,5.72
Sugarcane,2021,Summer,1178.0,35.2,74.1,239.9,47.9,271.8,7.39,160.11,1,1,60.8
Cotton,2016,Kharif,735.5,24.6,67.7,143.0,35.3,218.9,7.65,318.81,0,0,1.31
Rice,2016,Kharif,1299.1,29.8,75.4,136.9,42.2,236.3,6.36,243.31,0,1,3.62
Sugarcane,2018,Summer,1133.0,29.8,90.0,229.4,53.2,298.3,6.08,497.43,0,0,50.92
Maize,2017,Kharif,659.3,28.3,55.1,211.4,46.4,235.2,6.87,89.41,0,1,4.41
Rice,2016,Kharif,1096.9,29.1,81.8,146.6,46.9,250.6,6.27,312.08,1,1,5.12
Maize,2019,Kharif,857.4,26.3,65.2,207.6,46.5,133.0,7.06,373.18,0,0,3.56
Wheat,2015,Rabi,590.5,21.6,59.3,143.0,37.9,253.1,7.32,281.79,0,1,3.32
Maize,2017,Kharif,683.6,29.3,63.9,281.7,51.9,288.3,7.2,101.04,0,1,5.82
Rice,2020,Kharif,1371.7,28.9,83.3,195.7,42.1,215.4,7.19,264.09,1,1,4.44
Cotton,2022,Kharif,885.6,28.7,59.8,175.1,34.0,193.0,6.65,384.69,1,1,2.35
Soybean,2017,Kharif,805.5,27.8,64.0,131.2,42.4,141.4,6.15,316.41,1,1,2.99
Maize,2017,Kharif,750.7,26.4,52.7,202.8,50.2,143.9,6.75,401.94,1,1,5.15
Rice,2020,Kharif,1227.6,32.6,90.0,111.7,59.4,209.3,6.83,94.73,1,1,3.44
Soybean,2018,Kharif,748.0,23.3,67.3,104.3,50.2,213.4,6.42,72.3,1,0,2.37
Cotton,2016,Kharif,812.0,27.7,68.6,205.8,41.2,215.5,7.08,234.02,0,1,2.51
Soybean,2022,Kharif,740.6,22.1,75.0,144.1,62.4,183.1,7.17,482.08,0,1,2.65
Soybean,2019,Kharif,682.1,27.0,71.9,95.1,49.4,224.5,6.68,238.23,1,1,3.48
Cotton,2021,Kharif,838.6,27.2,57.0,171.8,42.9,258.8,7.84,384.02,0,1,2.57
Soybean,2022,Kharif,887.5,26.3,59.3,122.8,46.9,198.0,6.86,465.47,0,1,3.08
Wheat,2019,Rabi,598.8,23.0,48.1,211.1,59.4,221.6,7.68,344.33,0,1,3.52
Cotton,2024,Kharif,923.8,28.2,58.1,209.4,34.1,133.5,7.08,339.09,0,1,2.09
Soybean,2019,Kharif,797.4,28.3,49.1,110.1,48.2,154.0,6.43,323.58,1,1,2.28
Wheat,2021,Rabi,454.4,22.4,65.3,271.5,58.3,223.2,7.74,336.15,1,1,3.86
Rice,2023,Kharif,1205.6,30.7,74.2,159.0,51.8,265.5,7.13,311.58,1,1,4.57
Soybean,2023,Kharif,896.3,25.3,53.7,170.6,50.1,173.3,6.87,445.18,1,0,2.88
Maize,2016,Kharif,714.5,29.2,72.6,170.6,54.0,210.4,6.78,273.88,0,1,4.42
Soybean,2020,Kharif,742.1,28.1,54.4,140.6,49.2,162.3,6.85,55.34,1,1,3.17
Cotton,2020,Kharif,801.5,28.9,54.9,234.1,38.5,248.8,7.2,95.86,1,1,2.78
Rice,2018,Kharif,1225.1,31.2,85.8,175.7,36.3,258.8,5.99,282.98,1,1,4.5
Cotton,2019,Kharif,849.2,28.0,36.8,158.1,41.9,151.8,7.8,123.66,0,1,1.26
Rice,2018,Kharif,1339.5,28.4,75.5,258.9,40.8,162.7,6.78,193.78,1,1,5.0
Soybean,2017,Kharif,721.6,29.8,62.5,130.2,36.7,160.7,5.5,141.97,0,1,1.69
Maize,2023,Kharif,692.9,25.2,72.2,237.0,45.2,100.0,7.1,182.81,0,1,4.2
Cotton,2018,Kharif,595.3,29.4,54.1,149.1,34.0,268.7,6.59,213.19,0,0,1.54
Maize,2021,Kharif,626.1,25.3,62.1,224.7,42.5,163.1,6.47,305.21,1,1,4.93
Soybean,2021,Kharif,848.1,27.8,69.6,146.3,40.0,166.6,6.2,272.7,1,0,2.7
Wheat,2023,Rabi,527.3,21.3,51.7,207.1,50.4,167.0,7.58,86.87,1,1,3.9
Cotton,2015,Kharif,794.0,23.2,63.6,158.6,51.6,217.6,6.79,363.8,1,1,2.4
Soybean,2017,Kharif,704.2,23.4,57.7,124.7,52.3,216.9,6.78,353.39,0,1,3.03
Soybean,2020,Kharif,885.4,29.2,65.5,94.9,39.0,223.7,6.54,336.68,1,0,2.21
Soybean,2023,Kharif,733.7,25.7,73.7,124.1,49.6,204.5,6.34,439.11,1,0,3.06
Cotton,2021,Kharif,723.4,26.1,62.8,181.0,33.9,210.8,6.98,209.75,1,0,1.99
Rice,2024,Kharif,1165.8,30.3,90.0,228.0,61.9,207.3,6.55,291.51,0,1,5.12
Wheat,2020,Rabi,544.5,20.2,71.4,188.3,69.6,142.1,7.51,35.1,0,1,3.11
Rice,2020,Kharif,1283.2,29.6,90.0,169.7,58.6,241.8,6.79,157.14,0,1,4.29
Soybean,2018,Kharif,798.8,29.8,69.5,162.5,49.9,205.5,6.35,469.89,0,1,2.9
Cotton,2023,Kharif,910.5,31.5,49.7,164.9,42.1,231.8,7.28,217.58,0,1,1.73
Rice,2015,Kharif,1164.1,29.9,86.1,179.7,46.9,260.0,7.09,107.99,0,0,3.55
Sugarcane,2022,Summer,1271.2,32.3,78.9,256.2,67.7,234.1,6.55,100.94,1,1,92.41
Soybean,2020,Kharif,733.4,29.0,72.4,201.5,49.5,193.4,6.97,430.05,0,1,3.01
Wheat,2020,Rabi,647.6,18.7,51.2,196.2,46.0,225.8,7.19,392.76,1,0,3.04
Cotton,2019,Kharif,843.7,29.6,70.9,236.1,24.1,254.3,6.9,393.47,1,1,2.22
Cotton,2022,Kharif,826.2,27.7,60.7,173.1,33.2,227.0,6.11,394.86,0,1,2.5
Cotton,2020,Kharif,715.6,23.3,41.4,157.0,51.8,109.6,6.57,397.45,1,1,1.38
Rice,2019,Kharif,1301.0,29.4,77.3,203.7,32.8,183.3,6.38,359.65,1,1,4.46
Cotton,2020,Kharif,803.1,28.5,72.0,191.4,46.3,279.6,6.8,134.53,0,1,2.4
Cotton,2016,Kharif,806.9,26.0,52.6,153.1,36.7,180.2,7.1,206.57,1,1,2.2
Soybean,2015,Kharif,843.4,28.1,67.9,143.4,47.8,205.4,7.15,339.77,1,1,3.29
Sugarcane,2020,Summer,1133.8,32.7,67.5,240.4,74.3,336.7,6.73,362.0,0,1,77.33
Sugarcane,2017,Summer,1091.3,29.3,84.0,264.4,60.3,359.3,6.99,7.67,0,1,58.44
Turmeric,2018,Kharif,804.8,27.7,70.6,161.9,27.9,300.4,6.43,498.59,1,1,9.02
Rice,2016,Kharif,1330.2,31.2,77.6,216.0,56.6,268.2,6.53,331.18,0,0,4.71
Maize,2024,Kharif,820.5,25.4,55.1,161.5,46.5,235.6,7.32,379.49,0,0,2.97
Wheat,2024,Rabi,477.0,21.8,47.1,197.9,44.9,173.5,7.57,444.67,1,1,3.13
Wheat,2024,Rabi,641.2,20.2,59.1,197.0,63.5,161.8,7.61,254.02,0,0,2.89
Sugarcane,2015,Summer,971.4,33.8,83.7,264.0,59.7,353.3,7.01,264.83,1,1,90.56
Rice,2015,Kharif,1062.2,30.7,82.6,223.8,42.6,226.8,6.39,216.74,0,0,3.88
Sugarcane,2022,Summer,1189.5,33.2,83.6,249.5,58.1,232.1,7.22,333.72,0,1,68.69
Soybean,2017,Kharif,794.8,23.4,56.6,153.4,56.3,217.5,7.08,12.19,0,1,3.42
Rice,2019,Kharif,1345.9,32.7,77.0,257.8,60.0,227.4,6.66,201.77,0,0,4.53
Soybean,2019,Kharif,748.7,29.3,69.9,136.4,50.1,164.7,6.78,316.9,0,1,3.11
Maize,2022,Kharif,786.2,29.2,54.5,214.1,39.8,161.8,7.15,470.9,0,1,3.67
Rice,2020,Kharif,1201.9,30.3,70.0,220.6,47.1,257.5,5.68,290.28,0,1,3.92
Sugarcane,2016,Summer,1257.3,35.5,77.2,247.0,55.5,329.8,6.74,286.73,0,1,61.44
Sugarcane,2021,Summer,1049.7,34.4,76.4,284.7,76.1,349.1,6.55,251.29,1,1,104.36
Maize,2018,Kharif,725.2,28.5,68.9,186.1,63.7,206.2,6.06,174.41,0,1,4.14
Cotton,2022,Kharif,838.4,27.9,67.0,143.9,31.7,200.5,6.74,51.39,0,0,1.54
Soybean,2015,Kharif,855.0,28.7,64.5,102.4,60.1,184.1,6.31,177.49,0,1,2.61
Wheat,2024,Rabi,530.7,25.5,69.7,236.9,58.7,213.8,7.53,411.37,0,1,2.56
Maize,2015,Kharif,859.0,21.9,71.0,238.2,62.9,218.2,7.58,382.82,1,0,3.87
Cotton,2021,Kharif,699.6,28.5,57.2,143.0,45.3,136.1,8.07,227.54,1,0,1.63
Rice,2020,Kharif,1390.8,29.9,87.1,248.4,60.0,158.2,6.42,66.7,1,0,5.3
Maize,2017,Kharif,830.3,28.0,84.8,252.3,55.3,264.0,7.71,469.51,1,1,5.53
Cotton,2018,Kharif,779.1,26.6,66.6,160.3,34.1,217.2,6.99,375.38,0,1,2.14
Wheat,2023,Rabi,557.2,25.8,53.6,212.4,73.5,239.6,7.44,351.54,1,1,4.96
Cotton,2015,Kharif,1114.1,29.0,43.3,171.4,42.3,218.2,7.69,255.78,1,1,1.66
Soybean,2015,Kharif,784.0,27.4,56.2,122.5,43.6,139.5,6.99,386.92,1,0,2.52
Wheat,2019,Rabi,627.8,22.2,49.2,213.2,54.4,203.2,7.5,283.32,1,1,4.13
Sugarcane,2015,Summer,1266.0,34.8,66.8,239.9,66.5,417.1,6.84,327.04,0,0,57.83
Wheat,2018,Rabi,536.2,20.8,41.9,254.9,50.3,222.4,7.04,311.72,1,1,3.95
Cotton,2023,Kharif,640.4,26.7,62.1,156.1,35.5,194.0,7.29,120.75,1,0,1.82
Sugarcane,2015,Summer,944.6,28.6,78.4,205.8,69.2,294.9,7.04,4.43,0,1,57.46
Soybean,2023,Kharif,747.3,24.9,67.2,130.4,43.6,220.3,6.85,431.7,1,0,3.78
Soybean,2020,Kharif,764.0,28.1,66.8,138.3,52.9,122.1,7.31,451.3,0,1,2.47
Cotton,2021,Kharif,748.8,27.6,61.4,189.7,38.2,247.9,6.67,127.71,1,0,2.76
Rice,2021,Kharif,1304.1,29.9,79.4,204.5,42.6,179.2,6.44,87.09,1,0,4.26
Rice,2015,Kharif,1267.6,29.5,82.8,158.5,46.6,222.4,6.58,69.8,1,1,5.23
Sugarcane,2017,Summer,1215.4,31.2,68.8,257.6,64.5,294.5,6.64,111.4,0,1,69.68
Wheat,2018,Rabi,537.3,23.1,51.5,222.7,38.9,236.1,7.42,125.64,1,1,4.43
Soybean,2017,Kharif,846.6,23.9,61.7,93.3,32.1,220.5,6.68,202.2,1,1,2.78
Cotton,2018,Kharif,756.9,27.1,74.8,171.5,34.9,255.8,7.06,278.61,0,1,1.91
Cotton,2017,Kharif,752.0,27.5,50.7,189.1,46.0,204.1,6.15,190.43,0,0,1.67
Maize,2020,Kharif,711.5,23.1,50.5,196.7,54.2,175.4,7.1,126.33,1,1,4.58
Rice,2020,Kharif,1500.0,28.3,80.9,138.1,40.0,232.1,5.95,220.85,0,1,3.4
Wheat,2021,Rabi,521.4,25.0,48.3,180.4,58.4,186.9,7.11,209.18,0,0,2.45
Maize,2023,Kharif,805.5,23.2,65.6,196.9,49.6,140.8,6.64,210.39,0,0,3.74
Turmeric,2016,Kharif,930.6,27.9,65.2,174.5,41.7,238.9,6.52,31.88,0,1,6.92
Soybean,2018,Kharif,707.3,23.0,69.7,119.7,43.4,112.4,6.49,408.84,1,0,1.82
Soybean,2018,Kharif,781.9,25.8,61.8,91.1,32.5,166.4,6.52,81.52,1,1,2.5
Cotton,2017,Kharif,774.0,29.0,57.5,165.9,28.6,250.5,7.24,348.88,0,1,1.78
Maize,2023,Kharif,866.5,27.9,67.0,243.4,43.0,300.6,5.62,273.25,0,0,4.09
Turmeric,2016,Kharif,1068.3,29.0,74.2,129.9,44.7,285.0,6.51,217.75,0,1,9.53
Soybean,2015,Kharif,699.3,28.3,69.1,108.7,58.9,211.6,6.64,445.07,1,0,3.44
Rice,2016,Kharif,1336.6,28.5,75.7,248.0,50.6,251.4,6.8,288.1,0,0,3.69
Maize,2023,Kharif,681.0,25.0,65.6,215.2,53.9,271.2,6.68,498.46,0,1,6.04
Rice,2018,Kharif,1362.5,30.4,82.1,141.6,53.5,233.1,7.65,88.15,0,1,3.68
Cotton,2018,Kharif,760.2,29.7,70.4,205.3,33.5,187.9,7.74,495.74,1,1,1.84
Wheat,2020,Rabi,400.0,21.8,60.5,172.8,64.2,222.3,7.07,342.63,1,1,3.73
Cotton,2017,Kharif,810.7,30.3,60.6,154.1,40.2,133.9,7.22,178.94,0,0,1.57
Rice,2023,Kharif,1289.3,29.9,81.5,190.9,29.0,235.2,6.89,195.56,0,0,2.84
Maize,2022,Kharif,617.9,27.4,73.8,218.6,53.6,280.4,7.22,158.3,0,1,5.3
Rice,2023,Kharif,1300.0,29.3,81.7,239.3,63.6,247.8,6.11,142.99,0,1,5.21
Wheat,2024,Rabi,458.5,20.7,68.5,181.4,56.4,235.4,7.64,148.54,1,1,3.54
Soybean,2017,Kharif,836.1,24.9,58.2,112.9,65.9,203.8,7.45,455.76,0,1,2.64
Soybean,2021,Kharif,843.8,26.7,65.0,127.7,49.7,151.6,6.51,159.67,1,1,4.06
Soybean,2021,Kharif,715.6,26.0,66.3,99.0,45.0,172.9,6.12,208.07,1,0,2.43
Rice,2020,Kharif,1373.2,30.4,88.6,171.4,45.6,274.5,6.27,30.22,1,1,5.01
Soybean,2017,Kharif,854.2,28.0,80.9,132.3,55.7,186.8,6.64,76.57,0,1,2.59
Cotton,2024,Kharif,834.8,30.5,40.1,195.9,50.3,253.6,6.61,493.89,0,1,1.93
Cotton,2015,Kharif,778.8,27.6,72.9,172.1,29.1,194.4,6.9,283.88,0,1,1.6
Wheat,2022,Rabi,630.8,22.9,59.2,299.5,63.9,220.1,7.16,277.79,1,1,4.95
Wheat,2020,Rabi,557.9,18.9,50.3,177.4,52.9,181.9,7.29,30.73,1,1,3.25
Soybean,2020,Kharif,790.3,26.3,64.2,146.4,77.5,162.0,6.24,193.17,1,1,3.86
Sugarcane,2021,Summer,1113.2,31.2,77.3,246.3,59.2,322.6,6.71,22.99,0,1,74.9
Soybean,2023,Kharif,714.9,26.5,58.3,116.0,45.8,163.5,7.0,30.49,1,1,3.49
Rice,2015,Kharif,1308.9,30.1,74.3,204.8,40.8,256.2,6.49,12.09,1,0,3.92
Cotton,2016,Kharif,710.7,30.4,78.5,200.3,51.6,195.8,6.93,314.24,1,1,2.26
Rice,2015,Kharif,1206.1,30.3,80.5,122.6,53.8,246.3,6.07,416.47,1,1,4.5
Cotton,2017,Kharif,706.1,26.8,58.4,125.0,31.6,279.9,7.83,198.6,0,0,1.7
Cotton,2023,Kharif,666.4,27.6,60.4,215.5,33.4,168.0,6.96,100.21,0,0,1.87
Wheat,2015,Rabi,700.7,22.7,40.3,242.4,56.2,196.0,7.19,67.46,0,1,2.76
Cotton,2016,Kharif,695.9,29.5,59.7,186.8,32.2,260.8,6.28,357.49,0,0,1.44
Maize,2023,Kharif,636.8,25.9,60.0,218.3,31.7,147.8,6.5,375.18,1,1,5.0
Rice,2021,Kharif,1255.0,29.5,89.4,234.9,42.5,195.5,5.84,361.81,1,1,4.2
Soybean,2017,Kharif,759.9,27.4,59.2,128.7,40.8,166.3,7.07,279.15,1,1,3.06
Cotton,2017,Kharif,715.3,24.4,76.1,185.3,45.1,158.4,7.05,451.71,0,0,1.21
Sugarcane,2023,Summer,995.2,35.9,75.1,235.0,55.5,371.7,7.35,76.79,0,0,47.19
Soybean,2017,Kharif,787.4,28.0,72.8,130.1,40.9,173.3,6.5,262.18,1,1,2.97
Maize,2020,Kharif,717.0,27.5,71.3,214.3,55.5,227.8,6.63,55.4,0,1,5.19
Sugarcane,2023,Summer,994.0,30.4,79.9,260.0,54.3,300.4,6.75,27.83,1,0,82.56
Maize,2021,Kharif,765.6,24.7,64.5,202.6,48.5,257.7,6.83,66.71,1,1,6.33
Soybean,2023,Kharif,620.9,29.9,63.4,100.9,26.0,195.8,6.03,410.46,1,1,2.12
Cotton,2022,Kharif,783.3,27.0,67.3,202.8,31.7,258.3,6.85,70.48,1,1,2.88
Cotton,2022,Kharif,803.2,28.8,48.5,188.4,22.9,260.5,6.47,197.17,0,0,1.53
Wheat,2023,Rabi,516.3,22.4,42.6,269.0,51.2,217.9,7.9,70.05,1,0,3.3
Rice,2015,Kharif,1315.1,30.4,77.0,183.4,50.4,208.1,6.94,69.54,0,0,4.07
Maize,2016,Kharif,741.7,25.6,67.6,165.2,48.2,122.9,6.87,1.11,1,1,4.44
Soybean,2015,Kharif,718.2,26.8,61.0,167.6,43.9,219.8,7.24,359.64,0,0,2.84
Maize,2017,Kharif,780.5,25.8,51.4,211.8,52.5,251.0,6.99,16.83,0,0,3.97
Soybean,2024,Kharif,711.3,28.3,72.0,100.4,42.4,118.0,6.6,173.44,0,1,2.17
Wheat,2020,Rabi,558.0,24.5,65.1,251.8,59.6,208.2,6.81,488.77,1,1,4.14
Soybean,2023,Kharif,841.2,27.4,69.1,126.4,47.6,180.3,6.64,36.2,1,0,3.01
Maize,2024,Kharif,719.4,27.1,73.4,274.8,37.4,172.6,6.8,251.73,0,1,5.28
Wheat,2020,Rabi,493.4,21.5,49.9,196.2,46.8,227.9,7.47,327.71,0,1,3.38
Cotton,2019,Kharif,814.6,27.9,54.6,144.7,43.9,267.3,7.47,71.46,1,0,2.39
Cotton,2015,Kharif,833.4,30.3,64.1,167.0,27.9,222.9,7.75,281.37,1,1,1.85
Wheat,2022,Rabi,586.9,20.2,37.4,231.7,31.6,154.0,6.28,293.67,0,1,1.89
Wheat,2024,Rabi,467.0,20.8,50.7,182.9,54.5,216.6,7.09,158.73,0,1,3.26
Cotton,2022,Kharif,782.4,27.2,63.0,204.2,27.1,228.3,7.24,357.63,0,1,2.22
Cotton,2018,Kharif,666.4,27.5,66.0,175.7,46.3,231.9,6.67,476.08,1,1,2.58
Wheat,2019,Rabi,445.0,20.8,64.0,237.7,59.5,141.8,6.83,95.98,1,1,3.54
Wheat,2022,Rabi,493.4,25.3,67.9,266.4,40.9,220.5,7.07,422.67,0,0,2.35
Wheat,2024,Rabi,534.6,20.3,36.1,263.0,59.5,279.2,7.48,298.62,0,0,3.32
Rice,2024,Kharif,1237.7,29.9,75.6,214.6,39.9,316.3,5.87,255.97,0,0,4.01
Maize,2017,Kharif,656.0,29.0,51.8,240.8,49.1,244.1,7.4,171.48,1,0,4.25
Cotton,2021,Kharif,733.3,29.0,77.5,162.6,35.1,216.3,7.23,423.93,0,1,1.58
Wheat,2022,Rabi,485.5,23.8,65.5,224.5,53.2,197.3,7.25,464.37,1,1,4.1
Cotton,2024,Kharif,809.9,28.2,49.8,213.5,52.1,210.0,7.15,83.96,0,1,3.2
Wheat,2019,Rabi,629.8,20.9,64.3,246.4,61.2,191.4,7.21,364.28,1,0,3.97
Soybean,2024,Kharif,733.7,28.2,65.2,117.3,67.0,263.7,6.69,368.83,0,1,4.04
Soybean,2022,Kharif,739.6,29.4,62.7,109.6,61.2,179.1,6.6,238.22,1,1,3.59
Maize,2023,Kharif,653.7,26.8,61.2,181.9,49.1,296.8,7.08,27.32,1,0,4.94
Wheat,2022,Rabi,613.6,22.4,40.4,262.0,55.6,160.0,7.26,308.99,1,0,3.66
Cotton,2020,Kharif,814.0,25.5,58.5,182.5,27.8,230.5,6.83,85.71,0,1,1.98
Sugarcane,2016,Summer,1119.5,32.9,73.9,300.0,64.5,368.1,6.88,189.12,1,0,90.65
Rice,2024,Kharif,1395.4,29.8,76.2,231.8,33.3,224.7,7.17,359.9,0,1,3.48
Cotton,2024,Kharif,671.7,27.3,56.8,175.9,43.1,196.5,7.19,472.16,1,1,2.83
Cotton,2024,Kharif,806.4,29.7,69.1,147.0,51.4,215.5,6.85,408.51,1,0,2.23
Soybean,2022,Kharif,636.4,25.3,59.8,116.7,46.3,129.5,6.54,314.11,1,1,2.47
Rice,2023,Kharif,1118.7,28.6,78.5,162.1,61.9,206.4,7.07,434.9,0,1,4.01
Cotton,2019,Kharif,884.5,28.4,68.8,173.8,36.8,158.6,6.76,145.33,0,1,1.83
Sugarcane,2022,Summer,1133.8,31.9,85.3,274.8,76.4,339.1,6.8,331.01,0,1,102.13
Wheat,2018,Rabi,572.8,23.3,50.6,190.1,38.6,243.6,7.02,378.71,1,1,3.74
Rice,2016,Kharif,1196.9,32.3,81.9,186.5,43.8,174.8,6.42,88.66,0,1,3.49
Soybean,2017,Kharif,795.8,29.6,69.7,80.0,46.3,146.1,6.75,261.25,0,1,2.05
Rice,2015,Kharif,1260.8,30.1,86.1,202.3,39.9,227.5,6.49,493.36,0,1,4.45
Wheat,2020,Rabi,570.2,24.5,46.6,191.1,68.3,263.8,6.34,476.12,1,1,3.74
Soybean,2019,Kharif,789.1,27.1,78.0,128.1,32.0,100.0,6.61,285.86,1,0,2.11
Cotton,2020,Kharif,788.2,27.8,57.5,188.0,34.8,227.1,6.76,65.48,0,1,1.94
Maize,2018,Kharif,875.7,27.3,68.9,237.6,52.1,218.4,6.78,119.91,0,1,5.0
Maize,2020,Kharif,651.3,26.2,78.1,209.0,40.3,242.1,7.04,462.99,1,1,6.23
Rice,2021,Kharif,1282.5,33.9,87.6,144.9,35.2,236.1,6.14,483.34,0,1,2.41
Soybean,2016,Kharif,856.2,27.2,73.4,111.1,60.4,171.3,7.04,4.39,1,1,3.21
Wheat,2024,Rabi,626.1,21.3,58.2,193.5,58.5,199.0,7.13,139.86,0,1,3.46
Soybean,2022,Kharif,694.1,28.8,57.0,84.2,28.9,217.9,6.81,438.97,0,1,1.94
Soybean,2022,Kharif,820.4,26.2,57.1,123.9,46.6,179.3,7.25,253.46,1,1,3.05
Soybean,2024,Kharif,924.9,29.3,49.1,165.4,32.0,242.7,6.43,222.65,0,1,2.43
Cotton,2024,Kharif,673.4,27.9,52.5,118.9,40.4,210.0,6.78,316.23,0,0,1.33
Cotton,2015,Kharif,873.0,25.0,62.0,164.1,39.4,283.8,7.32,228.08,0,1,2.14
Soybean,2016,Kharif,693.7,26.8,67.8,130.1,42.3,162.5,6.08,264.82,0,1,2.51
Cotton,2017,Kharif,781.1,28.8,51.6,203.1,50.4,259.8,6.93,244.78,0,1,2.33
Cotton,2021,Kharif,846.8,28.3,64.1,189.7,35.7,253.6,7.33,68.7,0,1,2.08
Soybean,2018,Kharif,676.3,23.5,70.3,194.1,60.8,209.2,6.94,232.54,1,1,3.54
Maize,2018,Kharif,847.9,26.3,64.2,227.2,49.4,154.4,6.55,20.93,0,1,4.95
Wheat,2015,Rabi,581.8,24.1,61.7,208.1,53.5,245.1,7.62,169.78,1,1,3.42
Cotton,2019,Kharif,829.7,28.0,63.1,263.3,40.3,190.6,7.24,70.71,1,1,2.51
Rice,2020,Kharif,1391.5,29.6,85.6,207.0,42.4,189.1,5.69,51.84,1,1,4.28
Cotton,2020,Kharif,714.8,28.1,58.7,178.1,43.9,248.3,6.91,201.17,1,1,2.87
Rice,2019,Kharif,1381.3,27.8,85.8,200.9,38.4,188.3,7.04,446.66,1,0,3.0
Rice,2024,Kharif,1304.0,31.3,87.4,207.0,44.4,243.2,5.95,309.52,1,1,4.69
Cotton,2021,Kharif,753.8,28.8,67.0,191.9,32.3,196.4,7.0,88.77,0,1,1.94
Rice,2015,Kharif,1244.6,30.5,75.8,230.4,29.4,252.6,6.08,377.66,0,1,3.74
Soybean,2024,Kharif,788.1,24.3,78.4,122.3,36.2,152.9,6.99,99.14,1,0,2.09
Maize,2018,Kharif,727.5,26.2,67.8,182.9,60.7,229.9,6.44,72.79,0,1,6.14
Rice,2021,Kharif,917.1,30.8,80.6,163.2,40.8,239.4,6.06,9.82,0,0,2.84
Rice,2024,Kharif,1213.6,30.4,80.7,163.6,60.6,167.2,6.81,343.65,0,1,4.0
Maize,2024,Kharif,592.9,28.3,73.5,184.3,40.0,251.2,6.77,225.19,1,1,4.88
Rice,2018,Kharif,1104.0,31.4,90.0,191.5,48.5,212.5,5.86,313.75,0,1,3.12
Rice,2018,Kharif,1214.1,28.8,86.9,173.8,43.2,192.9,6.27,457.99,0,1,4.06
Cotton,2017,Kharif,810.9,29.5,69.8,233.3,36.3,189.2,7.0,410.6,0,0,1.92
Soybean,2019,Kharif,775.4,28.9,57.1,95.6,58.4,169.4,6.16,250.52,0,1,2.29
Rice,2019,Kharif,1007.6,30.1,90.0,202.0,42.5,285.8,6.3,119.0,0,1,3.15
Cotton,2021,Kharif,766.4,25.7,53.6,183.9,34.3,280.2,6.21,373.46,0,1,2.09
Cotton,2021,Kharif,842.2,28.5,36.8,168.0,34.4,251.8,7.15,27.4,1,0,1.94
Cotton,2024,Kharif,844.5,32.4,51.4,156.0,38.0,183.6,7.05,457.51,0,1,1.85
Maize,2023,Kharif,833.2,25.7,58.2,222.8,33.7,229.2,6.81,83.12,0,1,4.14
Soybean,2018,Kharif,694.8,24.7,71.3,103.1,42.6,157.2,7.25,388.63,1,1,2.07
Soybean,2024,Kharif,824.5,26.5,67.2,126.3,58.1,177.3,6.45,52.71,1,0,3.33
Wheat,2018,Rabi,511.7,19.7,50.6,237.3,55.4,209.6,7.44,41.25,1,1,3.61
Soybean,2015,Kharif,975.8,27.5,71.1,80.0,60.5,210.0,6.38,137.5,0,1,2.53
Rice,2023,Kharif,1134.6,30.8,82.8,162.1,47.9,240.9,6.45,252.11,1,1,5.34
Cotton,2020,Kharif,813.9,29.2,65.3,181.9,48.9,260.8,6.67,133.85,0,0,2.26
Soybean,2024,Kharif,724.1,28.2,67.7,126.3,41.9,221.4,6.54,428.22,0,0,2.56
Soybean,2019,Kharif,767.5,25.0,56.7,145.7,58.0,180.5,6.7,118.61,1,1,3.38
Maize,2015,Kharif,768.8,32.0,60.3,180.1,60.8,213.2,7.24,237.8,0,1,3.57
Wheat,2020,Rabi,539.8,18.0,52.9,216.0,57.6,194.7,7.04,286.81,0,1,2.89
Soybean,2021,Kharif,606.9,25.5,64.3,98.5,41.9,235.4,6.95,162.25,0,1,2.56
Cotton,2019,Kharif,646.9,29.5,65.3,189.2,38.0,272.8,6.68,11.55,0,1,1.92
Soybean,2024,Kharif,789.1,30.1,64.3,80.0,45.8,130.1,6.78,134.5,0,0,1.85
Cotton,2015,Kharif,739.3,27.1,70.8,155.8,40.6,247.4,6.74,393.57,0,1,1.93
Rice,2024,Kharif,1290.9,28.9,79.9,197.3,42.0,201.1,6.59,266.89,0,1,4.41
Rice,2022,Kharif,1299.9,28.6,80.3,163.4,38.4,185.4,6.61,94.49,0,1,3.37
Wheat,2023,Rabi,437.9,21.2,48.3,155.4,62.9,202.2,6.64,103.16,1,1,3.78
Wheat,2015,Rabi,535.9,21.2,54.8,186.6,58.7,204.2,7.19,8.83,0,0,3.33
Cotton,2019,Kharif,665.0,26.0,60.0,172.4,32.3,268.4,6.74,460.1,1,0,2.01
Maize,2022,Kharif,774.3,28.3,61.0,209.4,41.8,189.3,6.34,183.91,0,0,4.09
Wheat,2019,Rabi,610.1,22.8,62.1,223.4,46.0,230.3,7.35,277.5,0,1,3.66
Rice,2024,Kharif,1321.3,29.4,77.5,184.9,44.2,249.7,6.36,6.27,0,1,4.65
Turmeric,2024,Kharif,893.1,30.8,80.1,185.1,54.4,234.3,6.39,237.02,0,0,8.94
Maize,2021,Kharif,794.2,27.3,65.3,194.3,43.9,165.2,7.36,387.77,1,1,4.9
Cotton,2022,Kharif,789.8,29.0,66.4,170.2,46.6,228.9,6.84,483.33,0,0,1.97
Soybean,2022,Kharif,949.1,27.3,72.6,119.0,60.0,147.9,6.93,11.83,1,0,3.06
Soybean,2015,Kharif,726.5,27.2,86.1,103.3,47.8,149.3,7.05,362.04,1,1,1.83
Cotton,2015,Kharif,786.7,26.3,58.2,190.5,41.8,190.8,6.6,489.48,0,0,1.9
Rice,2020,Kharif,1338.0,33.2,82.1,202.7,40.9,155.8,6.4,412.43,0,0,3.49
Sugarcane,2021,Summer,1169.8,36.3,84.7,252.5,80.0,259.3,6.55,105.32,1,1,81.62
Rice,2023,Kharif,1500.0,31.4,90.0,256.8,48.1,260.0,6.23,20.67,1,1,4.74
Cotton,2015,Kharif,654.5,31.9,58.5,176.5,46.5,276.4,7.46,363.91,1,0,2.0
Wheat,2015,Rabi,506.9,18.7,48.7,200.0,49.6,186.8,7.47,330.51,0,0,2.11
Sugarcane,2023,Summer,923.9,33.9,81.8,300.0,54.8,253.0,6.6,367.89,1,0,71.37
Rice,2024,Kharif,1496.5,33.5,71.6,203.0,41.6,259.7,6.59,440.94,0,1,3.58
Wheat,2020,Rabi,518.7,22.0,49.9,187.5,62.6,224.7,7.26,302.36,0,0,3.48
Sugarcane,2017,Summer,1219.1,33.4,82.9,251.3,68.1,323.8,7.22,405.92,0,1,68.95
Cotton,2017,Kharif,659.7,27.9,57.5,171.7,38.9,179.9,7.13,315.31,0,1,2.06
Soybean,2019,Kharif,702.1,28.4,63.1,123.7,51.0,195.3,6.79,66.19,0,0,2.88
Cotton,2015,Kharif,763.9,29.2,56.4,199.0,35.0,203.0,6.78,422.91,1,1,2.59
Maize,2016,Kharif,788.6,27.0,66.1,211.2,50.8,132.7,6.69,117.07,0,1,4.81
Wheat,2023,Rabi,482.2,21.6,57.2,216.8,55.2,227.8,6.37,43.97,1,1,4.34
Soybean,2021,Kharif,852.7,30.4,76.7,132.3,45.2,191.5,6.43,1.8,0,1,2.13
Soybean,2024,Kharif,765.9,27.9,59.5,144.8,51.8,188.9,6.24,281.49,0,0,2.58
Wheat,2015,Rabi,495.5,23.1,52.2,247.5,52.9,195.8,8.15,144.21,0,1,3.2
Wheat,2021,Rabi,553.7,23.4,61.1,192.9,63.1,170.4,7.04,183.65,1,1,4.14
Soybean,2024,Kharif,795.0,29.4,62.4,151.3,42.0,225.3,6.73,101.24,0,1,3.27
Wheat,2016,Rabi,588.9,19.1,68.6,238.0,41.2,180.6,6.85,473.98,0,1,2.48
Wheat,2018,Rabi,531.5,19.3,38.7,286.0,39.3,158.4,6.65,362.47,0,1,2.39
Cotton,2019,Kharif,737.7,30.5,62.2,215.7,33.5,263.7,7.17,148.79,1,1,2.53
Soybean,2022,Kharif,754.6,29.1,67.5,120.3,46.2,100.0,7.01,415.49,1,1,2.85
Soybean,2017,Kharif,792.0,29.1,76.3,89.6,63.6,158.8,6.97,37.3,1,0,2.52
Wheat,2021,Rabi,576.1,22.7,47.8,196.0,43.4,100.0,6.87,2.95,0,1,2.39
Cotton,2024,Kharif,772.3,25.0,67.8,237.2,28.5,209.6,6.7,428.66,0,0,1.66
Cotton,2015,Kharif,785.9,27.9,63.6,154.1,44.5,214.2,6.63,429.02,0,0,1.99
Cotton,2024,Kharif,799.3,28.4,55.9,194.3,26.0,198.4,7.09,57.51,1,1,2.41
Cotton,2023,Kharif,795.4,26.6,72.9,246.7,53.1,316.1,7.62,88.61,0,1,2.88
Soybean,2018,Kharif,665.7,26.5,72.0,126.5,49.8,174.5,6.44,57.31,1,1,2.97
Wheat,2015,Rabi,615.5,22.4,41.1,181.3,63.7,187.1,6.83,299.84,0,1,2.75
Cotton,2024,Kharif,900.9,28.5,61.3,181.2,51.1,222.1,6.83,183.25,0,1,2.52
Sugarcane,2017,Summer,1044.3,33.2,76.5,213.6,76.8,362.1,6.55,355.18,0,1,80.77
Sugarcane,2016,Summer,935.7,33.3,89.6,254.0,76.8,367.4,7.07,195.75,0,1,72.18
Soybean,2020,Kharif,760.5,27.2,55.1,126.0,57.3,113.8,7.12,36.8,0,1,2.6
Soybean,2016,Kharif,714.7,30.2,56.3,115.4,31.8,177.9,6.32,153.89,0,0,1.43
Rice,2019,Kharif,1243.6,31.4,76.1,92.5,51.2,233.2,6.34,383.85,0,1,2.69
Sugarcane,2024,Summer,1079.6,36.0,82.1,280.7,67.6,253.3,7.19,58.59,1,1,75.97
Maize,2023,Kharif,649.3,25.8,58.2,226.4,47.8,156.0,6.58,242.05,0,1,5.02
Sugarcane,2019,Summer,1254.7,29.7,85.9,265.4,69.0,258.2,6.41,425.41,1,1,78.53
Cotton,2015,Kharif,798.3,24.1,62.3,170.2,41.0,280.6,7.1,238.11,0,1,2.3
Cotton,2016,Kharif,793.4,30.0,51.2,153.6,28.3,139.5,7.72,122.23,1,0,1.28
Turmeric,2016,Kharif,803.3,31.8,65.1,161.2,51.4,314.4,6.45,149.78,0,1,6.06
Wheat,2023,Rabi,554.3,25.6,44.2,256.9,54.2,234.7,6.74,177.43,0,1,3.17
Maize,2015,Kharif,768.7,30.6,63.0,185.3,51.1,227.7,7.07,120.73,0,1,4.06
Maize,2023,Kharif,645.7,27.6,67.9,226.3,41.5,242.2,6.34,194.2,0,1,4.9
Rice,2021,Kharif,1207.6,27.9,74.6,259.1,58.4,289.0,6.88,247.18,0,1,5.15
Soybean,2019,Kharif,750.3,26.2,72.2,110.2,53.2,224.0,7.07,431.62,0,1,2.97
Soybean,2017,Kharif,802.3,25.8,65.2,147.2,56.9,189.6,7.08,242.41,0,0,2.72
Cotton,2016,Kharif,802.0,27.7,55.3,124.6,37.1,223.4,6.4,121.9,1,1,2.04
Wheat,2020,Rabi,580.1,22.4,52.3,260.6,58.2,149.5,6.85,155.61,0,0,3.34
Cotton,2024,Kharif,855.2,26.2,62.5,193.0,35.9,175.8,6.74,332.39,0,1,1.9
Cotton,2021,Kharif,877.6,27.5,53.8,151.9,30.5,216.6,6.99,453.82,0,1,2.01
Wheat,2020,Rabi,620.7,23.3,75.3,224.6,50.2,229.5,6.8,264.05,1,0,2.87
Wheat,2019,Rabi,516.4,23.6,32.3,246.6,37.6,178.7,7.74,309.29,1,0,2.49
Rice,2021,Kharif,1185.0,30.8,84.9,182.0,53.5,219.0,6.39,219.82,1,1,5.76
Cotton,2022,Kharif,641.3,27.7,39.4,171.2,37.9,233.3,6.21,228.59,0,1,1.47
Cotton,2016,Kharif,809.8,25.8,58.8,181.7,31.0,196.9,7.2,252.96,0,1,1.84
Wheat,2018,Rabi,445.2,22.1,57.7,279.9,60.2,186.0,6.78,397.54,0,0,3.04
Sugarcane,2022,Summer,905.8,33.5,83.6,210.9,56.4,276.6,6.67,429.38,0,1,63.81
Maize,2016,Kharif,721.4,23.4,66.0,195.3,51.4,224.5,6.66,409.89,1,0,4.81
Sugarcane,2016,Summer,1208.2,30.7,77.9,296.7,51.7,220.6,7.3,464.77,1,1,63.2
Sugarcane,2024,Summer,1081.0,34.0,76.6,273.2,74.1,288.6,6.69,481.99,1,0,88.45
Cotton,2015,Kharif,854.5,24.1,60.4,185.5,35.5,255.8,7.22,264.22,1,1,2.47
Rice,2016,Kharif,1210.2,31.1,78.9,201.0,49.1,200.7,6.84,320.05,0,1,3.53
Cotton,2020,Kharif,839.9,27.3,48.1,197.2,35.7,252.5,7.66,303.81,0,1,2.25
Soybean,2023,Kharif,752.5,29.6,58.5,158.2,60.4,190.6,6.05,95.0,0,0,2.97
Rice,2017,Kharif,1333.4,30.8,90.0,197.6,54.5,235.0,5.63,248.65,0,0,2.68
Wheat,2016,Rabi,496.4,19.9,51.6,248.8,43.8,200.7,6.78,260.06,0,1,3.49
Maize,2021,Kharif,628.9,29.6,76.1,227.2,55.9,165.2,7.62,290.3,1,0,4.03
Rice,2021,Kharif,1500.0,27.6,78.8,195.2,38.2,249.9,6.42,235.05,0,1,3.13
Soybean,2018,Kharif,717.1,27.5,69.3,85.5,32.0,102.2,6.41,272.16,0,0,1.43
Cotton,2017,Kharif,757.0,26.8,70.3,182.2,49.8,209.3,6.89,28.5,1,1,2.97
Maize,2015,Kharif,598.5,28.6,65.8,142.2,45.5,249.3,6.39,170.49,1,1,4.71
Turmeric,2017,Kharif,871.9,24.5,73.4,138.0,34.8,280.3,6.79,202.95,0,0,5.51
Rice,2015,Kharif,1211.6,30.1,86.8,204.8,36.0,241.1,6.68,146.42,0,1,4.0
Cotton,2015,Kharif,863.7,28.9,55.7,194.3,29.4,264.5,6.69,438.98,1,1,2.46
Turmeric,2018,Kharif,954.7,27.7,67.1,184.8,59.9,234.9,6.83,253.67,1,0,8.06
Wheat,2022,Rabi,502.2,20.1,55.8,278.6,59.4,242.9,6.27,57.32,1,1,3.94
Wheat,2022,Rabi,527.1,24.2,53.8,200.7,54.9,217.2,6.73,423.14,0,0,2.81
Maize,2023,Kharif,657.8,28.4,67.1,260.7,40.2,298.3,6.85,96.74,0,1,5.75
Wheat,2015,Rabi,625.5,19.1,48.6,255.0,50.2,233.1,6.58,271.75,0,1,2.81
Cotton,2018,Kharif,849.8,31.3,61.9,150.0,53.0,299.7,7.19,271.61,0,1,2.38
Wheat,2016,Rabi,558.3,22.2,44.5,188.6,65.8,217.7,6.96,412.49,1,1,3.93
Soybean,2016,Kharif,766.7,27.4,53.9,105.9,49.7,163.4,7.12,420.48,1,1,2.81
Sugarcane,2023,Summer,1228.5,30.3,73.8,238.6,49.2,329.5,7.39,95.56,1,0,58.93
Cotton,2022,Kharif,776.7,27.8,55.6,178.7,36.7,191.9,7.06,163.46,1,1,2.22
Soybean,2020,Kharif,631.4,28.7,70.7,143.9,62.2,257.1,7.13,344.88,0,0,2.8
Cotton,2022,Kharif,802.6,27.8,66.1,223.8,36.3,199.0,7.21,421.07,0,1,2.23
Turmeric,2016,Kharif,948.3,33.6,68.6,202.9,58.3,209.4,6.48,259.3,1,1,7.9
Maize,2024,Kharif,717.9,25.0,74.6,190.0,54.8,187.6,6.75,369.44,0,1,4.65
Cotton,2021,Kharif,825.6,31.1,69.8,177.1,37.3,207.6,7.05,178.29,0,0,1.38
Cotton,2019,Kharif,812.6,27.0,50.3,184.9,32.4,287.5,6.86,73.15,1,0,2.23
Wheat,2022,Rabi,528.8,23.7,60.7,239.9,71.1,216.8,8.3,90.64,1,1,3.77
Cotton,2022,Kharif,781.9,30.6,60.4,236.4,45.8,224.1,7.4,494.88,0,1,2.64
Wheat,2022,Rabi,572.0,22.0,59.1,173.1,67.3,240.1,7.37,289.01,1,1,4.81
Soybean,2019,Kharif,751.5,27.1,45.2,80.0,48.5,226.5,7.26,167.77,0,1,2.52
Cotton,2018,Kharif,845.5,26.0,66.7,239.1,35.7,180.0,6.74,302.19,1,0,1.91
Turmeric,2016,Kharif,869.9,26.0,63.3,121.8,58.9,200.8,6.54,129.22,0,0,4.44
Rice,2019,Kharif,1106.9,25.9,76.1,272.7,47.9,235.8,6.4,427.52,1,0,4.6
Wheat,2017,Rabi,620.0,22.8,54.8,257.9,44.2,176.4,7.71,220.31,0,1,3.49
Wheat,2016,Rabi,607.4,21.5,40.0,179.7,50.5,210.1,7.78,285.92,0,1,2.55
Soybean,2016,Kharif,818.2,27.2,79.4,159.5,37.9,255.6,7.03,419.76,0,1,2.45
Sugarcane,2020,Summer,1031.4,37.4,76.7,258.3,55.8,368.0,7.12,366.2,0,1,61.98
Turmeric,2019,Kharif,849.5,30.7,77.0,174.5,25.1,250.0,6.35,442.58,1,0,7.39
Wheat,2015,Rabi,400.0,19.3,48.6,235.3,54.4,198.2,7.32,340.18,1,1,3.26
Soybean,2017,Kharif,721.7,27.8,68.5,89.4,41.6,181.0,7.36,426.82,1,1,2.38
Wheat,2020,Rabi,585.6,19.7,60.0,184.1,50.2,208.1,7.64,444.53,0,1,2.77
Maize,2020,Kharif,759.3,26.3,64.3,185.9,50.8,246.4,6.37,265.37,1,1,6.0
Turmeric,2017,Kharif,953.7,28.5,73.0,204.9,43.7,322.6,6.48,130.35,0,0,9.38
Wheat,2018,Rabi,473.3,24.0,58.3,227.0,62.7,218.7,6.88,241.92,0,1,3.5
Rice,2017,Kharif,1385.3,31.9,70.3,171.6,51.9,237.3,6.89,228.21,1,0,3.53
Maize,2018,Kharif,636.3,23.8,59.9,169.2,56.7,178.6,7.14,421.68,0,1,3.38
Wheat,2023,Rabi,457.2,22.3,50.7,175.1,62.2,206.2,7.65,115.81,0,1,3.17
Cotton,2016,Kharif,747.9,27.9,62.2,161.3,46.7,293.3,6.82,135.26,1,1,3.0
Wheat,2017,Rabi,626.4,21.1,45.6,300.0,44.6,152.6,6.91,88.66,1,1,3.81
Sugarcane,2019,Summer,903.6,30.8,69.6,300.0,54.2,365.4,7.56,482.86,0,1,66.11
Soybean,2016,Kharif,782.0,26.7,70.1,116.8,59.6,100.0,7.14,365.48,0,1,2.61
Maize,2018,Kharif,714.4,24.8,69.7,252.5,44.5,197.6,6.7,120.61,0,0,4.1
Maize,2023,Kharif,586.2,27.0,71.7,132.0,50.0,146.4,7.1,24.66,1,1,3.86
Rice,2017,Kharif,1285.6,28.2,74.3,225.8,39.4,254.4,6.87,86.68,0,0,3.42
Soybean,2020,Kharif,773.2,23.4,67.6,87.9,64.8,197.2,6.53,32.7,0,1,2.57
Soybean,2023,Kharif,881.6,27.0,70.1,84.9,17.5,188.5,7.53,121.56,1,0,1.8
Cotton,2020,Kharif,760.0,29.0,59.5,208.7,28.8,181.0,7.57,27.08,1,1,2.08
Rice,2019,Kharif,1263.8,27.1,74.6,175.3,47.9,213.0,6.02,29.14,1,0,3.08
Maize,2022,Kharif,661.0,29.8,70.1,237.2,49.1,178.5,6.76,283.94,1,0,5.3
Cotton,2017,Kharif,823.6,27.5,65.5,153.4,37.3,248.1,6.19,157.37,0,1,2.33
Cotton,2019,Kharif,770.2,24.8,69.5,169.6,53.6,177.5,6.49,263.85,0,0,1.76
Rice,2017,Kharif,1464.4,27.5,79.5,201.7,46.7,262.7,6.74,456.69,1,1,4.51
Cotton,2017,Kharif,870.6,31.1,53.9,184.4,34.4,287.7,6.88,7.96,1,1,2.42
Wheat,2015,Rabi,445.6,23.8,53.4,237.5,55.1,184.3,7.67,199.65,0,1,3.04
Cotton,2024,Kharif,844.1,29.0,67.0,164.1,36.1,183.8,6.59,309.23,1,0,1.6
Wheat,2024,Rabi,538.1,20.6,59.5,187.4,61.8,242.3,6.39,492.98,1,1,4.38
Wheat,2022,Rabi,630.8,21.4,53.5,219.2,62.1,251.6,7.79,232.83,1,1,4.67
Maize,2021,Kharif,730.7,28.2,63.9,256.1,49.4,191.5,6.44,7.2,1,0,5.97
Sugarcane,2020,Summer,1190.2,34.9,81.5,243.8,71.0,318.0,6.83,264.38,1,1,87.34
Rice,2023,Kharif,1177.1,29.0,71.4,154.9,45.5,276.5,7.2,372.03,1,1,4.23
Soybean,2020,Kharif,694.7,27.4,71.4,138.1,66.5,219.4,7.07,487.79,0,1,3.55
Turmeric,2019,Kharif,864.0,31.1,73.3,116.2,53.2,245.0,6.95,159.18,1,1,8.45
Cotton,2023,Kharif,739.0,27.2,53.9,191.5,29.5,204.1,6.84,75.78,1,0,2.1
Rice,2019,Kharif,1318.1,26.9,77.1,209.5,51.4,255.1,6.12,27.47,0,0,3.62
Sugarcane,2023,Summer,1211.5,33.7,81.2,267.7,61.4,304.9,7.44,99.71,1,0,71.28
Rice,2017,Kharif,1224.2,27.5,84.3,208.4,39.7,254.8,6.78,8.62,0,0,3.47
Cotton,2023,Kharif,757.6,28.8,56.8,155.7,25.3,226.3,7.28,210.34,0,0,1.72
Rice,2024,Kharif,1148.5,29.4,81.2,190.5,36.2,171.1,6.9,332.89,1,1,4.12
Soybean,2017,Kharif,681.1,26.9,67.0,159.6,35.9,129.5,7.56,245.08,1,1,2.41
Wheat,2024,Rabi,545.1,24.1,69.0,239.9,65.9,211.7,7.54,162.62,0,1,2.79
Maize,2021,Kharif,643.9,27.5,51.3,183.6,51.9,266.2,6.17,194.67,0,1,4.5
Maize,2019,Kharif,775.4,25.7,64.8,164.6,43.7,207.0,6.47,210.27,1,1,5.22
Cotton,2016,Kharif,697.9,30.4,52.3,165.6,33.0,205.6,6.72,141.07,1,0,1.63
Maize,2023,Kharif,699.1,27.0,66.9,259.9,74.7,221.6,6.96,257.03,1,1,7.06
Rice,2024,Kharif,1375.9,29.9,77.9,157.5,44.7,181.6,6.58,249.05,1,1,4.1
Wheat,2016,Rabi,550.5,24.4,55.5,244.0,50.8,234.2,7.09,53.94,0,1,3.49
Rice,2020,Kharif,1410.6,30.5,82.0,189.4,51.6,190.4,6.77,447.4,0,1,3.64
Wheat,2023,Rabi,520.9,22.5,50.0,170.2,50.4,136.3,6.97,268.56,0,1,3.03
Wheat,2018,Rabi,461.1,18.1,55.0,289.7,73.3,169.6,6.98,102.56,0,1,3.73
Soybean,2017,Kharif,720.4,25.3,67.1,107.9,54.6,123.0,7.53,473.64,0,1,2.34
Wheat,2018,Rabi,551.3,21.1,50.2,214.2,63.1,127.0,7.13,324.61,0,1,3.14
Rice,2020,Kharif,1453.2,30.0,82.9,178.4,52.2,207.0,6.38,119.39,0,1,5.07
Sugarcane,2022,Summer,1205.2,34.3,80.8,266.3,71.0,264.4,6.83,32.87,0,0,73.45
Rice,2022,Kharif,1032.9,29.7,75.9,140.9,40.3,220.0,6.44,403.4,0,1,3.14
Soybean,2017,Kharif,747.6,28.5,72.1,135.0,43.5,164.5,7.14,16.36,1,1,3.23
Cotton,2020,Kharif,804.4,29.9,63.4,169.0,42.3,173.4,6.81,164.46,0,1,1.92
Soybean,2021,Kharif,838.9,25.0,62.7,103.4,62.1,159.9,6.57,245.73,0,1,2.93
Cotton,2017,Kharif,794.6,27.8,62.1,249.9,41.3,164.9,6.97,226.68,0,0,2.03
Cotton,2018,Kharif,868.3,26.4,62.0,206.4,43.8,277.9,7.0,253.88,0,1,2.76
Cotton,2021,Kharif,876.8,30.6,45.6,124.8,47.2,205.3,7.43,201.57,1,1,1.9
Rice,2020,Kharif,1385.0,31.3,75.3,221.3,50.1,186.2,6.09,421.12,1,0,3.67
Wheat,2023,Rabi,550.4,22.5,50.9,204.3,80.0,204.3,7.27,42.25,0,0,3.73
Wheat,2023,Rabi,580.5,23.2,61.2,212.2,41.0,235.3,7.41,227.66,0,1,3.74
Rice,2016,Kharif,1169.4,29.4,74.5,150.9,61.7,239.1,6.28,3.18,1,0,4.06
Maize,2024,Kharif,668.7,24.6,55.6,183.7,58.0,212.9,6.65,4.63,0,1,5.5
Cotton,2015,Kharif,806.2,28.1,64.7,223.8,50.7,254.8,7.57,38.47,1,1,3.74
Turmeric,2016,Kharif,952.8,32.0,78.1,234.1,50.2,241.7,6.9,98.66,0,1,8.93
Cotton,2018,Kharif,765.1,28.7,61.4,219.4,34.5,259.1,6.83,363.83,0,0,2.1
Soybean,2017,Kharif,788.9,23.7,51.6,148.0,36.3,191.5,7.11,390.98,1,0,2.45
Maize,2023,Kharif,811.8,27.3,62.5,267.2,55.3,148.6,6.28,327.63,1,1,6.83
Soybean,2015,Kharif,832.6,24.3,70.1,140.0,70.6,199.6,7.3,277.61,0,1,2.89
Maize,2015,Kharif,777.2,31.1,60.7,179.2,50.8,243.3,7.3,229.87,1,1,4.69
Wheat,2015,Rabi,518.0,26.1,59.6,164.2,62.6,235.8,7.73,201.75,0,0,2.49
Cotton,2018,Kharif,813.1,26.0,70.5,211.8,36.5,290.1,6.62,153.48,0,1,2.22
Cotton,2015,Kharif,713.2,27.6,45.5,176.1,56.9,111.3,6.34,351.51,1,1,1.91
Turmeric,2022,Kharif,758.1,30.4,70.0,192.3,55.3,264.6,6.22,409.73,0,0,5.94
Wheat,2016,Rabi,589.8,21.1,47.2,254.3,59.7,206.7,7.21,138.78,1,1,5.22
Cotton,2015,Kharif,738.0,30.3,53.2,188.2,39.5,241.9,6.84,103.05,0,1,1.78
Wheat,2016,Rabi,488.6,21.7,67.4,177.1,55.8,193.0,7.25,51.94,1,1,3.32
Soybean,2022,Kharif,756.9,27.4,82.6,80.0,45.6,264.9,7.5,73.21,1,0,2.07
Turmeric,2022,Kharif,885.0,31.0,79.4,191.6,51.7,270.4,7.15,275.76,0,1,7.17
Rice,2018,Kharif,1235.2,32.9,85.3,283.3,51.7,195.3,6.43,126.89,1,1,6.19
Wheat,2019,Rabi,549.5,19.8,44.7,277.4,65.8,228.3,7.19,205.19,0,1,4.1
Rice,2017,Kharif,1038.5,30.6,76.7,184.8,31.8,294.8,6.35,167.42,0,1,4.17
Wheat,2017,Rabi,524.6,21.1,59.3,228.0,54.8,174.5,6.8,467.39,0,0,2.58
Turmeric,2018,Kharif,1045.6,30.4,74.4,162.5,74.5,349.3,6.76,8.81,1,1,11.95
Maize,2020,Kharif,694.7,26.4,68.5,230.6,74.3,229.2,6.0,454.55,1,0,5.66
Sugarcane,2020,Summer,1063.4,32.5,77.2,190.2,71.6,308.5,6.96,224.74,0,0,61.36
Cotton,2020,Kharif,869.0,28.0,48.9,175.3,39.5,167.0,6.91,349.62,1,1,2.37
Soybean,2017,Kharif,689.8,25.2,62.5,95.0,44.7,205.5,7.39,378.94,0,1,2.41
Wheat,2019,Rabi,566.7,26.2,66.7,176.2,45.2,185.2,6.88,73.86,0,1,2.23
Cotton,2018,Kharif,856.6,28.9,69.4,138.7,36.2,337.7,7.16,471.51,1,0,2.14
Wheat,2019,Rabi,528.4,22.1,49.6,202.1,53.1,219.1,7.53,222.96,1,1,3.93
Wheat,2020,Rabi,492.7,24.6,61.9,270.8,42.3,169.3,6.37,83.2,0,0,2.34
Sugarcane,2016,Summer,948.9,29.7,80.4,236.1,50.4,279.7,7.16,494.6,0,0,52.66
Wheat,2020,Rabi,586.5,22.9,59.6,252.6,59.0,189.1,7.36,231.02,1,1,4.28
Sugarcane,2015,Summer,1133.2,29.5,75.2,254.8,50.1,312.1,7.04,148.51,1,1,75.83
Cotton,2016,Kharif,832.6,30.8,66.5,209.5,38.1,246.9,6.58,266.13,1,1,2.05
Soybean,2024,Kharif,838.2,24.5,65.9,107.5,52.7,130.9,6.51,24.47,1,1,3.04
Maize,2020,Kharif,782.3,24.7,50.6,188.6,38.3,218.1,7.02,230.82,0,0,2.7
Cotton,2020,Kharif,771.8,27.7,62.2,164.3,43.2,240.8,7.31,44.34,1,0,2.23
Soybean,2023,Kharif,732.2,29.5,61.8,93.4,60.2,143.0,6.99,388.82,0,1,2.28
Rice,2020,Kharif,1271.1,29.3,89.6,209.5,46.6,220.4,7.32,75.19,0,1,3.25
Soybean,2024,Kharif,672.3,29.6,74.6,120.7,58.9,161.1,6.78,190.72,1,1,2.55
Rice,2015,Kharif,1212.6,28.9,80.0,243.0,48.7,250.0,6.25,104.29,1,1,6.08
Cotton,2021,Kharif,718.6,30.1,62.9,236.0,52.8,311.2,6.86,216.87,0,1,2.81
Cotton,2020,Kharif,793.9,26.3,47.7,184.8,30.2,187.9,7.32,278.87,1,1,2.03
Rice,2015,Kharif,1164.8,28.2,81.6,169.2,33.9,256.0,5.83,110.15,0,1,3.21
Cotton,2023,Kharif,767.7,30.0,48.1,217.8,44.9,223.5,6.18,474.59,0,1,1.9
Cotton,2021,Kharif,758.6,27.9,71.1,237.9,40.4,267.4,7.53,174.64,0,1,2.53
Cotton,2019,Kharif,783.2,30.4,44.2,199.4,31.9,273.3,6.96,330.96,1,0,1.82
Cotton,2024,Kharif,708.9,27.5,60.2,226.3,37.9,193.3,6.69,79.17,1,1,3.4
Soybean,2016,Kharif,747.8,22.7,61.1,149.7,56.7,179.0,6.23,199.05,0,1,2.89
Cotton,2024,Kharif,796.1,28.9,63.7,155.3,35.9,214.4,7.31,429.74,0,1,2.16
Soybean,2017,Kharif,631.5,28.9,57.4,104.0,53.2,136.5,6.65,195.44,1,1,2.67
Cotton,2017,Kharif,845.0,26.8,54.7,142.4,40.2,267.6,7.11,459.21,1,1,2.56
Turmeric,2019,Kharif,883.6,32.8,73.6,175.6,52.7,304.7,6.77,266.45,0,1,8.18
Soybean,2022,Kharif,682.2,28.4,63.4,98.2,65.4,168.2,7.39,153.42,1,0,2.48
Wheat,2021,Rabi,488.8,18.0,50.5,175.2,66.3,175.1,7.07,238.77,0,1,2.95
Sugarcane,2018,Summer,1166.3,30.7,85.4,208.8,55.2,319.8,7.06,372.01,0,1,64.91
Soybean,2016,Kharif,667.8,26.9,66.4,110.3,53.1,233.2,6.54,109.73,1,1,3.73
Soybean,2019,Kharif,736.3,26.5,67.9,157.3,48.4,201.6,6.56,483.12,1,0,4.02
Rice,2019,Kharif,973.3,27.4,89.7,156.3,55.5,286.2,6.53,311.36,0,1,4.12
Sugarcane,2019,Summer,1104.1,32.5,78.6,257.8,54.0,364.2,6.74,324.08,0,1,95.5
Rice,2022,Kharif,1170.8,31.1,75.9,247.7,42.1,328.1,6.3,317.39,1,1,4.97
Turmeric,2019,Kharif,856.6,28.8,83.7,182.6,48.6,237.8,7.04,205.72,0,1,7.64
Wheat,2018,Rabi,541.6,23.4,50.0,233.5,46.9,249.7,7.44,287.0,1,1,4.42
Rice,2024,Kharif,1257.9,29.6,80.6,211.4,48.7,240.1,6.31,297.28,0,0,4.29
Soybean,2024,Kharif,847.1,23.2,70.9,139.0,51.9,159.6,6.42,431.57,0,1,2.71
Cotton,2017,Kharif,852.2,30.1,73.7,178.5,48.8,182.6,7.08,393.84,0,1,1.79
Wheat,2023,Rabi,530.8,19.3,56.2,190.8,48.2,172.1,6.47,261.28,1,1,3.2
Cotton,2024,Kharif,901.9,28.5,53.1,155.2,35.4,161.8,7.57,389.5,1,1,1.98
Cotton,2022,Kharif,757.0,28.6,67.5,149.5,37.1,252.8,7.2,406.12,1,1,2.45
Soybean,2024,Kharif,748.3,26.8,67.5,90.4,49.0,206.1,6.59,455.23,1,1,3.44
Soybean,2019,Kharif,646.9,27.9,74.5,102.1,60.5,191.5,7.23,11.22,0,1,2.51
Sugarcane,2021,Summer,1154.1,32.7,74.0,201.8,51.1,177.5,6.46,55.2,0,1,55.3
Wheat,2024,Rabi,514.6,18.3,61.9,243.5,62.1,246.9,7.45,265.6,0,1,3.42
Wheat,2016,Rabi,508.7,21.8,54.5,170.4,68.0,143.6,6.66,375.06,0,0,2.81
Sugarcane,2017,Summer,1217.8,29.6,80.9,249.1,66.6,342.7,6.49,304.5,0,1,71.21
Wheat,2022,Rabi,568.2,22.4,53.5,214.1,60.6,227.1,7.38,343.78,1,0,4.93
Wheat,2016,Rabi,535.6,21.3,49.0,230.5,62.7,210.5,6.98,252.1,0,0,3.49
Soybean,2019,Kharif,646.1,27.6,69.3,115.6,63.6,173.4,7.34,146.47,1,0,3.01
Wheat,2016,Rabi,601.1,22.2,50.2,274.4,63.3,144.5,7.35,171.17,0,1,3.68
Sugarcane,2018,Summer,1215.4,33.0,74.8,223.4,59.1,323.0,6.54,252.28,1,1,83.93
Wheat,2022,Rabi,648.2,20.7,48.8,200.4,50.4,236.1,7.49,249.01,0,1,3.21
Maize,2015,Kharif,561.7,27.5,62.9,152.8,45.7,125.1,7.79,208.71,0,1,2.74
Wheat,2017,Rabi,548.9,20.2,48.6,236.1,52.1,187.3,7.29,160.49,0,0,2.96
Maize,2022,Kharif,676.2,24.3,63.8,198.7,39.4,254.5,6.42,418.83,0,1,4.72
Rice,2022,Kharif,1362.8,29.3,81.6,196.8,34.5,103.0,6.99,154.41,0,1,2.59
Wheat,2020,Rabi,608.7,26.2,35.9,156.6,45.5,100.0,6.97,116.66,1,1,1.83
Wheat,2017,Rabi,617.5,22.3,52.5,157.2,34.8,235.6,7.97,114.52,0,1,2.1
Soybean,2020,Kharif,754.9,26.9,67.4,113.5,53.7,186.2,6.42,320.38,0,1,3.15
Maize,2017,Kharif,668.6,28.0,69.1,230.3,63.3,203.3,6.77,123.17,1,1,7.77
Wheat,2015,Rabi,559.0,22.2,43.0,189.1,55.9,240.8,7.6,166.28,0,1,3.45
Turmeric,2022,Kharif,945.3,27.8,75.6,205.9,45.9,323.9,5.81,10.21,0,1,9.37
Wheat,2017,Rabi,500.8,19.3,38.1,222.7,72.8,213.1,7.23,174.18,0,0,2.59
Cotton,2023,Kharif,760.8,27.8,60.3,214.6,49.3,237.4,8.05,10.93,1,0,2.66
Maize,2017,Kharif,660.0,29.2,75.6,199.1,68.2,213.8,7.01,477.23,1,0,4.54
Cotton,2019,Kharif,784.4,29.3,58.6,187.2,33.5,222.9,6.63,180.87,0,1,1.89
Cotton,2020,Kharif,789.5,27.2,58.4,194.0,42.1,231.2,7.07,242.54,1,1,3.12
Soybean,2016,Kharif,878.3,27.6,54.3,97.3,56.0,123.4,6.75,141.35,1,0,2.29
Turmeric,2015,Kharif,973.8,27.8,62.5,132.7,62.2,248.7,6.67,393.49,1,0,7.21
Cotton,2023,Kharif,816.3,25.8,64.4,164.7,17.6,221.5,7.11,125.78,0,1,1.82
Wheat,2018,Rabi,530.8,18.1,67.1,199.7,59.6,221.5,7.68,101.42,0,1,3.0
Cotton,2017,Kharif,889.7,27.1,72.8,202.7,38.0,100.0,7.61,433.99,0,1,1.52
Turmeric,2017,Kharif,952.3,30.4,67.9,170.6,47.4,354.4,6.84,90.02,0,1,8.82
Wheat,2018,Rabi,481.2,25.8,43.0,178.5,71.4,209.6,7.85,423.9,0,1,2.77
Cotton,2022,Kharif,721.7,26.4,55.9,224.6,23.6,211.2,7.1,77.83,1,1,2.17
Rice,2019,Kharif,1279.8,29.5,83.4,231.3,44.5,184.5,6.23,390.69,1,1,4.8
Wheat,2018,Rabi,490.8,23.8,67.9,227.4,54.9,193.9,6.81,172.87,1,1,3.66
Soybean,2020,Kharif,751.7,27.9,57.3,149.3,44.5,271.1,6.04,11.1,0,1,3.2
Maize,2022,Kharif,750.1,26.5,69.7,231.4,58.5,189.1,6.8,341.64,0,1,5.07
Cotton,2015,Kharif,884.6,25.0,55.7,146.3,43.0,318.4,6.84,424.53,0,1,2.26
Soybean,2015,Kharif,774.9,28.2,60.9,139.0,43.9,198.1,6.88,108.4,0,1,2.78
Maize,2015,Kharif,782.2,28.8,80.8,193.4,60.3,268.2,6.95,247.57,1,1,5.2
Wheat,2019,Rabi,613.9,21.4,62.8,223.5,60.0,215.2,6.94,433.91,0,1,3.75
Cotton,2015,Kharif,760.6,26.3,43.9,234.2,53.1,222.6,6.47,383.87,1,1,2.91
Cotton,2016,Kharif,856.4,28.1,60.1,113.0,47.3,176.5,7.05,10.99,1,1,2.18
Soybean,2020,Kharif,703.0,31.0,61.9,108.8,38.3,171.0,7.1,96.8,0,0,2.07
Cotton,2019,Kharif,902.7,29.2,47.9,192.9,46.2,307.7,6.78,447.93,1,0,2.58
Cotton,2018,Kharif,706.1,25.5,58.8,212.0,30.0,207.9,7.3,282.34,0,1,2.03
Sugarcane,2019,Summer,993.5,31.1,85.0,289.7,64.5,247.1,6.2,195.39,0,1,68.6
Wheat,2019,Rabi,561.5,22.9,62.6,209.8,43.0,140.8,7.51,152.88,1,1,3.14
Wheat,2020,Rabi,619.9,22.5,60.0,267.3,31.4,271.8,7.13,38.01,1,1,3.79
Wheat,2024,Rabi,493.4,25.7,53.4,183.5,31.4,230.4,7.15,365.39,0,1,2.48
Cotton,2021,Kharif,835.2,25.6,58.4,167.0,53.3,204.0,6.27,7.98,1,1,2.16
Cotton,2016,Kharif,764.2,27.3,61.8,162.3,43.2,212.9,7.07,154.97,1,0,2.27
Maize,2016,Kharif,634.5,29.2,59.3,203.6,55.9,229.3,6.3,364.19,0,1,4.35
Soybean,2024,Kharif,656.2,23.8,55.9,85.1,63.8,195.3,6.73,254.99,1,1,2.98
Rice,2023,Kharif,1109.6,29.9,90.0,208.0,40.1,242.5,5.9,428.43,0,1,3.4
Soybean,2024,Kharif,681.1,27.8,69.0,151.7,40.3,176.0,6.51,303.49,1,1,3.28
Rice,2015,Kharif,986.7,29.5,77.9,179.3,59.2,215.7,7.47,397.85,1,1,3.75
Cotton,2018,Kharif,800.4,29.7,68.3,214.5,35.0,261.3,7.38,397.29,0,1,2.08
Cotton,2019,Kharif,941.5,25.8,65.3,231.3,48.3,234.7,7.02,98.89,1,0,2.34
Maize,2024,Kharif,738.8,27.3,68.9,232.2,62.3,199.6,6.5,178.83,0,0,4.77
Cotton,2023,Kharif,811.1,24.9,57.5,181.4,26.5,223.0,6.65,349.03,0,0,1.69
Sugarcane,2019,Summer,1242.6,32.2,74.6,265.6,51.9,317.0,6.85,386.21,0,1,87.38
Maize,2022,Kharif,827.9,27.1,48.2,164.6,49.0,181.0,7.34,225.2,0,0,3.4
Maize,2016,Kharif,685.5,25.8,75.1,216.6,47.5,191.1,7.52,20.3,1,1,3.92
Wheat,2020,Rabi,624.9,18.0,58.5,245.1,67.7,227.2,6.66,481.03,0,1,3.21
Soybean,2016,Kharif,728.2,26.2,66.1,153.8,54.1,219.3,6.01,417.39,0,1,3.73
Wheat,2021,Rabi,540.0,22.4,54.9,167.6,62.3,224.3,6.81,207.85,1,0,4.33
Soybean,2018,Kharif,764.8,29.0,62.6,136.2,43.2,133.5,7.18,108.16,1,1,2.79
Sugarcane,2024,Summer,1095.8,32.2,77.1,198.8,52.0,253.1,7.22,240.89,0,0,56.7
Cotton,2017,Kharif,814.8,30.3,62.0,113.9,38.2,229.9,6.21,429.52,0,1,1.42
Rice,2024,Kharif,1337.2,29.3,75.8,212.8,57.4,207.9,6.84,71.11,0,1,4.02
Rice,2022,Kharif,1402.8,32.3,88.3,238.2,44.5,264.9,6.64,19.85,0,1,4.4
Rice,2017,Kharif,1500.0,30.8,83.4,193.1,42.5,229.4,5.9,445.48,1,1,4.69
Wheat,2019,Rabi,542.8,23.1,54.7,300.0,41.0,196.4,7.56,462.11,1,1,4.01
Maize,2017,Kharif,687.2,25.4,62.9,218.0,72.4,197.2,6.62,245.16,0,0,5.0
Cotton,2023,Kharif,663.5,25.2,63.0,212.7,26.5,258.5,6.65,184.82,1,0,2.16
Cotton,2020,Kharif,741.8,26.0,43.6,222.1,37.9,221.2,7.3,360.61,0,1,1.89
Rice,2017,Kharif,1432.4,28.5,82.8,271.8,39.4,236.0,6.85,165.44,0,1,4.31
Wheat,2017,Rabi,545.4,22.5,48.2,212.9,55.6,201.6,6.52,479.03,1,0,3.52
Wheat,2015,Rabi,561.1,25.3,67.8,201.4,42.8,227.2,7.04,16.17,0,1,2.7
Soybean,2024,Kharif,791.3,26.7,53.6,90.0,64.2,167.2,6.66,254.67,0,1,2.76
Cotton,2019,Kharif,831.3,27.2,56.4,198.9,29.2,242.0,7.64,310.4,0,0,1.72
Cotton,2018,Kharif,850.8,29.0,63.2,154.0,39.8,239.5,6.19,336.38,0,1,2.0
Sugarcane,2024,Summer,1005.4,30.1,76.9,271.1,48.2,221.7,6.41,281.28,1,1,77.79
Soybean,2017,Kharif,863.2,29.5,62.2,96.5,53.1,205.7,6.61,46.24,1,0,2.52
Soybean,2016,Kharif,797.4,28.1,53.8,107.2,58.3,205.1,6.64,151.62,0,1,2.7
Soybean,2016,Kharif,676.7,25.1,56.1,145.2,37.1,187.5,7.45,51.86,0,1,2.43
Cotton,2019,Kharif,738.9,26.1,59.4,141.2,37.5,214.2,7.04,265.02,1,1,2.68
Soybean,2020,Kharif,812.6,27.3,72.6,109.3,49.1,186.5,6.62,298.24,1,1,3.57
Soybean,2018,Kharif,765.0,26.8,58.2,109.4,42.3,205.7,6.86,447.56,1,0,2.52
Maize,2016,Kharif,544.0,25.5,70.6,219.5,31.1,209.1,7.46,131.98,0,1,3.24
Cotton,2023,Kharif,871.5,25.3,62.1,179.5,42.4,245.3,6.95,205.67,0,0,2.26
Soybean,2022,Kharif,906.9,25.0,68.3,155.4,68.4,174.9,6.74,475.84,1,1,4.19
Wheat,2017,Rabi,483.7,23.8,53.2,107.4,57.5,210.5,7.44,383.29,0,1,2.4
Rice,2024,Kharif,1421.0,29.9,81.0,211.1,54.0,207.0,6.11,425.55,0,1,4.98
Turmeric,2017,Kharif,895.2,28.7,79.2,131.8,53.8,243.5,6.2,327.16,0,0,6.48
Wheat,2024,Rabi,530.0,25.3,42.7,208.3,41.6,220.5,7.13,399.31,0,1,3.1
Rice,2019,Kharif,1244.5,30.7,89.5,272.1,38.3,255.1,5.87,175.54,0,1,4.1
Soybean,2022,Kharif,731.0,29.3,56.1,125.0,76.9,146.9,6.95,74.49,0,1,2.7
Wheat,2022,Rabi,655.1,23.5,42.1,251.1,47.1,187.4,7.49,411.56,1,0,2.61
Rice,2021,Kharif,997.7,28.4,88.2,229.5,47.3,166.6,6.27,297.68,1,1,3.9
Sugarcane,2020,Summer,1093.9,34.6,78.8,266.9,48.7,316.5,7.16,272.96,0,1,67.39
Turmeric,2018,Kharif,915.3,26.8,61.8,134.5,42.6,268.9,6.74,182.78,0,1,6.33
Soybean,2024,Kharif,709.6,30.5,67.9,96.8,61.3,192.8,6.32,106.97,1,0,2.86
Soybean,2019,Kharif,632.1,24.9,64.2,116.5,53.0,228.1,7.44,288.8,0,1,2.6
Wheat,2017,Rabi,529.1,23.4,45.7,262.6,56.6,155.8,7.71,199.9,0,1,2.74
Cotton,2016,Kharif,709.8,27.2,64.5,175.6,45.3,222.6,7.23,465.63,0,1,2.57
Maize,2016,Kharif,797.0,27.4,62.8,290.2,51.7,243.4,6.41,285.62,1,0,6.29
Cotton,2024,Kharif,809.4,27.0,73.8,176.1,49.7,226.0,7.22,37.46,0,1,2.63
Soybean,2019,Kharif,725.4,25.4,62.8,88.7,53.8,184.1,6.49,245.68,0,1,2.58
Wheat,2015,Rabi,491.6,22.8,57.0,218.5,55.3,215.5,7.43,44.43,0,1,3.44
Rice,2017,Kharif,1384.9,30.2,85.4,192.0,28.9,263.4,6.51,255.52,0,1,4.17
Soybean,2024,Kharif,723.6,29.2,73.8,94.3,45.4,176.7,6.59,66.24,0,1,2.2
Sugarcane,2024,Summer,1206.5,30.7,81.0,239.9,58.7,213.1,6.35,104.05,1,0,65.33
Wheat,2016,Rabi,598.1,22.9,59.9,223.9,53.7,235.7,7.39,141.51,0,0,3.21
Sugarcane,2024,Summer,915.7,34.1,81.5,192.0,50.8,380.7,7.15,50.98,0,1,65.86
Maize,2024,Kharif,740.1,27.6,55.3,206.9,40.3,183.0,6.68,153.4,1,1,5.03
Sugarcane,2023,Summer,1051.8,32.6,79.3,219.6,65.4,355.2,6.44,374.54,0,1,79.66
Sugarcane,2021,Summer,989.3,32.0,78.2,265.3,50.1,386.5,6.49,168.09,0,1,70.98
Maize,2015,Kharif,597.2,28.7,65.5,178.7,54.9,242.4,6.35,268.91,1,1,5.65
Cotton,2018,Kharif,829.6,26.9,62.5,160.1,32.0,113.8,6.77,285.15,0,0,1.27
Rice,2016,Kharif,1221.5,33.1,72.0,253.9,41.6,267.2,6.82,439.59,1,1,4.64
Maize,2020,Kharif,726.9,25.7,52.5,268.4,40.1,179.6,6.96,419.72,1,1,4.88
Turmeric,2024,Kharif,856.9,26.4,82.3,187.8,45.5,297.1,6.9,98.44,0,0,7.56
Soybean,2023,Kharif,656.4,26.7,62.7,92.4,49.3,138.6,6.98,409.29,0,1,2.33
Soybean,2021,Kharif,757.0,24.5,71.9,110.1,65.4,225.7,7.22,333.94,1,1,3.62
Soybean,2023,Kharif,792.5,27.5,74.9,105.6,58.7,197.8,6.68,111.58,1,1,3.48
Cotton,2021,Kharif,830.7,29.2,68.2,166.7,37.9,174.8,7.16,100.31,1,1,2.52
Wheat,2023,Rabi,608.0,20.9,58.0,223.1,44.6,241.2,7.82,491.04,0,1,3.24
Maize,2015,Kharif,724.7,26.2,76.4,199.0,51.4,254.4,7.37,8.4,1,1,4.64
Maize,2015,Kharif,644.8,27.7,64.9,270.2,42.0,142.7,6.72,443.34,0,0,4.47
Wheat,2023,Rabi,572.0,20.6,48.6,256.0,63.1,195.8,7.9,250.11,0,0,3.51
Wheat,2019,Rabi,514.4,22.2,61.5,180.5,66.6,187.8,6.84,361.21,1,1,4.46
Soybean,2022,Kharif,817.3,28.1,50.6,122.6,65.6,202.0,6.39,297.21,0,1,2.93
Sugarcane,2015,Summer,1060.1,30.3,82.8,259.0,62.3,288.8,6.45,131.38,1,1,80.99
Rice,2016,Kharif,1273.6,31.8,83.4,265.7,35.2,176.8,7.07,23.69,0,0,3.12
Rice,2023,Kharif,1237.5,31.7,71.5,166.0,45.6,297.4,6.4,311.67,0,1,3.55
Soybean,2019,Kharif,784.4,28.8,59.9,120.8,53.0,182.6,7.45,206.48,0,0,2.11
Sugarcane,2017,Summer,1174.3,31.8,79.1,280.1,56.7,299.7,7.23,121.92,1,1,95.48
Rice,2021,Kharif,1026.8,32.9,77.9,214.4,57.6,165.7,6.46,418.52,0,0,3.15
Wheat,2022,Rabi,565.7,18.9,56.5,238.3,42.6,235.1,7.66,378.75,0,1,3.18
Wheat,2017,Rabi,594.1,19.8,57.3,253.0,55.5,202.7,6.88,305.6,1,1,4.78
Wheat,2015,Rabi,512.4,20.7,53.3,220.7,54.5,244.8,7.1,113.93,0,1,3.19
Rice,2020,Kharif,1310.7,29.8,80.8,185.4,45.3,258.0,6.6,232.43,0,0,4.61
Rice,2021,Kharif,1203.9,26.8,86.4,175.1,53.9,264.9,7.03,173.97,0,1,3.98
Soybean,2024,Kharif,682.4,26.7,57.1,114.9,61.5,200.9,7.2,450.08,0,1,3.11
Soybean,2024,Kharif,836.3,25.6,80.7,115.4,53.4,259.8,6.36,237.04,1,1,2.93
Soybean,2024,Kharif,835.7,27.9,66.3,157.7,47.4,171.9,6.45,116.86,1,1,3.37
Cotton,2015,Kharif,788.9,29.5,54.7,225.1,40.8,231.5,6.57,389.59,1,1,2.91
Wheat,2021,Rabi,569.1,24.0,57.7,172.2,41.1,194.3,7.84,274.07,0,1,2.62
Rice,2021,Kharif,1302.6,34.9,89.6,207.4,50.1,272.3,6.4,404.98,1,1,4.58
Turmeric,2022,Kharif,971.4,29.4,66.4,185.5,74.0,221.2,6.23,396.46,0,1,10.5
Wheat,2024,Rabi,545.3,25.0,38.2,223.5,46.7,225.7,7.13,51.69,0,0,2.24
Turmeric,2018,Kharif,1013.3,32.2,86.1,188.4,43.5,221.9,6.57,161.97,0,0,5.59
Rice,2017,Kharif,1432.2,30.4,84.5,221.2,30.3,292.2,7.02,485.07,1,1,4.78
Turmeric,2019,Kharif,892.6,27.5,78.3,207.0,69.1,274.9,6.29,121.8,0,1,10.31
Turmeric,2020,Kharif,1027.2,26.9,77.0,168.1,36.2,304.4,6.5,195.98,1,1,8.79
Maize,2023,Kharif,595.2,30.4,63.4,101.7,48.4,165.0,6.91,170.15,0,1,2.81
Soybean,2020,Kharif,854.0,28.5,57.2,148.3,38.6,166.2,7.34,455.3,0,1,2.12
Cotton,2019,Kharif,815.4,26.8,64.5,210.2,50.5,241.9,6.35,453.58,1,1,2.84
Maize,2022,Kharif,792.5,24.4,75.2,247.5,48.6,226.7,6.3,250.75,1,0,4.41
Cotton,2023,Kharif,804.9,29.2,40.1,224.1,39.3,279.9,6.97,458.16,1,0,2.34
Wheat,2018,Rabi,532.2,22.6,44.3,162.5,41.9,216.8,6.85,316.92,0,1,2.6
Maize,2018,Kharif,558.1,28.4,33.6,150.1,47.9,197.9,6.91,357.63,0,1,3.1
Turmeric,2022,Kharif,930.5,27.8,84.1,188.0,33.2,358.4,5.78,270.99,1,0,7.93
Soybean,2016,Kharif,775.0,26.5,75.0,124.2,49.5,139.8,6.95,499.35,0,0,2.12
Wheat,2020,Rabi,471.3,23.6,56.3,147.5,53.0,180.3,7.59,416.28,0,1,2.49
Maize,2024,Kharif,607.9,27.5,55.8,194.4,64.5,265.9,5.86,255.99,0,1,4.96
Wheat,2018,Rabi,517.6,20.3,49.2,192.9,48.0,205.4,7.59,113.94,0,1,2.63
Rice,2023,Kharif,1482.5,31.0,73.8,197.6,39.6,220.8,5.72,106.87,0,1,3.62
Soybean,2016,Kharif,739.1,25.7,69.8,105.8,55.9,150.0,6.54,33.32,1,0,2.51
Cotton,2016,Kharif,807.9,31.6,51.0,217.0,48.1,154.2,6.56,150.27,1,1,2.05
Cotton,2024,Kharif,806.5,30.9,50.5,178.8,42.0,196.8,6.0,161.35,1,0,1.68
Maize,2017,Kharif,640.3,24.8,67.6,225.8,31.1,144.1,6.75,448.22,0,1,3.18
Cotton,2022,Kharif,737.7,27.7,56.5,228.4,47.6,257.4,6.89,360.85,0,0,2.74
Wheat,2023,Rabi,464.9,23.9,66.1,255.3,46.9,153.3,7.36,263.15,0,1,2.37
Rice,2017,Kharif,1171.8,30.2,81.6,208.5,37.3,229.4,6.52,193.48,1,1,5.08
Wheat,2017,Rabi,527.6,24.1,66.4,291.2,59.1,197.8,7.62,48.79,0,0,2.57
Soybean,2024,Kharif,739.7,30.1,68.9,181.8,39.5,146.8,7.25,313.15,0,0,2.14
Soybean,2017,Kharif,787.8,26.4,68.3,103.8,52.3,228.2,6.7,302.22,1,1,3.91
Maize,2018,Kharif,654.1,26.9,59.1,165.6,38.2,142.2,6.87,361.76,0,0,3.28
Cotton,2019,Kharif,756.7,31.0,73.4,149.6,25.9,202.2,6.64,108.45,1,1,1.45
Rice,2022,Kharif,1272.6,30.4,82.1,180.1,33.3,265.8,6.82,291.89,0,0,3.75
Wheat,2020,Rabi,531.7,20.6,50.2,261.9,47.3,235.0,7.24,173.94,1,1,4.38
Rice,2024,Kharif,1308.4,29.4,88.2,248.6,50.2,267.8,6.35,112.17,0,1,5.03
Soybean,2024,Kharif,774.3,24.9,64.7,141.6,41.8,155.5,6.35,257.96,1,1,3.3
Sugarcane,2016,Summer,1014.6,28.6,74.6,216.1,60.5,338.5,7.59,238.69,0,1,59.48
Cotton,2023,Kharif,898.7,28.5,51.9,212.9,28.2,198.4,6.72,349.42,1,1,2.16
Wheat,2016,Rabi,572.0,25.0,60.8,188.0,55.4,202.1,6.35,367.34,1,0,2.61
Maize,2017,Kharif,675.2,28.8,59.7,212.6,39.6,283.9,6.37,28.15,1,1,4.86
Maize,2022,Kharif,670.1,27.7,79.2,182.1,60.4,188.2,7.35,487.37,0,1,3.92
Rice,2021,Kharif,1224.7,29.9,88.7,262.3,39.8,257.2,6.94,103.96,0,0,4.12
Cotton,2020,Kharif,905.1,27.8,54.4,159.9,40.7,208.8,7.75,477.75,0,1,1.9
Maize,2021,Kharif,685.7,30.3,58.3,206.1,25.0,208.8,6.89,296.79,1,0,3.69
Cotton,2024,Kharif,813.3,29.3,64.9,178.1,38.1,207.9,6.72,74.28,1,0,2.03
Cotton,2020,Kharif,717.9,29.3,59.6,131.8,41.1,228.7,7.23,313.05,0,1,2.19
Turmeric,2021,Kharif,787.3,28.1,75.5,147.1,43.8,282.6,6.92,442.15,0,1,8.31
Wheat,2021,Rabi,572.1,21.1,52.6,228.3,72.4,190.3,7.63,425.67,1,1,5.17
Cotton,2023,Kharif,715.6,32.0,64.4,199.6,34.0,229.6,7.79,186.22,0,1,1.83
Wheat,2016,Rabi,575.0,20.8,56.1,276.6,48.3,105.3,6.84,36.87,0,0,2.52
Wheat,2015,Rabi,583.9,21.3,57.2,265.2,58.1,210.2,7.61,437.13,1,0,4.11
Wheat,2023,Rabi,549.8,18.0,50.4,258.2,55.2,187.4,7.26,498.08,0,1,3.07
Sugarcane,2021,Summer,1021.1,31.3,86.0,260.4,74.2,310.2,6.87,307.01,0,0,71.44
Soybean,2019,Kharif,666.2,28.9,58.7,82.7,51.5,220.7,6.36,29.25,0,0,1.97
Rice,2015,Kharif,1340.8,29.4,79.5,226.7,56.3,240.8,5.9,210.96,1,1,4.78
Sugarcane,2019,Summer,1158.3,30.4,74.6,240.9,66.2,319.3,6.81,491.15,1,0,78.28
Cotton,2024,Kharif,822.5,28.0,75.5,197.6,44.4,195.9,7.48,272.06,1,0,1.97
Sugarcane,2017,Summer,1194.0,35.9,75.4,254.7,63.9,326.9,7.03,482.85,0,0,63.29
Wheat,2019,Rabi,666.2,23.1,50.6,190.2,44.3,163.2,6.99,291.48,1,1,2.72
Cotton,2021,Kharif,835.7,30.2,75.3,236.6,32.3,229.5,6.61,337.3,0,1,1.68
Turmeric,2019,Kharif,907.4,27.9,63.9,206.0,43.4,219.7,6.75,463.89,0,1,7.14
Turmeric,2024,Kharif,708.4,29.3,76.6,171.4,45.0,211.5,5.81,117.31,1,0,7.47
Soybean,2024,Kharif,745.3,27.4,59.2,106.8,38.7,164.2,7.45,85.66,0,1,1.95
Cotton,2016,Kharif,818.9,30.4,59.0,178.7,33.0,239.3,6.85,412.28,1,1,2.71
Cotton,2024,Kharif,809.9,26.1,74.1,198.2,31.4,236.9,7.22,479.44,0,1,1.8
Wheat,2015,Rabi,536.6,20.5,57.6,225.0,60.8,233.6,6.97,497.53,1,0,4.21
Soybean,2018,Kharif,683.7,26.9,53.0,154.2,59.6,216.0,6.89,150.89,0,0,2.81
Cotton,2015,Kharif,694.2,28.5,62.5,119.9,30.7,202.2,7.76,160.08,0,1,1.46
Rice,2019,Kharif,1118.8,29.0,88.3,192.8,49.3,234.9,6.58,313.76,1,1,4.6
Soybean,2023,Kharif,711.7,26.5,59.6,98.0,51.8,180.3,7.32,183.32,0,1,2.17
Soybean,2017,Kharif,810.6,27.9,62.0,80.0,46.1,213.4,6.62,314.41,1,0,2.69
Soybean,2019,Kharif,725.6,24.0,76.3,112.0,44.6,177.0,6.54,490.98,1,1,2.41
Maize,2023,Kharif,583.2,25.5,66.2,190.5,50.2,168.3,6.83,104.52,0,1,3.82
Soybean,2021,Kharif,741.2,30.5,51.4,96.2,43.2,164.4,6.52,168.7,0,1,1.82
Soybean,2022,Kharif,715.0,26.0,58.1,95.7,55.7,190.7,6.47,65.24,0,1,2.66
Wheat,2016,Rabi,619.2,20.0,70.2,258.7,52.5,153.2,7.36,164.08,0,1,2.85
Wheat,2022,Rabi,455.8,22.4,56.0,189.9,68.0,201.3,6.8,439.65,0,0,2.88
Cotton,2020,Kharif,844.4,26.2,56.9,192.6,33.3,199.9,6.99,441.39,0,0,1.94
Soybean,2024,Kharif,817.6,27.3,57.1,81.0,71.2,165.6,7.31,52.55,0,1,2.55
Wheat,2023,Rabi,629.6,24.2,46.5,200.3,53.5,207.6,6.87,326.14,1,1,3.9
Soybean,2015,Kharif,722.4,28.2,57.7,81.7,37.4,128.4,6.45,215.93,0,1,1.6
Rice,2020,Kharif,1273.0,32.9,88.8,224.0,40.2,258.5,6.57,2.3,1,1,4.64
Sugarcane,2015,Summer,892.4,28.7,85.3,268.6,48.5,263.1,6.17,42.82,0,1,45.67
Sugarcane,2017,Summer,1256.5,30.8,84.5,233.3,79.2,409.5,6.2,275.94,1,1,99.94
Maize,2020,Kharif,693.8,25.4,69.5,226.8,53.9,186.7,6.61,92.88,1,0,5.66
Maize,2023,Kharif,569.8,25.9,61.2,133.9,49.2,188.3,6.3,280.56,0,1,3.91
Rice,2019,Kharif,1356.3,29.5,89.3,219.4,40.1,275.7,6.61,456.54,1,0,4.69
Cotton,2016,Kharif,742.9,30.6,67.4,216.4,40.8,206.7,7.72,416.59,0,0,1.37
Cotton,2023,Kharif,752.0,28.5,68.6,156.4,41.8,298.5,6.92,167.59,0,0,2.1
Soybean,2017,Kharif,777.0,28.5,64.4,135.0,55.4,187.1,6.63,472.34,0,1,3.35
Soybean,2023,Kharif,802.7,27.2,60.7,116.5,75.9,123.5,7.23,82.94,0,0,2.92
Sugarcane,2024,Summer,1203.5,34.4,79.0,249.1,61.5,305.0,6.64,486.93,0,1,81.97
Soybean,2021,Kharif,674.6,28.4,74.6,133.0,29.2,160.5,7.66,152.79,0,1,1.96
Maize,2021,Kharif,666.6,26.8,77.5,193.9,30.1,179.8,7.02,71.71,1,1,3.93
Sugarcane,2024,Summer,1227.8,34.6,74.8,283.6,63.0,392.3,6.88,359.46,1,0,85.34
Turmeric,2016,Kharif,781.8,28.1,59.0,132.9,53.4,236.7,6.06,11.67,1,0,5.6
Wheat,2015,Rabi,578.6,19.0,60.6,256.4,46.5,245.2,7.06,100.28,1,1,4.08
Turmeric,2019,Kharif,861.8,30.6,68.0,177.7,24.0,316.5,7.39,9.87,0,1,6.6
Maize,2024,Kharif,624.2,26.8,45.9,182.3,39.0,209.6,6.74,133.08,0,1,3.05
Rice,2022,Kharif,1413.6,34.1,81.6,155.4,41.4,264.8,6.6,225.29,0,0,2.72
Rice,2024,Kharif,1224.8,30.2,84.9,210.9,37.5,316.6,7.0,259.75,0,0,4.08
Cotton,2021,Kharif,803.5,28.6,67.4,162.7,39.9,194.4,6.74,256.63,1,0,2.13
Rice,2020,Kharif,1258.2,29.8,80.8,252.4,48.8,261.1,6.93,404.78,0,1,5.26
Turmeric,2022,Kharif,810.3,26.8,69.9,183.9,49.1,207.7,6.07,468.53,0,1,6.81
Wheat,2019,Rabi,482.5,19.4,48.4,206.7,52.9,244.5,7.44,404.02,0,0,3.02
Cotton,2024,Kharif,734.9,27.2,74.3,157.2,48.8,273.6,7.31,182.71,0,1,2.25
Maize,2019,Kharif,698.3,25.3,76.7,210.2,36.8,232.7,7.01,28.86,1,1,5.15
Maize,2016,Kharif,634.9,25.6,73.0,244.4,47.1,160.2,6.5,169.72,0,1,4.27
Soybean,2020,Kharif,741.1,29.9,63.1,96.7,39.8,187.6,6.41,454.42,1,1,2.59
Cotton,2017,Kharif,663.6,27.8,53.3,163.7,34.4,217.0,7.13,88.03,1,0,1.96
Wheat,2022,Rabi,630.8,22.1,70.2,185.7,53.3,209.1,7.46,269.2,0,0,2.47
Soybean,2017,Kharif,667.2,26.5,67.8,163.3,25.7,188.7,6.5,64.94,0,0,2.26
Cotton,2023,Kharif,852.8,23.0,51.1,200.6,37.2,256.7,6.58,434.86,0,1,2.08
Maize,2024,Kharif,916.1,28.4,68.0,176.0,43.8,200.1,7.65,452.05,0,1,3.75
Soybean,2017,Kharif,718.9,26.4,66.7,147.3,57.6,162.6,7.04,243.32,0,1,3.5
Sugarcane,2016,Summer,952.9,30.5,90.0,232.3,78.2,420.6,6.87,380.58,0,1,96.8
Rice,2016,Kharif,1273.4,31.9,90.0,221.9,51.4,236.1,6.43,116.18,1,0,4.75
Cotton,2016,Kharif,890.3,24.5,60.4,196.7,32.1,203.9,7.08,123.98,0,1,2.18
Maize,2019,Kharif,689.7,27.4,63.9,233.0,50.8,203.0,6.49,140.14,0,0,4.51
Rice,2024,Kharif,1295.0,30.1,73.1,246.1,53.7,228.4,6.38,253.74,0,1,5.49
Rice,2016,Kharif,1228.4,29.5,79.1,177.8,42.1,189.6,6.77,395.07,0,1,3.78
Soybean,2017,Kharif,708.8,29.9,63.7,156.1,33.3,193.6,7.67,212.74,1,1,2.74
Maize,2024,Kharif,672.9,27.6,58.0,214.7,36.1,262.3,6.28,127.92,1,0,4.35
Cotton,2017,Kharif,659.0,26.4,68.3,116.0,27.2,269.6,7.11,303.22,0,1,1.58
Maize,2017,Kharif,825.0,24.6,72.1,218.9,45.7,262.9,7.49,169.59,0,0,3.65
Wheat,2016,Rabi,430.6,25.9,52.5,212.2,42.0,206.2,7.45,420.62,0,1,2.14
Soybean,2016,Kharif,669.3,24.6,75.7,171.3,40.8,147.9,6.25,304.05,0,1,2.26
Rice,2018,Kharif,1411.7,30.5,77.4,299.3,30.7,160.1,6.35,55.49,0,0,2.88
Soybean,2016,Kharif,626.4,28.1,70.1,89.3,54.0,118.0,6.57,145.92,0,1,2.04
Soybean,2020,Kharif,547.9,28.9,63.0,119.2,35.0,184.7,6.14,36.64,0,0,1.95
Soybean,2015,Kharif,738.1,26.2,69.6,153.1,40.3,112.0,7.52,234.12,1,1,3.12
Wheat,2017,Rabi,533.9,21.2,49.2,230.9,58.2,242.6,7.64,30.98,1,1,4.88
Rice,2018,Kharif,1196.0,23.2,86.6,183.7,36.7,280.1,6.34,47.2,1,0,3.15
Sugarcane,2023,Summer,1038.4,31.4,77.9,173.5,77.8,344.2,7.14,293.6,0,0,68.34
Soybean,2015,Kharif,726.1,30.6,66.7,86.3,55.9,127.5,6.52,10.08,0,1,2.02
Cotton,2020,Kharif,789.8,30.2,65.1,152.3,37.8,216.9,6.85,406.16,1,1,1.94
Rice,2015,Kharif,1352.1,33.3,88.8,226.5,30.7,173.1,6.91,490.49,1,1,3.54
Soybean,2023,Kharif,752.8,24.4,66.1,114.6,61.4,167.6,6.85,487.97,1,0,3.2
Cotton,2017,Kharif,875.7,27.7,64.8,148.0,31.9,194.2,7.02,88.52,0,1,2.01
Maize,2023,Kharif,761.5,28.1,65.0,157.3,47.1,164.6,6.02,216.38,1,1,4.27
Cotton,2022,Kharif,838.0,31.2,43.0,161.1,29.4,227.5,7.22,124.4,0,1,1.27
Rice,2016,Kharif,1209.6,34.3,80.2,177.4,39.2,219.1,6.36,352.71,0,1,2.85
Rice,2022,Kharif,1193.8,32.4,81.3,202.5,45.5,276.0,6.67,10.82,1,1,4.67
Wheat,2016,Rabi,552.1,22.4,49.2,185.2,49.5,191.4,6.33,67.01,0,0,2.16
Cotton,2018,Kharif,863.8,26.7,48.5,191.5,49.3,247.3,7.84,348.48,1,1,2.49
Cotton,2017,Kharif,824.7,28.8,68.0,204.2,40.4,233.6,7.32,494.64,1,1,2.69
Rice,2018,Kharif,1279.7,27.2,88.2,235.1,37.8,266.0,5.82,246.71,0,1,3.84
Wheat,2021,Rabi,552.6,22.4,60.7,241.6,52.0,153.5,6.7,381.08,0,0,2.92
Soybean,2016,Kharif,705.0,30.1,66.7,103.2,49.1,150.9,6.45,61.9,0,1,2.17
Maize,2017,Kharif,723.4,25.6,75.6,169.8,51.0,200.9,6.56,99.45,1,1,4.99
Rice,2016,Kharif,1190.0,31.3,71.6,200.4,35.7,197.2,6.37,196.42,1,1,3.97
Maize,2019,Kharif,686.1,25.9,67.8,223.8,52.0,195.5,6.93,206.06,1,1,6.28
Wheat,2024,Rabi,485.7,21.5,56.3,202.5,53.7,208.7,7.6,346.08,0,1,3.64
Cotton,2019,Kharif,921.7,26.5,57.5,160.7,23.8,236.1,7.61,164.83,1,1,2.02
Cotton,2017,Kharif,829.7,27.3,58.7,168.6,43.9,182.9,6.76,141.75,1,1,2.87
Soybean,2023,Kharif,717.8,29.2,74.3,158.7,49.3,191.9,5.73,248.52,0,1,2.32
Soybean,2019,Kharif,625.3,26.6,61.9,169.8,52.8,156.0,7.17,168.09,1,1,3.64
Wheat,2015,Rabi,671.6,18.7,47.0,186.1,32.1,215.7,7.25,484.21,1,1,2.84
Rice,2022,Kharif,1420.9,29.1,89.0,155.2,35.2,240.6,6.54,75.4,1,1,4.24
Cotton,2016,Kharif,781.4,30.2,65.5,191.0,46.2,174.4,7.06,90.61,0,0,1.87
Cotton,2015,Kharif,783.0,27.3,67.2,192.1,44.1,229.8,6.69,198.87,1,0,2.83
Rice,2022,Kharif,1107.1,28.7,86.8,170.7,48.3,163.7,5.82,5.4,0,1,2.98
Cotton,2023,Kharif,831.5,28.6,64.8,143.5,43.2,194.8,6.62,139.06,1,0,1.78
Rice,2015,Kharif,1313.0,32.6,86.7,240.6,48.3,180.9,6.36,266.59,1,1,4.72
Wheat,2020,Rabi,702.6,18.0,40.5,130.5,52.3,183.8,6.99,173.85,1,1,2.19
Sugarcane,2017,Summer,1075.2,32.4,83.4,289.7,57.5,299.0,6.53,195.71,0,1,79.78
Rice,2022,Kharif,1210.1,30.3,79.9,213.3,48.4,183.5,6.06,280.14,1,1,5.35
Soybean,2021,Kharif,729.9,27.0,70.7,197.2,54.2,119.3,6.86,102.62,1,1,3.65
Cotton,2022,Kharif,713.8,26.9,53.6,141.6,34.0,246.5,7.09,154.34,0,0,2.08
Sugarcane,2016,Summer,1296.0,32.9,84.8,300.0,63.9,271.9,6.68,484.7,0,0,65.53
Wheat,2019,Rabi,650.3,18.8,63.7,190.5,50.1,208.0,7.19,451.1,1,1,3.2
Maize,2019,Kharif,679.9,26.9,63.3,212.9,49.7,270.4,7.04,13.49,1,1,5.39
Maize,2023,Kharif,868.3,24.1,70.9,169.8,50.8,206.7,7.14,133.31,0,1,4.09
Soybean,2018,Kharif,708.6,25.2,75.8,122.5,42.5,209.5,6.55,337.25,0,1,2.36
Rice,2022,Kharif,1075.1,31.0,70.8,127.2,47.2,210.8,5.7,128.14,0,1,2.38
Cotton,2022,Kharif,859.7,27.8,50.4,228.9,34.4,250.8,7.35,242.95,1,0,2.45
Rice,2016,Kharif,1075.3,30.9,85.6,141.9,57.4,260.5,6.75,169.95,0,1,4.17
Rice,2023,Kharif,1086.1,29.2,79.9,144.5,37.4,221.3,6.68,446.45,0,1,3.22
Soybean,2016,Kharif,720.8,27.0,61.6,115.1,52.5,168.4,6.67,370.8,0,1,3.18
Cotton,2022,Kharif,799.0,26.3,56.8,160.3,32.9,189.5,7.27,298.58,0,0,1.69
Wheat,2017,Rabi,559.5,23.5,49.6,181.7,49.6,193.1,7.13,94.9,0,1,3.07
Soybean,2015,Kharif,634.1,27.6,69.5,96.8,47.4,159.0,7.39,253.77,0,0,1.97
Rice,2022,Kharif,1064.0,30.9,77.5,284.2,53.4,231.3,6.18,294.85,1,0,5.32
Sugarcane,2017,Summer,1033.5,34.6,71.4,236.1,51.6,316.0,6.77,471.81,1,1,68.58
Wheat,2018,Rabi,537.1,24.0,48.3,239.8,65.1,207.9,7.05,20.18,0,1,3.27
Wheat,2017,Rabi,504.4,18.3,68.8,220.0,55.3,182.0,6.6,52.79,0,1,2.25
Cotton,2016,Kharif,728.7,27.2,74.2,269.7,45.6,207.4,6.05,319.35,1,1,2.36
Soybean,2022,Kharif,781.6,24.0,75.0,93.6,54.9,184.7,6.58,334.21,1,1,2.67
Soybean,2020,Kharif,706.8,25.9,68.0,83.9,50.2,179.2,6.16,373.63,1,0,2.39
Maize,2015,Kharif,746.3,27.6,55.9,133.1,54.4,243.7,6.62,355.63,1,1,4.49
Soybean,2019,Kharif,801.5,27.4,61.8,147.4,49.2,214.3,7.28,323.08,1,0,2.74
Cotton,2015,Kharif,740.6,27.9,69.4,244.1,33.9,194.0,7.29,5.45,0,1,2.07
Rice,2022,Kharif,1067.0,29.3,80.8,210.5,40.0,243.3,6.38,372.19,0,1,4.19
Cotton,2015,Kharif,907.8,25.8,54.1,211.7,41.7,251.4,6.63,188.42,0,0,1.95
Cotton,2018,Kharif,746.0,25.6,54.8,226.6,26.6,142.8,7.85,403.94,0,1,1.5
Wheat,2021,Rabi,471.1,22.5,53.9,181.4,57.6,227.1,6.91,14.32,0,0,3.26
Sugarcane,2016,Summer,1295.2,34.8,80.1,201.0,64.3,361.7,6.58,109.13,1,1,71.83
Wheat,2021,Rabi,473.5,24.8,46.9,235.8,53.1,189.4,7.88,356.18,1,1,3.23
Cotton,2023,Kharif,783.7,26.6,73.7,221.3,34.3,109.1,7.45,41.62,1,0,1.62
Wheat,2021,Rabi,637.8,18.0,39.8,232.4,41.9,180.6,7.17,129.53,0,1,2.48
Cotton,2022,Kharif,767.6,27.6,62.8,143.2,41.8,227.0,7.6,402.81,1,1,2.12
Soybean,2015,Kharif,648.5,27.5,58.2,103.4,36.2,187.1,6.48,337.08,0,1,1.89
Rice,2018,Kharif,1120.5,30.7,75.9,194.1,47.8,225.3,6.55,9.53,0,0,3.73
Maize,2022,Kharif,783.8,27.9,68.1,217.0,49.6,211.1,6.77,147.1,0,0,4.55
Wheat,2021,Rabi,505.4,18.0,42.4,165.2,80.0,218.0,8.0,458.76,0,0,2.06
Soybean,2015,Kharif,805.0,23.5,67.8,91.5,64.2,183.7,6.84,181.87,0,1,2.7
Cotton,2019,Kharif,875.9,25.2,63.5,176.3,39.4,272.2,6.53,416.3,1,1,2.39
Soybean,2020,Kharif,688.7,25.9,54.3,141.4,27.2,187.6,7.36,311.73,0,1,2.07
Wheat,2021,Rabi,535.8,23.7,51.4,205.6,56.8,196.5,7.44,487.18,0,1,3.51
Maize,2018,Kharif,642.7,27.4,58.2,226.6,42.1,265.5,7.0,114.93,0,1,5.34
Rice,2015,Kharif,1204.6,30.1,74.4,241.5,33.8,160.1,6.14,107.36,1,1,3.91
Maize,2023,Kharif,695.4,26.7,64.6,171.4,71.2,219.3,6.78,216.49,0,1,5.81
Cotton,2022,Kharif,856.2,27.7,65.7,176.6,39.9,170.5,6.87,191.29,1,1,2.43
Rice,2019,Kharif,1314.1,31.6,83.3,158.2,50.5,231.1,6.43,21.22,1,1,4.25
Sugarcane,2015,Summer,1143.5,28.5,76.8,247.5,74.9,302.4,6.24,261.6,0,0,56.57
Wheat,2024,Rabi,568.1,21.5,37.7,206.9,55.4,189.9,7.39,326.76,0,1,2.87
Cotton,2020,Kharif,854.5,25.9,62.7,240.3,49.4,252.1,7.06,241.93,0,1,2.68
Turmeric,2021,Kharif,728.6,30.4,88.3,231.7,57.2,271.2,6.38,34.42,1,1,10.07
Sugarcane,2018,Summer,1130.3,32.0,79.4,270.5,79.2,340.5,6.24,180.1,1,0,92.32
Soybean,2021,Kharif,639.2,29.6,59.6,129.3,71.3,184.9,6.85,394.91,1,1,3.47
Soybean,2023,Kharif,609.6,27.9,65.6,96.3,63.7,203.1,7.13,244.91,0,1,3.25
Wheat,2019,Rabi,506.6,22.3,52.6,177.1,61.7,250.2,7.54,213.6,1,0,3.95
Maize,2022,Kharif,694.2,25.3,63.7,280.6,42.4,250.2,6.58,389.28,1,1,6.73
Wheat,2018,Rabi,537.3,19.2,51.2,248.5,55.9,228.0,7.04,115.28,0,0,3.64
Wheat,2021,Rabi,633.3,21.9,50.0,213.6,49.7,202.1,7.08,373.3,1,1,4.44
Cotton,2019,Kharif,785.7,27.7,57.8,176.0,47.5,232.4,7.06,94.07,1,1,3.19
Cotton,2017,Kharif,848.5,27.7,62.0,170.0,35.1,201.5,6.43,330.43,1,1,2.07
Cotton,2021,Kharif,783.6,25.9,64.8,165.1,56.6,212.3,6.31,304.79,0,1,2.16
Cotton,2016,Kharif,951.8,29.1,73.1,154.8,29.5,204.5,7.18,105.82,1,1,1.86
Wheat,2019,Rabi,539.6,22.7,64.9,283.1,53.0,240.1,7.19,231.6,0,1,3.71
Wheat,2018,Rabi,545.7,21.3,47.9,237.7,61.7,117.5,7.26,232.9,1,1,3.44
Sugarcane,2016,Summer,1221.4,35.3,76.0,233.0,64.8,305.5,6.19,208.46,0,1,48.84
Soybean,2020,Kharif,842.4,27.4,65.6,123.7,44.4,145.0,6.65,245.46,0,1,2.87
Maize,2023,Kharif,666.9,28.4,55.7,199.2,53.2,164.7,6.92,187.85,1,1,5.29
Soybean,2022,Kharif,754.3,25.3,66.2,131.4,57.7,177.3,6.07,451.96,0,1,3.52
Soybean,2016,Kharif,745.6,28.4,68.0,106.7,50.2,144.0,7.33,37.34,1,1,2.83
Sugarcane,2024,Summer,1112.1,34.3,85.5,226.5,61.0,258.2,6.47,353.81,0,1,62.73
Soybean,2021,Kharif,691.7,28.7,59.1,159.7,42.8,188.4,6.05,188.71,0,1,2.77
Wheat,2019,Rabi,501.6,21.7,67.4,254.5,53.8,163.8,7.64,418.58,0,0,2.89
Sugarcane,2015,Summer,1253.8,34.7,70.3,218.9,57.5,335.5,6.93,32.94,0,0,50.69
Turmeric,2023,Kharif,955.7,29.0,77.0,159.6,64.9,217.8,6.16,51.93,0,1,10.15
Maize,2024,Kharif,687.7,27.6,56.7,233.7,53.0,167.9,7.08,128.8,1,1,6.2
Rice,2015,Kharif,1230.6,28.1,83.5,189.8,48.4,301.0,6.38,138.93,1,1,5.84
Soybean,2020,Kharif,703.6,25.2,74.9,132.3,54.9,231.4,6.29,355.8,0,1,3.0
Cotton,2018,Kharif,774.8,28.5,67.2,201.2,39.9,227.3,7.06,365.65,0,1,2.52
Sugarcane,2022,Summer,1236.4,37.0,64.3,226.4,45.3,343.2,6.73,170.24,0,0,41.39
Soybean,2022,Kharif,808.7,26.3,63.9,132.1,71.1,211.1,6.78,129.01,1,0,4.03
Cotton,2024,Kharif,899.3,27.0,51.9,177.2,22.5,178.4,6.6,177.35,1,1,1.88
Cotton,2019,Kharif,850.3,24.8,73.1,173.7,35.9,189.2,6.63,19.64,0,1,1.47
Soybean,2024,Kharif,693.7,25.4,64.7,118.8,48.6,118.4,7.03,72.27,0,1,2.66
Cotton,2021,Kharif,680.4,27.1,60.1,146.4,28.4,216.5,7.0,288.3,1,1,2.23
Sugarcane,2017,Summer,900.6,34.2,86.2,206.2,72.6,303.3,7.15,68.29,0,1,57.46
Cotton,2020,Kharif,737.9,27.3,53.0,197.7,45.6,337.0,6.82,119.52,1,1,2.92
Cotton,2024,Kharif,682.2,27.4,53.9,205.8,27.0,238.9,7.35,358.6,0,0,1.58
Soybean,2020,Kharif,741.4,29.5,62.4,141.5,53.7,190.2,6.66,256.25,1,1,3.98
Wheat,2020,Rabi,591.4,26.7,58.4,243.9,56.1,200.7,7.16,490.02,0,1,3.22
Rice,2019,Kharif,1141.5,31.5,73.1,178.1,53.4,252.6,6.56,375.87,1,1,5.21
Rice,2021,Kharif,1237.7,33.9,81.1,200.8,56.1,281.4,6.11,494.97,0,1,4.82
Soybean,2019,Kharif,736.0,29.1,69.5,118.0,53.3,187.1,7.01,124.44,1,0,2.62
Cotton,2019,Kharif,707.9,28.4,66.1,248.7,43.8,245.3,7.32,180.62,1,1,3.13
Maize,2023,Kharif,668.9,29.1,64.5,271.4,59.4,207.7,7.0,493.81,0,1,6.16
Rice,2017,Kharif,1158.4,28.9,82.6,171.3,38.6,250.2,6.2,134.61,1,1,4.87
Sugarcane,2019,Summer,1208.4,32.2,87.3,180.5,55.0,324.8,6.39,306.59,1,1,65.54
Wheat,2022,Rabi,536.1,24.3,60.8,238.8,72.9,206.2,7.56,285.42,0,1,3.7
Wheat,2018,Rabi,503.9,20.0,59.1,198.2,41.7,314.9,7.58,442.07,1,1,3.84
Sugarcane,2020,Summer,1195.3,29.4,79.7,263.3,53.0,278.9,6.97,359.24,0,0,57.73
Wheat,2017,Rabi,582.3,22.0,56.5,184.9,68.6,269.4,7.1,226.48,0,1,5.03
Soybean,2018,Kharif,725.4,29.9,79.1,96.7,45.2,135.8,7.1,76.83,0,0,1.6
Wheat,2024,Rabi,681.5,19.1,45.5,159.1,51.0,214.8,7.29,325.14,0,1,2.49
Soybean,2022,Kharif,769.4,27.4,56.8,144.9,32.0,166.4,6.85,191.69,1,1,3.33
Cotton,2018,Kharif,710.3,30.0,61.5,179.8,32.4,146.9,6.97,497.6,0,1,1.58
Rice,2018,Kharif,1431.7,31.8,74.4,133.4,38.5,268.8,6.62,62.58,0,1,3.24
Maize,2020,Kharif,839.9,27.9,78.5,287.6,50.2,171.5,6.66,20.03,1,0,4.4
Wheat,2020,Rabi,450.8,23.8,43.3,191.9,68.5,158.4,6.54,187.96,0,1,2.26
Rice,2017,Kharif,1297.1,27.5,90.0,160.7,32.7,251.0,6.81,220.16,1,1,3.63
Rice,2020,Kharif,1370.1,30.3,86.7,234.6,53.7,311.9,6.59,371.49,0,1,6.36
Maize,2024,Kharif,652.1,25.0,68.2,170.5,38.3,221.3,6.94,311.67,0,0,3.59
Wheat,2016,Rabi,573.1,21.4,57.7,268.7,52.2,202.1,6.91,157.35,1,1,3.85
Rice,2022,Kharif,1277.8,31.9,83.5,175.5,40.1,292.9,6.57,215.42,1,0,4.81
Sugarcane,2023,Summer,1230.2,30.7,72.0,300.0,57.8,409.3,7.49,300.98,0,1,73.27
Wheat,2017,Rabi,511.7,22.2,62.9,173.4,47.3,187.8,7.03,479.55,0,1,3.07
Cotton,2016,Kharif,678.4,25.8,57.7,186.5,41.1,203.7,6.97,189.53,1,1,2.16
Cotton,2019,Kharif,779.2,28.2,53.3,145.9,43.2,199.2,6.57,258.6,1,0,1.57
Wheat,2019,Rabi,487.6,19.5,55.7,172.5,47.1,161.2,7.64,454.39,0,1,2.53
Soybean,2024,Kharif,743.8,27.8,75.4,152.6,38.1,149.9,7.09,354.37,1,1,2.87
Rice,2018,Kharif,1103.1,34.2,88.1,178.3,51.3,281.1,6.1,341.96,0,1,3.1
Rice,2021,Kharif,1156.1,30.0,79.8,157.1,43.5,282.2,6.82,462.75,0,1,4.07
Soybean,2021,Kharif,806.9,25.4,63.0,111.7,53.4,144.5,6.84,11.8,1,0,2.95
Cotton,2019,Kharif,917.1,26.8,60.8,187.9,49.2,218.4,6.94,291.05,0,1,2.84
Sugarcane,2017,Summer,1028.4,34.8,80.1,270.2,61.3,356.9,6.32,362.54,0,0,55.14
Turmeric,2017,Kharif,721.7,28.0,73.7,203.7,50.8,227.3,7.06,336.88,0,1,7.66
Wheat,2020,Rabi,613.7,22.3,61.4,199.5,58.3,217.9,7.19,220.72,1,1,4.2
Maize,2021,Kharif,706.5,28.4,67.1,215.7,54.1,198.1,6.49,204.06,1,1,6.18
Turmeric,2016,Kharif,876.0,32.1,89.4,187.5,50.1,259.4,6.75,307.03,1,0,6.51
Cotton,2021,Kharif,833.4,27.7,64.2,193.9,49.2,222.6,7.87,192.14,0,1,2.68
Sugarcane,2016,Summer,980.6,29.9,77.2,300.0,60.5,420.0,6.92,262.43,1,1,105.52
Maize,2015,Kharif,781.2,27.7,68.6,284.4,54.9,168.2,6.86,49.26,0,1,5.81
Cotton,2021,Kharif,683.6,28.5,60.9,190.8,23.0,145.9,6.43,361.55,1,1,1.91
Cotton,2023,Kharif,865.8,26.6,56.7,148.4,42.3,256.5,6.62,349.0,1,0,2.39
Soybean,2023,Kharif,789.0,26.8,61.8,128.2,52.9,198.5,6.95,114.93,0,0,3.06
Cotton,2020,Kharif,838.6,27.7,56.7,198.3,38.8,221.3,6.66,247.15,0,1,2.61
Wheat,2018,Rabi,579.5,23.2,66.1,300.0,59.5,245.5,7.47,226.72,0,0,3.42
Wheat,2015,Rabi,632.1,22.0,58.0,231.2,55.3,184.5,7.05,351.45,1,1,4.3
Soybean,2018,Kharif,764.6,25.0,60.0,109.7,46.4,144.5,6.32,364.94,0,1,2.02
Cotton,2018,Kharif,827.0,28.2,73.6,177.6,23.5,214.1,6.95,75.22,1,1,2.04
Soybean,2015,Kharif,658.3,28.2,64.2,120.7,64.3,232.1,7.36,346.35,1,1,3.44
Sugarcane,2020,Summer,1117.0,34.5,87.8,252.8,61.0,315.4,7.95,429.73,1,1,68.33
Wheat,2024,Rabi,623.3,22.9,54.0,257.0,69.4,231.4,6.65,56.46,1,0,4.52
Wheat,2023,Rabi,500.5,18.0,48.7,243.1,65.6,134.4,7.65,239.53,1,1,3.57
Cotton,2017,Kharif,792.9,28.9,46.5,153.5,44.5,164.2,6.51,46.58,1,1,1.75
Rice,2023,Kharif,1276.5,29.0,76.6,145.5,50.7,223.4,6.46,274.8,1,1,4.7
Soybean,2020,Kharif,766.7,27.6,64.6,125.2,45.1,201.3,6.99,270.84,1,1,3.84
Soybean,2023,Kharif,754.5,30.7,58.9,136.6,60.3,176.7,6.72,324.13,0,1,3.11
Cotton,2024,Kharif,765.5,28.1,64.0,187.6,31.9,211.6,7.31,54.25,0,1,2.15
Maize,2024,Kharif,683.4,25.6,60.8,202.8,60.1,206.6,6.96,13.33,1,0,5.67
Wheat,2015,Rabi,510.8,22.7,49.0,252.3,52.3,198.1,7.09,416.12,0,1,3.61
Sugarcane,2022,Summer,1220.4,34.5,80.4,219.4,62.3,246.3,7.27,406.76,0,0,52.46
Soybean,2021,Kharif,839.5,22.3,65.4,99.3,42.4,197.1,6.97,406.42,1,1,3.12
Cotton,2020,Kharif,913.8,31.2,57.7,215.0,25.6,211.3,7.12,174.45,1,1,1.87
Sugarcane,2019,Summer,1102.2,30.7,75.8,299.8,65.1,316.0,7.04,410.52,1,0,94.46
Sugarcane,2016,Summer,1199.2,29.0,79.0,216.9,51.3,322.2,6.3,462.47,0,0,55.11
Rice,2018,Kharif,1411.1,31.2,84.3,203.7,48.1,255.1,6.98,222.2,1,0,4.46
Rice,2015,Kharif,1150.3,30.0,86.3,147.8,42.8,284.7,7.18,427.39,0,1,3.27
Soybean,2017,Kharif,802.1,33.6,49.8,140.6,45.9,164.0,6.77,485.24,0,0,1.54
Cotton,2019,Kharif,738.2,27.9,52.9,134.8,31.9,302.2,7.04,4.76,0,0,1.84
Rice,2021,Kharif,1499.9,30.6,78.6,189.4,55.3,332.5,6.86,269.38,1,1,5.95
Rice,2020,Kharif,1123.1,28.0,79.5,177.0,53.3,253.9,6.49,47.53,1,1,5.31
Rice,2024,Kharif,1316.5,30.9,90.0,211.1,51.9,193.1,6.64,273.64,1,1,4.9
Maize,2020,Kharif,768.9,27.1,66.7,200.5,44.9,207.5,6.37,43.31,1,1,5.27
Sugarcane,2022,Summer,1094.7,31.2,83.0,218.6,51.6,345.5,6.83,279.2,0,1,81.76
Soybean,2017,Kharif,769.5,25.4,66.0,136.5,56.3,187.0,7.15,369.91,1,1,3.23
Turmeric,2017,Kharif,911.9,31.8,90.0,249.4,50.0,241.1,6.35,478.13,0,0,6.31
Soybean,2021,Kharif,787.7,28.5,70.0,142.1,48.4,140.7,7.34,376.78,1,1,3.42
Cotton,2024,Kharif,808.5,25.4,59.4,146.4,41.9,184.8,7.57,272.32,0,0,1.43
Maize,2019,Kharif,745.3,30.6,70.1,259.8,62.1,227.6,7.15,112.27,1,0,5.84
Rice,2015,Kharif,1328.0,26.5,90.0,155.5,40.0,251.6,6.17,16.0,0,1,2.85
Cotton,2015,Kharif,802.5,28.0,55.9,163.1,53.3,263.2,6.35,274.77,1,1,2.65
Maize,2016,Kharif,650.6,25.1,58.0,173.2,49.5,206.0,6.32,99.32,1,0,3.83
Soybean,2020,Kharif,770.6,26.6,66.2,130.7,51.2,230.4,6.31,142.73,0,1,3.01
Sugarcane,2024,Summer,1205.3,31.7,75.2,221.3,53.9,304.1,6.45,62.05,0,0,62.24
Wheat,2024,Rabi,500.0,22.3,66.8,246.9,62.4,160.6,7.49,284.58,1,1,4.17
Wheat,2016,Rabi,506.8,19.9,74.9,232.7,42.8,135.5,7.25,476.76,0,1,2.02
Wheat,2019,Rabi,597.4,23.6,66.3,249.2,52.6,180.5,6.95,12.5,1,1,3.4
Wheat,2018,Rabi,618.5,22.6,49.5,181.2,50.2,185.8,7.12,494.67,0,1,3.45
Cotton,2021,Kharif,573.3,27.7,49.0,137.6,38.7,153.9,7.24,130.6,0,1,1.48
Cotton,2024,Kharif,806.1,26.6,65.0,221.5,43.8,352.0,6.35,301.18,1,1,3.8
Rice,2023,Kharif,1284.5,28.2,85.0,205.6,48.5,152.6,6.65,292.83,0,1,3.84
Wheat,2018,Rabi,499.4,23.8,50.6,273.1,64.2,223.7,6.92,174.86,1,0,3.78
Wheat,2023,Rabi,528.9,22.5,62.2,203.2,47.9,146.8,7.71,220.44,1,1,3.08
Soybean,2015,Kharif,720.8,25.3,58.7,147.8,45.5,131.2,7.13,22.36,1,1,3.12
Cotton,2020,Kharif,753.1,28.2,63.4,199.4,35.1,244.2,6.76,168.42,0,0,1.91
Soybean,2016,Kharif,761.2,26.9,57.8,138.9,57.2,137.6,6.97,439.43,1,1,3.73
Wheat,2024,Rabi,423.4,24.1,52.4,230.8,54.7,245.8,6.79,307.55,0,1,3.05
Cotton,2016,Kharif,801.1,25.7,56.9,188.7,52.7,247.6,7.08,435.9,1,1,3.05
Turmeric,2018,Kharif,947.7,29.0,81.8,111.4,24.8,308.0,6.71,403.32,1,1,6.88
Rice,2021,Kharif,1105.2,30.3,80.2,223.3,45.3,214.4,6.24,161.27,0,1,4.35
Soybean,2017,Kharif,697.9,31.6,62.8,102.8,61.0,100.0,6.78,115.76,1,0,1.99
Soybean,2022,Kharif,693.6,29.4,71.6,80.0,50.1,226.0,6.92,102.05,0,1,2.4
Cotton,2020,Kharif,965.6,22.5,56.2,191.3,38.4,227.3,7.98,464.9,0,1,1.45
Rice,2022,Kharif,1340.2,27.3,86.5,154.1,28.3,302.8,5.9,264.44,0,0,2.53
Cotton,2018,Kharif,822.0,29.0,60.2,143.8,53.1,256.1,7.41,419.4,0,1,2.39
Sugarcane,2023,Summer,1017.8,30.0,74.0,217.1,61.7,438.8,6.91,247.01,1,1,90.08
Cotton,2015,Kharif,729.7,27.5,62.7,157.5,29.7,238.7,7.07,428.63,0,1,1.87
Turmeric,2015,Kharif,911.7,26.6,79.1,184.1,44.4,219.2,6.9,352.58,1,1,8.12
Rice,2015,Kharif,1188.5,30.6,75.1,226.7,60.8,295.3,6.15,365.79,0,1,4.54
Soybean,2023,Kharif,715.9,29.2,67.6,133.2,41.5,193.6,6.93,429.23,0,1,2.75
Soybean,2023,Kharif,745.0,25.8,74.1,155.3,41.4,141.2,6.52,38.35,0,1,2.24
Wheat,2024,Rabi,501.0,20.7,56.6,203.8,72.7,194.8,7.23,304.83,1,0,3.72
Rice,2023,Kharif,1244.4,32.6,83.1,173.6,42.6,248.3,5.78,320.16,0,1,3.51
Soybean,2021,Kharif,710.0,26.2,66.5,115.9,42.9,170.7,6.81,402.73,0,1,2.87
Maize,2019,Kharif,703.8,26.3,73.1,206.2,40.2,282.7,7.2,253.58,0,1,5.1
Cotton,2020,Kharif,698.4,26.5,60.8,139.6,40.3,231.6,7.09,243.38,1,1,2.73
Turmeric,2020,Kharif,918.5,28.4,84.2,192.1,49.3,279.2,6.27,398.5,1,1,9.88
Maize,2024,Kharif,638.2,24.7,71.7,167.0,44.2,229.9,6.89,145.24,0,1,4.42
Sugarcane,2020,Summer,1050.3,37.0,79.5,217.6,79.0,293.9,6.27,72.98,0,1,71.85
Soybean,2018,Kharif,819.4,26.2,60.8,154.3,42.5,201.7,6.65,206.04,0,1,2.74
Wheat,2021,Rabi,601.6,23.6,57.6,270.6,58.4,222.3,7.33,242.31,0,1,4.26
Cotton,2019,Kharif,678.8,28.6,55.1,125.7,47.2,301.9,7.31,52.26,0,1,2.16
Soybean,2017,Kharif,690.9,27.6,59.3,118.1,59.4,232.7,6.42,9.79,0,0,2.59
Sugarcane,2023,Summer,937.5,32.7,82.7,249.0,49.4,366.6,6.36,84.45,1,1,96.53
Cotton,2015,Kharif,725.3,24.6,59.6,212.3,44.1,224.1,6.82,336.02,1,1,2.31
Rice,2018,Kharif,1188.3,28.8,90.0,176.6,40.5,239.4,5.99,215.91,0,1,3.33
Wheat,2020,Rabi,464.6,22.4,65.3,275.2,68.7,210.7,6.43,102.54,1,0,3.9
Soybean,2024,Kharif,755.5,27.0,59.7,136.9,50.7,161.8,7.46,307.14,0,0,2.37
Cotton,2017,Kharif,939.6,25.7,52.2,151.4,39.6,212.3,7.65,347.38,1,1,1.72
Cotton,2017,Kharif,779.5,32.3,61.2,188.6,24.2,247.7,6.45,210.2,0,1,1.69
Soybean,2022,Kharif,799.8,26.6,70.7,164.2,63.5,202.0,6.91,266.05,1,1,4.86
Cotton,2019,Kharif,991.4,25.7,65.8,174.6,38.0,266.7,7.08,465.65,0,1,2.06
Soybean,2022,Kharif,851.1,24.6,61.1,116.9,44.6,195.1,6.99,28.42,1,1,3.24
Wheat,2024,Rabi,594.1,24.2,63.1,231.0,48.6,215.3,7.56,264.26,0,0,2.86
Rice,2021,Kharif,1441.1,30.4,80.9,210.9,48.8,257.6,6.26,287.38,0,0,4.18
Cotton,2021,Kharif,748.3,28.0,53.5,170.0,34.7,181.9,6.98,16.55,0,0,1.91
Wheat,2021,Rabi,634.5,21.6,58.7,240.7,47.2,103.3,6.91,270.22,0,1,2.57
Maize,2015,Kharif,671.1,27.1,71.1,228.0,59.2,246.9,7.37,17.42,0,1,5.7
Rice,2019,Kharif,1242.8,30.3,76.4,195.3,24.8,243.5,6.35,3.17,1,1,5.08
Wheat,2018,Rabi,531.4,23.2,50.3,190.9,45.8,262.5,7.09,127.56,0,1,3.69
Rice,2018,Kharif,1211.3,33.7,87.0,235.6,46.0,212.1,6.99,313.31,1,0,3.67
Maize,2022,Kharif,912.6,25.6,67.2,171.6,54.1,180.8,6.23,43.35,0,1,3.76
Cotton,2022,Kharif,746.5,30.5,73.1,190.4,38.4,219.0,6.75,358.19,1,1,2.25
Soybean,2019,Kharif,839.5,26.6,55.3,98.7,47.2,182.4,6.56,234.42,1,1,2.94
Cotton,2018,Kharif,818.9,25.9,59.1,154.1,42.2,189.5,6.82,273.97,0,0,1.54
Cotton,2016,Kharif,730.7,27.7,61.8,187.2,41.6,155.8,7.17,24.21,0,0,2.0
Cotton,2023,Kharif,832.6,30.7,52.8,145.8,38.3,209.0,7.32,98.21,1,1,1.93
Cotton,2019,Kharif,895.7,26.1,71.7,194.8,42.3,171.4,7.47,153.04,0,1,1.76
Soybean,2022,Kharif,869.7,25.7,70.8,122.2,47.7,191.8,7.15,53.62,0,1,2.72
Turmeric,2018,Kharif,849.1,32.6,62.1,195.4,55.5,245.1,7.21,295.33,0,0,5.6
Maize,2020,Kharif,901.0,27.7,67.1,163.4,48.3,160.1,6.29,30.66,0,1,3.65
Rice,2022,Kharif,1186.9,34.1,75.3,183.3,53.9,219.5,6.29,235.32,1,1,3.84
Cotton,2016,Kharif,767.6,26.1,45.2,173.9,33.4,246.0,7.51,334.48,1,0,1.58
Soybean,2023,Kharif,789.9,30.1,60.2,95.4,60.7,171.2,6.68,392.55,0,0,2.21
Soybean,2023,Kharif,802.3,28.2,61.5,113.8,36.1,161.1,6.72,94.61,1,1,3.14
Rice,2020,Kharif,1050.4,28.4,79.0,202.7,50.6,265.0,6.41,73.22,0,1,4.85
Wheat,2024,Rabi,584.5,24.5,64.0,205.5,45.6,198.2,7.69,321.72,0,1,2.56
Maize,2017,Kharif,712.6,24.8,66.1,229.1,71.0,215.5,5.94,202.6,1,1,6.63
Soybean,2024,Kharif,873.4,26.7,58.7,117.5,61.4,163.3,6.24,210.43,1,1,3.14
Rice,2015,Kharif,1182.5,29.5,74.8,257.3,47.6,230.7,7.08,368.82,1,0,4.31
Maize,2022,Kharif,701.4,29.3,71.4,218.9,46.8,216.9,7.09,234.62,1,1,5.28
Cotton,2023,Kharif,777.4,26.4,52.5,175.1,43.2,258.0,6.8,64.91,0,1,2.32
Rice,2018,Kharif,1226.8,30.9,86.3,189.5,45.1,202.4,6.15,318.23,0,1,3.85
Rice,2024,Kharif,1311.9,28.5,76.0,142.8,55.8,282.1,6.46,189.8,1,1,5.08
Cotton,2020,Kharif,890.2,28.4,49.3,158.9,38.3,231.1,7.41,327.4,0,0,1.76
Cotton,2023,Kharif,761.3,29.1,53.5,229.5,46.9,199.7,7.06,491.94,1,1,2.7
Wheat,2024,Rabi,576.4,21.0,60.1,210.7,47.2,197.5,8.44,48.1,1,1,3.0
Maize,2020,Kharif,747.2,26.5,65.1,223.4,46.9,261.9,7.18,382.67,0,1,5.98
Maize,2019,Kharif,433.6,26.9,67.0,165.6,53.2,256.9,6.68,93.39,0,1,4.24
Wheat,2018,Rabi,591.3,22.3,65.3,267.7,40.6,122.6,7.46,143.31,0,1,2.27
Rice,2024,Kharif,1138.0,28.8,80.5,277.3,46.0,279.9,7.1,375.04,0,1,5.07
Turmeric,2016,Kharif,959.8,30.1,72.5,188.0,49.5,280.9,6.68,483.86,0,0,7.25
Soybean,2019,Kharif,829.5,26.1,59.8,102.5,38.1,172.7,7.42,231.53,1,1,2.42
Wheat,2018,Rabi,626.8,22.6,60.4,235.2,51.1,166.2,7.14,422.6,1,1,3.56
Sugarcane,2015,Summer,1297.0,31.2,86.7,250.9,71.8,207.0,6.72,249.76,1,1,77.01
Turmeric,2018,Kharif,938.3,29.5,81.0,220.8,50.3,240.6,6.81,133.48,1,0,10.06
Wheat,2016,Rabi,509.5,22.8,59.0,206.0,73.9,185.8,6.87,254.01,0,1,3.32
Soybean,2016,Kharif,739.6,23.5,54.3,118.7,42.9,191.9,6.3,148.44,1,0,2.41
Soybean,2022,Kharif,663.8,25.1,58.4,85.5,61.3,217.4,6.84,30.26,0,1,2.84
Cotton,2015,Kharif,932.2,25.0,64.2,206.2,39.9,168.6,7.54,265.81,1,0,1.73
Rice,2021,Kharif,1296.9,29.1,77.3,184.3,52.1,164.8,6.39,243.5,0,1,3.78
Soybean,2017,Kharif,750.8,26.0,63.8,128.0,51.9,177.1,6.55,374.04,0,1,2.99
Soybean,2015,Kharif,789.1,25.4,78.9,118.2,46.4,185.1,6.36,423.14,0,1,1.99
Maize,2024,Kharif,765.2,31.5,64.3,199.3,52.3,194.0,6.91,201.32,0,0,3.97
Wheat,2021,Rabi,501.2,23.1,48.8,195.7,59.3,124.4,7.29,473.57,1,1,3.28
Wheat,2017,Rabi,532.6,24.1,45.5,193.5,68.2,184.3,6.86,342.68,0,1,3.27
Rice,2024,Kharif,1187.7,29.7,79.4,152.8,35.3,226.6,6.35,168.64,1,0,4.31
Maize,2017,Kharif,685.3,26.7,74.6,211.2,60.0,210.0,6.8,6.09,0,0,4.95
Sugarcane,2020,Summer,1104.1,27.9,83.1,253.0,53.7,283.5,6.54,139.34,1,1,70.17
Maize,2020,Kharif,766.6,27.4,56.0,179.7,39.2,234.5,6.44,261.82,1,0,4.49
Turmeric,2022,Kharif,927.8,28.3,74.6,175.5,39.6,284.5,6.49,226.14,1,0,9.97
Soybean,2016,Kharif,682.9,27.4,69.7,152.1,50.5,116.4,6.93,217.26,1,1,2.75
Soybean,2024,Kharif,720.6,32.4,52.6,107.6,43.1,180.2,6.1,314.67,1,1,2.1
Wheat,2018,Rabi,567.8,23.6,40.9,223.9,65.3,219.9,7.31,338.98,1,1,4.05
Soybean,2022,Kharif,759.5,28.8,71.2,133.5,35.5,146.1,7.27,34.12,0,1,2.42
Sugarcane,2018,Summer,1206.4,30.2,90.0,163.2,71.6,348.9,7.37,17.66,0,1,55.4
Wheat,2023,Rabi,476.0,25.5,62.6,188.1,68.2,202.9,7.01,53.39,1,0,3.11
Cotton,2024,Kharif,897.5,24.4,54.0,200.2,44.4,215.8,7.74,33.01,1,1,2.71
Maize,2015,Kharif,821.6,27.1,63.2,247.9,60.2,121.3,6.15,7.98,0,1,4.42
Maize,2022,Kharif,738.7,30.1,54.4,251.1,55.4,220.4,6.93,44.2,0,1,4.86
Wheat,2021,Rabi,504.7,23.4,59.0,218.0,50.0,177.7,7.31,461.0,0,1,3.3
Wheat,2020,Rabi,648.4,23.2,58.9,181.8,63.7,194.5,7.2,218.53,1,0,3.8
Maize,2016,Kharif,761.4,29.0,56.5,187.9,49.3,202.1,6.51,440.89,0,1,4.22
Turmeric,2022,Kharif,874.6,30.7,84.5,186.4,52.4,246.3,6.87,124.6,1,1,8.62
Rice,2023,Kharif,1122.0,29.9,86.6,219.2,54.0,226.5,6.66,330.36,0,1,5.29
Wheat,2016,Rabi,525.1,25.4,48.5,234.7,49.1,172.1,7.36,33.43,0,1,3.12
Cotton,2019,Kharif,789.5,24.7,64.1,180.2,37.2,151.1,6.71,492.84,0,1,1.76
Rice,2018,Kharif,1459.3,31.1,76.0,201.5,34.3,194.7,6.99,167.58,0,1,3.18
Cotton,2019,Kharif,855.2,27.9,61.8,161.6,39.4,205.4,7.28,205.0,0,0,1.68
Cotton,2021,Kharif,871.5,27.9,64.0,231.0,36.2,180.0,6.95,351.54,1,0,2.55
Turmeric,2016,Kharif,938.0,30.6,70.5,161.1,40.2,215.2,6.3,198.0,1,1,7.25
Rice,2017,Kharif,1113.6,30.7,78.9,167.8,34.3,240.5,5.68,54.97,1,1,4.33
Soybean,2022,Kharif,809.8,28.7,60.7,133.3,59.6,197.6,6.8,413.36,0,1,3.62
Sugarcane,2018,Summer,971.4,33.4,88.8,286.7,44.8,350.1,6.23,223.19,1,0,72.95
Cotton,2015,Kharif,861.6,31.1,69.4,240.8,42.5,204.4,6.58,247.0,1,1,2.37
Rice,2016,Kharif,1128.7,28.6,79.8,216.6,53.8,266.5,6.28,337.62,0,1,5.07
Soybean,2020,Kharif,738.2,27.2,73.9,132.0,47.3,202.1,6.87,93.06,0,1,3.26
Wheat,2020,Rabi,581.7,23.5,61.8,186.0,51.6,198.3,7.98,225.83,0,1,2.86
Wheat,2018,Rabi,525.5,25.0,59.7,174.9,62.3,161.7,7.16,169.15,1,0,2.95
Sugarcane,2020,Summer,973.7,32.0,72.1,218.1,73.5,292.5,6.79,313.4,0,0,60.07
Wheat,2021,Rabi,587.9,26.4,56.0,206.0,68.0,186.0,7.4,241.46,0,0,2.39
Cotton,2023,Kharif,950.4,29.1,62.1,174.5,40.6,171.0,7.79,156.66,0,1,1.7
Cotton,2019,Kharif,625.5,25.9,60.9,176.7,35.7,238.6,7.32,384.1,0,1,1.94
Wheat,2022,Rabi,529.3,23.0,62.3,219.7,43.0,137.5,7.55,356.91,1,1,3.42
Maize,2019,Kharif,805.9,24.0,64.7,213.9,64.0,218.6,6.69,200.55,0,0,5.09
Cotton,2017,Kharif,775.6,28.1,58.4,205.7,41.6,310.3,6.84,14.12,0,1,2.88
Wheat,2015,Rabi,557.5,23.1,45.7,156.8,57.9,215.2,7.07,300.71,0,1,2.71
Sugarcane,2015,Summer,1128.7,33.0,76.4,286.8,70.7,262.7,6.7,199.78,1,1,84.34
Turmeric,2023,Kharif,892.8,28.8,63.7,107.8,52.4,290.5,6.41,394.43,1,0,7.34
Cotton,2020,Kharif,810.7,30.2,58.8,100.4,41.9,257.8,7.4,294.98,0,1,1.82
Maize,2023,Kharif,835.2,24.8,53.1,156.4,57.2,150.6,6.95,404.56,1,1,3.24
Cotton,2022,Kharif,807.7,26.7,41.6,107.1,48.7,240.9,7.07,146.61,0,1,1.79
Cotton,2015,Kharif,714.3,28.0,58.2,118.4,32.9,238.5,6.99,462.4,0,1,1.88
Cotton,2024,Kharif,705.2,26.7,60.1,143.6,52.6,197.3,7.32,182.52,1,0,2.19
Maize,2016,Kharif,538.8,29.4,63.5,190.7,43.4,239.9,6.75,192.62,1,1,5.24
Rice,2018,Kharif,1093.5,28.2,84.2,188.2,44.3,310.8,6.54,426.62,1,1,4.31
Maize,2016,Kharif,671.9,25.4,58.8,143.5,50.7,187.3,6.43,23.38,0,1,3.94
Wheat,2022,Rabi,638.4,19.5,59.1,217.2,65.8,246.9,7.12,172.25,0,0,3.18
Soybean,2016,Kharif,809.1,30.4,71.2,138.1,53.0,152.0,6.99,274.85,0,1,2.8
Soybean,2018,Kharif,804.7,27.2,60.6,141.1,46.5,180.6,7.06,370.88,1,0,2.95
Wheat,2021,Rabi,560.0,20.2,58.6,253.5,53.0,219.3,6.7,141.66,0,1,4.09
Cotton,2018,Kharif,815.7,27.1,53.6,155.0,37.4,207.4,7.49,222.89,1,1,2.18
Soybean,2016,Kharif,687.9,28.3,72.0,89.4,58.9,167.4,6.34,69.41,0,1,2.21
Cotton,2024,Kharif,802.6,26.3,65.9,184.7,47.0,252.7,7.21,359.74,0,1,2.8
Cotton,2019,Kharif,887.6,29.9,74.7,172.5,46.7,254.0,7.17,36.37,0,1,2.26
Cotton,2019,Kharif,706.9,28.8,67.3,198.6,45.4,147.4,6.74,11.36,0,1,1.95
Maize,2022,Kharif,809.1,28.6,65.0,133.9,39.9,155.5,6.81,96.65,1,1,3.97
Turmeric,2022,Kharif,972.3,28.4,81.3,218.4,46.2,338.6,6.56,159.02,0,0,8.82
Wheat,2017,Rabi,636.7,20.2,51.3,264.6,49.2,235.8,7.64,495.36,1,1,4.15
Wheat,2015,Rabi,599.2,22.8,63.0,208.5,41.4,212.5,7.87,63.32,0,1,3.11
Cotton,2015,Kharif,959.4,27.7,68.3,183.2,40.2,223.2,6.8,59.34,0,1,2.08
Cotton,2022,Kharif,766.4,23.9,61.9,122.4,29.6,187.9,7.02,128.35,1,1,1.8
Wheat,2020,Rabi,412.3,19.2,72.1,287.9,51.5,168.3,7.2,256.41,0,1,2.24
Maize,2019,Kharif,792.5,28.4,38.5,99.3,48.8,209.7,6.74,350.5,0,0,1.89
Wheat,2015,Rabi,416.8,23.3,62.8,241.6,58.0,212.5,7.15,355.89,0,1,3.26
Cotton,2019,Kharif,825.1,32.3,69.1,150.0,30.4,166.7,6.61,491.76,0,0,0.96
Cotton,2019,Kharif,777.7,30.5,62.1,195.2,28.2,244.7,6.9,29.02,1,1,2.46
Rice,2023,Kharif,1422.8,34.3,77.5,208.6,51.9,241.2,6.45,310.94,0,0,3.23
Wheat,2016,Rabi,530.6,22.8,58.5,219.1,47.1,148.8,7.14,303.82,1,1,3.79
Maize,2023,Kharif,746.9,26.4,49.6,240.0,44.7,109.6,6.97,10.04,1,1,4.39
Sugarcane,2015,Summer,1118.9,28.9,82.7,219.6,44.2,380.9,7.09,340.53,0,1,64.04
Soybean,2015,Kharif,890.1,24.1,64.0,131.9,64.8,165.3,6.99,392.95,0,0,2.41
Soybean,2019,Kharif,758.2,27.4,70.2,137.4,28.9,221.8,7.16,421.42,1,1,3.65
Rice,2023,Kharif,1247.5,31.3,78.6,200.2,35.0,235.6,6.62,311.09,0,0,3.62
Maize,2016,Kharif,723.5,25.8,67.6,227.4,36.0,200.2,6.59,374.09,1,1,5.53
Cotton,2017,Kharif,835.6,27.8,51.5,163.6,32.2,205.6,6.78,73.28,1,1,2.15
Soybean,2016,Kharif,671.7,27.9,61.0,115.7,57.5,212.9,6.74,254.65,0,0,2.74
Wheat,2019,Rabi,497.6,23.6,49.8,250.2,61.0,163.3,7.5,475.13,0,1,3.21
Cotton,2018,Kharif,731.3,27.5,51.6,164.9,43.0,291.3,7.3,495.66,0,0,1.94
Cotton,2024,Kharif,879.0,27.6,88.1,198.1,32.2,228.6,7.14,64.88,1,1,2.01
Soybean,2019,Kharif,822.8,27.6,63.0,116.3,47.3,184.1,6.32,460.17,0,1,2.46
Rice,2018,Kharif,1323.1,29.8,89.8,181.6,49.2,240.8,6.06,379.24,1,1,4.88
Cotton,2018,Kharif,967.8,27.5,62.8,166.3,28.5,174.8,6.74,365.27,0,1,1.57
Sugarcane,2022,Summer,1133.4,32.3,75.3,231.2,60.0,298.3,6.67,142.13,0,0,64.13
Rice,2020,Kharif,1303.4,27.0,85.9,164.2,53.1,200.4,6.2,57.14,1,1,4.01
Wheat,2018,Rabi,567.8,23.5,49.8,205.5,57.1,174.5,7.44,326.1,1,1,3.66
Sugarcane,2019,Summer,1173.5,35.9,86.3,276.8,48.9,356.5,6.36,356.89,1,0,55.87
Turmeric,2021,Kharif,1258.3,27.7,82.1,161.3,65.7,309.5,6.84,398.28,0,1,9.61
Wheat,2015,Rabi,624.0,23.2,75.1,245.8,58.4,214.6,7.15,473.26,1,0,3.51
Maize,2021,Kharif,840.4,28.2,51.1,171.6,49.3,265.0,7.16,466.55,1,1,4.48
Turmeric,2018,Kharif,1105.7,31.4,79.1,163.0,39.5,301.1,6.56,67.56,1,1,8.57
Wheat,2018,Rabi,577.6,21.0,70.8,258.9,71.7,236.0,7.17,89.83,1,1,4.78
Cotton,2022,Kharif,722.5,30.9,63.9,169.7,44.9,171.7,7.1,194.0,1,1,2.49
Wheat,2016,Rabi,585.0,24.8,58.0,224.4,48.7,183.2,7.18,198.78,0,0,2.72
Soybean,2022,Kharif,748.8,23.8,60.9,123.3,44.5,228.4,6.54,93.16,1,1,3.65
Soybean,2016,Kharif,578.5,26.4,71.5,144.0,66.7,159.8,6.52,267.28,0,1,2.68
Cotton,2021,Kharif,753.8,26.3,74.6,173.5,46.9,177.0,7.52,213.94,0,1,1.83
Maize,2023,Kharif,750.3,28.0,60.9,231.9,43.3,153.3,7.13,495.17,1,1,5.47
Wheat,2017,Rabi,507.2,20.0,61.4,172.9,62.2,201.1,7.38,61.6,0,1,3.31
Soybean,2016,Kharif,829.3,23.6,51.0,150.2,46.4,155.7,6.63,433.02,0,1,2.35
Soybean,2017,Kharif,640.5,25.6,69.2,142.0,58.4,185.1,7.08,327.46,1,1,3.55
Rice,2022,Kharif,1350.5,29.7,75.5,200.7,41.5,250.0,6.13,184.07,0,1,4.46
Wheat,2024,Rabi,425.1,22.1,47.1,248.4,52.0,170.9,7.07,224.13,1,1,4.12
Soybean,2020,Kharif,777.3,26.5,60.4,133.3,64.5,133.6,6.65,304.42,0,1,3.26
Rice,2016,Kharif,1256.2,30.9,77.8,206.6,53.3,204.6,6.46,179.59,1,1,5.2
Sugarcane,2017,Summer,1152.3,29.2,83.6,259.7,50.8,257.4,6.65,470.49,1,0,61.46
Wheat,2019,Rabi,550.2,21.7,48.1,267.8,51.1,132.2,7.09,162.54,1,0,3.0
Wheat,2021,Rabi,533.9,20.5,59.0,203.8,63.6,256.3,6.77,342.23,0,1,4.05
Soybean,2018,Kharif,741.2,26.8,64.4,101.3,56.7,189.2,7.43,115.36,1,1,3.01
Cotton,2023,Kharif,920.6,29.5,78.9,198.5,35.1,184.5,7.01,353.48,0,0,1.27
Maize,2024,Kharif,729.9,29.0,73.9,209.3,43.0,167.2,6.76,384.56,1,1,4.31
Wheat,2018,Rabi,491.2,20.2,46.2,198.1,57.7,201.0,7.47,148.97,1,0,2.75
Sugarcane,2022,Summer,1248.4,31.6,84.5,198.4,69.9,371.3,6.66,416.5,0,0,70.1
Sugarcane,2022,Summer,1054.5,33.2,85.3,230.5,67.8,287.2,7.52,366.55,0,1,72.36
Maize,2018,Kharif,722.2,27.8,70.1,213.1,41.5,246.9,7.06,117.51,0,0,4.28
Rice,2023,Kharif,1179.7,33.4,75.4,176.9,38.8,260.4,6.7,244.75,0,1,3.18
Turmeric,2024,Kharif,830.4,30.0,75.5,217.0,51.0,279.4,6.62,437.08,1,1,11.57
Sugarcane,2022,Summer,1273.7,28.6,77.9,228.2,62.1,356.7,6.25,468.42,0,0,63.18
Cotton,2020,Kharif,933.9,26.3,62.9,155.4,33.5,243.7,7.05,183.65,0,1,1.93
Soybean,2024,Kharif,764.1,29.9,74.0,91.7,62.8,130.7,7.56,67.34,0,0,1.61
Rice,2015,Kharif,1261.9,29.5,68.3,213.5,44.7,256.9,5.84,303.84,0,1,3.43
Wheat,2020,Rabi,529.5,24.0,78.5,219.0,66.4,179.7,7.71,226.63,1,1,3.04
Cotton,2023,Kharif,868.2,27.1,72.5,193.9,48.4,220.4,6.67,247.92,1,1,2.23
Sugarcane,2016,Summer,1015.8,29.7,87.2,239.5,55.2,349.8,6.96,454.5,0,1,62.21
Sugarcane,2015,Summer,1146.9,33.7,73.9,264.2,59.2,364.6,6.91,465.56,1,1,87.92
Cotton,2024,Kharif,767.5,28.9,58.7,225.6,50.1,170.5,6.86,176.13,0,0,2.21
Rice,2020,Kharif,1226.3,29.5,80.4,215.5,45.2,265.6,6.38,10.71,0,1,6.06
Rice,2024,Kharif,1193.5,31.5,79.7,191.3,37.1,218.3,6.1,39.78,0,1,2.99
Wheat,2019,Rabi,625.7,22.3,58.2,186.8,70.0,232.5,7.14,262.0,0,1,3.7
Turmeric,2017,Kharif,838.3,29.4,73.7,177.8,45.2,183.2,6.07,78.28,0,1,7.57
Wheat,2024,Rabi,526.0,24.6,64.8,231.9,53.8,212.8,7.15,49.26,1,0,3.64
Soybean,2024,Kharif,650.6,21.9,67.9,106.7,49.5,151.0,5.98,251.64,1,1,2.0
Maize,2020,Kharif,772.6,27.3,67.7,201.2,46.1,156.0,6.95,355.69,1,1,4.82
Soybean,2018,Kharif,608.1,25.6,58.6,81.6,76.6,133.1,6.69,140.23,0,1,2.34
Cotton,2018,Kharif,857.2,24.7,58.5,186.7,28.5,282.1,7.33,492.0,0,1,2.05
Cotton,2019,Kharif,723.6,29.1,52.0,187.7,44.9,133.7,6.99,132.99,0,1,1.99
Cotton,2016,Kharif,782.4,23.6,58.6,136.6,33.0,235.7,7.05,407.01,0,1,1.81
Cotton,2022,Kharif,818.2,32.8,65.2,187.7,40.2,181.3,6.36,234.45,0,1,1.68
Wheat,2019,Rabi,639.5,24.4,47.6,182.3,62.3,195.9,7.9,163.18,0,1,2.86
Sugarcane,2016,Summer,1130.5,30.6,86.0,280.0,53.3,265.2,6.77,380.51,1,1,87.25
Soybean,2018,Kharif,779.1,26.6,72.1,120.2,66.1,171.6,6.21,298.32,0,1,3.1
Maize,2018,Kharif,744.8,28.9,66.0,185.7,42.7,222.3,7.19,13.68,0,0,3.85
Rice,2022,Kharif,1205.8,30.0,90.0,215.9,58.7,198.5,6.87,217.38,0,1,4.84
Soybean,2018,Kharif,877.2,29.4,74.8,94.9,45.9,187.3,7.14,443.86,0,0,1.7
Maize,2021,Kharif,652.6,25.9,67.8,194.8,53.6,245.8,7.72,408.7,1,1,5.3
Cotton,2024,Kharif,870.0,27.8,55.7,155.0,54.3,237.4,7.17,198.13,1,1,2.89
Wheat,2020,Rabi,518.4,22.8,56.5,216.9,75.8,158.8,7.71,130.2,1,1,4.15
Maize,2019,Kharif,747.5,25.9,73.5,191.6,54.0,241.3,6.15,428.27,0,1,4.87
Cotton,2020,Kharif,830.4,28.4,68.3,168.4,35.1,244.8,6.82,241.27,0,1,2.21
Soybean,2016,Kharif,679.9,28.6,66.7,104.9,63.8,181.2,6.82,254.63,0,1,2.83
Cotton,2021,Kharif,844.0,28.1,56.3,143.5,19.7,188.4,7.35,233.76,1,1,1.61
Wheat,2020,Rabi,568.0,20.0,54.6,202.3,56.8,229.3,7.16,318.58,0,1,3.82
Maize,2022,Kharif,666.6,31.1,56.7,195.0,35.8,299.3,7.03,462.48,0,0,3.32
Rice,2022,Kharif,1045.4,34.3,73.1,231.4,52.5,217.1,6.69,229.47,1,1,3.91
Rice,2020,Kharif,1258.3,32.9,83.7,238.8,40.1,267.5,6.61,313.21,0,0,3.7
Sugarcane,2020,Summer,1093.0,34.4,87.6,234.7,55.8,170.9,6.64,133.85,0,1,56.16
Rice,2023,Kharif,1334.7,27.8,90.0,205.7,42.7,253.1,7.05,351.81,1,1,4.09
Soybean,2018,Kharif,794.4,27.2,64.8,122.1,48.1,121.0,6.79,108.62,1,1,3.05
Cotton,2024,Kharif,700.4,28.1,58.5,167.3,22.4,273.4,7.17,32.86,0,1,2.09
Cotton,2023,Kharif,775.0,28.1,62.0,179.3,39.9,262.7,7.42,379.02,1,0,2.75
Cotton,2022,Kharif,897.5,28.9,62.6,168.3,45.9,245.0,6.72,204.73,1,1,2.92
Rice,2023,Kharif,1131.2,30.9,75.3,202.3,45.6,326.6,6.14,345.43,1,0,3.85
Soybean,2018,Kharif,749.9,28.3,62.1,122.7,39.3,167.8,6.64,200.01,1,1,3.03
Soybean,2016,Kharif,802.9,27.0,75.2,91.1,50.2,197.2,7.33,376.0,1,0,2.69
Cotton,2016,Kharif,803.3,27.7,77.7,161.5,35.0,258.3,7.45,94.47,1,1,1.92
Rice,2017,Kharif,1224.5,28.4,75.4,218.1,40.8,203.4,6.01,148.53,1,1,3.79
Wheat,2017,Rabi,582.2,23.0,55.4,256.6,56.5,249.0,7.17,206.26,0,1,4.75
Soybean,2016,Kharif,652.8,24.9,68.5,120.7,59.3,173.1,6.81,380.03,0,0,2.56
Soybean,2024,Kharif,703.3,27.1,68.5,174.1,63.2,214.5,6.34,331.5,0,1,3.55
Maize,2021,Kharif,636.1,24.7,69.8,160.0,52.1,187.8,7.38,20.59,1,1,4.06
Cotton,2024,Kharif,656.0,27.2,64.7,201.2,48.9,230.4,6.2,279.28,0,1,1.94
Maize,2023,Kharif,765.0,24.4,67.0,237.5,52.4,170.6,6.66,142.51,1,1,6.24
Wheat,2017,Rabi,569.6,22.6,58.1,228.7,72.7,184.0,6.79,260.57,0,1,3.95
Wheat,2019,Rabi,582.7,21.6,52.7,251.9,64.0,204.1,7.47,486.34,1,1,4.59
Maize,2015,Kharif,779.8,27.5,71.1,257.4,56.6,242.2,6.87,36.98,0,0,5.15
Maize,2021,Kharif,697.2,23.2,62.5,212.4,55.9,223.8,7.18,35.45,1,1,5.21
Rice,2016,Kharif,1249.0,32.4,77.8,185.9,48.9,208.6,6.28,461.78,0,1,4.14
Rice,2022,Kharif,1259.0,26.0,79.7,219.7,47.5,246.6,5.82,324.67,1,1,4.75
Cotton,2023,Kharif,890.6,26.4,52.8,208.4,38.6,217.9,7.31,476.83,1,1,2.59
Soybean,2022,Kharif,801.2,26.0,67.4,91.0,64.3,165.1,7.08,65.95,1,0,2.63
Rice,2019,Kharif,1283.2,28.5,86.8,220.2,35.6,289.7,7.36,55.45,0,1,3.95
Sugarcane,2024,Summer,876.9,32.1,81.1,193.6,64.5,381.8,6.81,245.66,1,1,97.11
Maize,2022,Kharif,739.2,30.9,49.1,144.3,54.5,141.5,7.13,423.37,1,1,3.21
Cotton,2021,Kharif,790.2,28.5,66.9,214.8,28.0,187.0,6.53,48.16,1,0,1.78
Rice,2020,Kharif,1500.0,28.7,90.0,159.6,48.7,197.1,5.8,326.35,0,1,3.11
Cotton,2016,Kharif,811.1,26.8,68.4,202.5,42.4,206.4,7.85,324.59,1,0,2.06
Cotton,2024,Kharif,633.1,28.6,51.9,181.1,34.2,238.1,7.42,462.28,1,1,2.09
Rice,2019,Kharif,1402.1,30.7,90.0,253.2,55.4,193.0,5.85,59.36,1,1,5.11
Cotton,2024,Kharif,672.6,26.1,62.8,142.3,56.8,312.4,6.57,458.06,0,1,2.26
Wheat,2018,Rabi,578.9,20.7,47.2,182.6,61.6,187.4,7.02,379.46,0,1,2.6
Rice,2018,Kharif,1044.4,30.5,78.9,186.2,63.7,243.6,6.82,134.47,0,0,3.22
Cotton,2023,Kharif,817.2,28.2,53.4,208.9,40.3,256.3,6.41,481.36,1,0,2.43
Cotton,2024,Kharif,849.2,27.4,68.9,164.6,50.7,193.8,6.96,182.24,1,1,2.96
Soybean,2019,Kharif,714.0,25.0,61.4,175.6,50.9,189.2,7.36,225.42,0,1,3.12
Cotton,2017,Kharif,975.7,24.3,69.6,169.6,38.1,263.2,6.49,494.69,0,1,1.4
Soybean,2018,Kharif,619.4,26.6,65.1,151.5,35.3,162.7,6.85,12.09,1,1,3.1
Sugarcane,2019,Summer,861.6,33.2,86.8,230.6,73.9,208.3,6.11,32.56,0,1,53.9
Turmeric,2017,Kharif,837.1,31.5,70.7,233.7,74.7,194.7,6.8,109.02,1,0,8.64
Rice,2018,Kharif,1451.1,28.7,77.3,225.6,40.9,243.5,6.64,279.51,1,1,5.28
Cotton,2016,Kharif,758.8,29.3,54.1,212.3,43.6,199.2,7.47,294.27,1,0,2.33
Rice,2021,Kharif,1268.1,28.2,78.6,194.3,42.2,250.5,6.96,167.02,0,1,3.35
Rice,2015,Kharif,1219.9,29.8,90.0,207.2,40.7,291.6,6.96,208.71,1,1,4.94
Soybean,2019,Kharif,778.3,28.0,77.6,121.2,43.0,126.0,6.46,414.33,0,0,1.94
Rice,2017,Kharif,1275.5,31.6,76.7,158.5,31.0,274.9,5.75,321.03,0,0,2.44
Maize,2019,Kharif,743.1,26.8,90.0,197.7,48.4,206.4,6.68,171.3,1,1,4.56
Cotton,2019,Kharif,872.0,28.8,57.8,182.9,33.2,238.4,7.06,475.82,0,1,2.17
Wheat,2024,Rabi,455.8,22.6,56.0,207.3,39.4,182.1,7.49,475.26,0,0,2.55
Wheat,2016,Rabi,525.5,22.7,48.6,185.8,65.3,136.7,7.17,463.8,1,1,3.59
Rice,2017,Kharif,1166.9,27.7,90.0,143.5,35.9,211.5,6.46,456.76,0,1,2.7
Rice,2018,Kharif,1331.5,29.6,81.3,233.1,58.7,278.2,6.24,40.8,0,1,5.24
Rice,2022,Kharif,1310.4,29.8,79.4,210.0,51.7,200.6,6.62,81.91,0,1,4.92
Cotton,2021,Kharif,736.8,28.5,47.2,215.4,38.4,219.1,6.79,59.41,0,0,1.95
Wheat,2015,Rabi,429.8,19.6,63.1,174.2,37.0,157.3,7.7,146.7,1,1,2.08
Wheat,2024,Rabi,543.7,23.9,55.0,218.3,60.5,126.9,5.97,303.2,0,1,2.72
Cotton,2018,Kharif,910.6,27.4,55.9,222.4,39.5,197.3,7.62,19.71,0,1,2.16
Wheat,2020,Rabi,545.0,24.4,76.0,242.5,51.0,176.3,6.72,188.1,0,1,2.42
Wheat,2017,Rabi,538.0,21.6,53.5,225.7,62.9,176.2,6.57,357.35,0,1,3.27
Sugarcane,2015,Summer,1067.6,30.2,90.0,259.0,53.4,308.7,6.66,79.47,1,1,78.49
Wheat,2016,Rabi,421.4,19.3,51.5,228.9,63.6,129.4,7.57,2.73,1,1,3.12
Soybean,2015,Kharif,776.2,21.7,62.5,136.5,45.8,235.3,7.36,224.0,1,1,3.26
Rice,2024,Kharif,1171.4,30.8,80.7,201.3,39.2,198.9,6.22,157.22,0,1,4.14
Soybean,2022,Kharif,746.2,27.3,68.0,137.6,57.3,176.9,6.96,221.75,1,1,4.1
Turmeric,2018,Kharif,818.1,26.3,73.2,209.0,60.0,214.5,6.91,221.6,0,0,6.97
Soybean,2023,Kharif,855.6,26.5,74.9,133.4,66.5,247.1,7.14,175.23,0,1,3.46
Soybean,2021,Kharif,682.7,24.8,71.1,140.8,76.6,179.4,6.77,87.4,0,1,2.85
Rice,2016,Kharif,1216.0,25.8,85.4,156.4,31.1,271.3,6.64,171.03,0,1,2.99
Rice,2022,Kharif,1289.4,28.4,90.0,188.1,43.7,258.6,5.94,115.95,0,0,3.55
Cotton,2017,Kharif,884.4,26.3,54.5,156.6,18.7,245.1,7.43,226.15,1,1,1.72
Wheat,2018,Rabi,509.4,24.4,52.2,184.0,55.7,136.2,7.58,371.35,0,1,2.35
Cotton,2019,Kharif,764.3,28.9,63.0,208.5,45.6,226.4,6.92,74.9,1,1,2.87
Maize,2015,Kharif,725.8,25.7,58.1,220.5,54.4,163.7,6.7,469.64,0,1,4.68
Cotton,2024,Kharif,864.7,28.7,64.5,190.5,45.0,268.1,6.91,408.74,0,1,2.61
Soybean,2015,Kharif,851.9,22.9,64.7,129.1,53.5,199.4,7.2,498.56,1,1,3.24
Maize,2018,Kharif,770.4,29.2,74.6,162.5,54.9,206.8,6.38,7.77,0,1,3.9
Soybean,2020,Kharif,837.9,26.1,79.7,100.8,57.5,183.4,6.56,46.77,1,0,2.56
Cotton,2018,Kharif,684.9,27.7,68.4,240.2,49.1,205.2,7.76,361.42,0,1,2.24
Sugarcane,2017,Summer,1101.1,28.5,73.0,239.0,61.0,399.9,5.99,165.18,0,1,56.54
Soybean,2016,Kharif,672.1,26.6,71.6,107.7,53.0,142.8,6.49,328.43,0,0,2.01
Turmeric,2024,Kharif,991.5,30.6,90.0,163.2,50.5,259.0,6.2,293.08,1,1,8.86
Maize,2022,Kharif,761.2,26.6,68.5,179.2,53.9,186.1,6.3,340.76,1,1,5.63
Wheat,2017,Rabi,572.2,19.9,55.4,193.1,44.7,225.7,6.95,247.77,0,1,2.88
Wheat,2018,Rabi,550.8,23.9,43.1,254.0,59.8,179.9,8.05,483.64,0,1,2.84
Wheat,2017,Rabi,639.2,25.1,39.4,272.0,80.0,224.6,7.2,469.88,1,0,3.52
Rice,2019,Kharif,1186.2,28.7,76.9,135.2,34.7,256.7,6.89,112.06,1,1,3.91
Wheat,2022,Rabi,506.4,21.1,44.9,223.6,49.5,198.0,7.62,41.38,0,1,3.34
Rice,2017,Kharif,1194.8,32.6,82.5,217.7,46.4,276.4,6.41,339.19,0,1,4.86
Sugarcane,2020,Summer,1134.2,33.3,84.5,212.7,57.4,288.3,6.4,377.84,1,0,68.93
Soybean,2019,Kharif,685.3,25.9,50.4,146.2,49.4,220.7,6.48,310.66,1,1,3.12
Soybean,2021,Kharif,709.6,29.9,66.5,143.1,63.0,156.4,6.57,228.77,0,0,2.76
Wheat,2024,Rabi,486.3,25.8,69.4,214.1,58.9,217.9,7.14,495.66,0,1,3.13
Soybean,2019,Kharif,750.4,29.7,58.2,152.9,48.2,214.9,7.6,176.01,0,1,2.76
Rice,2019,Kharif,1349.7,27.0,84.8,166.8,56.8,184.5,7.02,461.98,1,1,3.93
Sugarcane,2017,Summer,1022.2,33.5,76.1,227.9,43.7,284.4,6.04,409.06,1,1,63.99
Cotton,2019,Kharif,678.3,28.1,64.6,220.3,54.8,236.4,7.32,249.0,1,1,3.46
Turmeric,2015,Kharif,769.3,29.7,80.2,120.4,63.0,254.7,6.93,247.24,0,0,6.62
Soybean,2018,Kharif,755.1,31.5,73.5,115.5,55.5,231.5,6.36,178.91,1,0,2.43
Cotton,2024,Kharif,951.7,26.5,59.6,215.1,40.4,206.1,6.72,60.15,0,1,2.49
Cotton,2019,Kharif,816.9,26.7,70.2,162.8,43.5,224.4,7.12,100.32,0,0,1.89
Cotton,2017,Kharif,835.4,30.9,67.1,208.6,24.9,158.8,6.51,368.97,0,0,1.17
Maize,2022,Kharif,667.5,26.1,77.7,212.3,55.4,203.4,6.73,214.24,1,1,6.01
Sugarcane,2015,Summer,1233.8,30.8,67.7,225.2,52.5,333.1,7.15,357.91,1,1,60.31
Sugarcane,2022,Summer,1102.1,30.5,77.3,281.9,43.1,408.1,6.49,20.31,1,0,84.49
Maize,2018,Kharif,765.8,27.8,67.3,180.3,73.6,247.9,6.52,369.63,0,1,5.53
Soybean,2020,Kharif,781.1,27.8,67.4,121.4,56.6,101.6,6.88,165.23,1,1,3.55
Wheat,2022,Rabi,613.5,20.6,58.2,164.0,52.4,198.0,7.27,55.28,0,1,3.37
Wheat,2020,Rabi,499.9,24.3,50.3,246.5,59.0,175.1,6.97,212.09,1,1,3.73
Rice,2019,Kharif,1272.3,34.0,82.5,134.7,45.2,279.2,6.84,5.52,1,0,3.37
Wheat,2021,Rabi,607.3,21.7,51.7,300.0,43.0,185.3,7.23,94.73,1,1,3.96
Wheat,2015,Rabi,592.9,23.7,42.0,195.9,57.7,219.6,6.63,310.86,1,0,2.6
Cotton,2017,Kharif,911.9,28.4,59.2,184.0,34.3,190.6,6.51,246.9,0,0,1.64
Cotton,2016,Kharif,860.9,33.6,57.9,156.6,35.3,215.6,6.8,403.4,0,0,1.31
Rice,2021,Kharif,1278.5,32.3,90.0,185.1,33.7,234.1,7.04,317.39,0,1,2.66
Wheat,2016,Rabi,561.5,20.6,62.5,205.0,58.2,154.2,7.61,343.73,0,1,3.09
Maize,2022,Kharif,704.8,28.2,65.1,187.3,46.5,230.1,6.84,490.26,0,0,5.19
Wheat,2019,Rabi,500.5,25.4,57.6,216.1,61.8,227.6,7.23,204.16,0,1,3.7
Sugarcane,2024,Summer,971.4,32.0,79.8,229.6,61.9,365.3,7.65,151.74,0,1,77.02
Cotton,2022,Kharif,687.7,29.9,67.7,143.0,44.6,257.2,6.86,204.6,0,1,1.9
Soybean,2022,Kharif,741.0,24.0,63.1,93.2,38.3,183.3,6.75,324.82,0,0,2.1
Maize,2022,Kharif,599.0,26.2,74.7,204.9,43.7,185.3,6.85,54.16,1,1,5.23
Rice,2021,Kharif,1343.6,28.7,81.2,193.1,46.3,227.9,6.25,365.14,1,1,4.75
Cotton,2020,Kharif,807.9,25.3,61.1,166.8,42.0,237.1,6.28,432.17,1,0,2.08
Wheat,2017,Rabi,575.8,21.0,61.4,172.1,52.0,245.0,6.92,495.71,0,0,3.01
Cotton,2019,Kharif,786.6,28.9,73.7,202.5,46.8,210.3,7.24,98.15,0,0,1.79
Soybean,2018,Kharif,784.2,28.6,51.2,163.1,19.9,204.1,6.98,287.56,0,1,2.21
Rice,2016,Kharif,1241.7,32.9,90.0,182.3,33.8,282.9,6.23,93.88,0,0,2.95
Cotton,2022,Kharif,831.5,29.4,64.9,143.2,48.5,184.3,7.08,7.18,1,1,2.41
Soybean,2023,Kharif,759.5,26.1,60.4,109.1,47.5,174.1,7.07,109.97,1,1,4.07
Soybean,2022,Kharif,734.0,30.5,60.5,145.9,63.8,143.4,6.78,438.31,0,0,2.74
Maize,2018,Kharif,661.6,24.8,59.4,237.0,35.3,186.7,6.7,355.62,1,1,4.72
Cotton,2017,Kharif,812.5,28.7,65.3,179.0,34.0,233.3,6.62,169.08,0,1,1.9
Rice,2015,Kharif,1426.8,29.5,67.1,227.7,48.7,106.6,6.95,202.28,1,1,3.78
Soybean,2015,Kharif,601.2,27.7,62.3,112.0,38.9,155.7,6.86,472.29,0,1,2.05
Turmeric,2024,Kharif,1041.1,26.0,72.5,185.8,43.0,256.7,6.35,152.82,1,1,8.6
Rice,2021,Kharif,1298.5,25.8,79.3,244.1,47.4,215.2,6.45,380.97,1,0,4.43
Soybean,2021,Kharif,879.4,25.1,60.2,102.8,43.0,176.2,6.69,320.64,0,0,2.17
Cotton,2023,Kharif,797.9,23.4,55.2,232.7,37.4,275.6,7.41,40.44,1,0,2.32
Rice,2023,Kharif,1195.9,29.3,82.2,223.4,42.2,228.3,7.5,475.94,0,1,4.17
Cotton,2016,Kharif,740.9,29.1,57.5,187.1,29.0,221.3,6.81,488.93,0,1,2.1
Cotton,2020,Kharif,739.8,29.2,68.2,156.3,30.5,227.0,7.93,398.96,0,0,1.41
Cotton,2018,Kharif,673.5,28.9,77.9,165.4,37.9,182.0,6.91,474.33,0,1,1.36
Turmeric,2016,Kharif,984.0,26.5,87.9,200.5,41.7,219.4,6.43,437.98,1,1,7.75
Wheat,2020,Rabi,533.5,19.8,48.9,237.4,50.2,241.6,7.36,278.19,0,1,4.04
Wheat,2015,Rabi,582.9,23.0,47.2,133.9,58.8,103.7,7.15,404.57,0,0,2.15
Wheat,2023,Rabi,485.0,20.5,40.2,154.0,73.6,181.5,7.64,393.37,0,1,2.58
Sugarcane,2022,Summer,1296.5,33.5,77.9,260.2,71.3,274.4,6.95,173.08,0,0,63.35
Soybean,2016,Kharif,689.0,28.2,66.0,122.1,48.7,151.9,6.32,306.38,0,1,2.51
Maize,2019,Kharif,725.1,27.0,71.1,231.6,40.6,228.3,6.5,460.87,1,1,6.23
Soybean,2015,Kharif,633.0,20.9,69.9,117.9,58.1,183.8,7.37,268.22,1,1,2.28
Rice,2022,Kharif,1193.9,35.7,77.7,248.2,42.1,245.0,6.44,455.74,1,1,4.49
Cotton,2017,Kharif,882.6,27.5,67.5,176.9,50.7,156.4,6.33,159.82,1,1,2.02
Cotton,2021,Kharif,665.4,27.4,56.3,160.2,30.4,251.0,6.35,384.55,1,0,1.93
Soybean,2019,Kharif,851.2,25.5,62.7,172.5,42.9,182.4,7.0,385.68,1,0,3.38
Soybean,2016,Kharif,860.0,30.5,63.7,108.5,32.9,226.1,6.95,155.81,0,1,2.14
Rice,2018,Kharif,1059.2,27.1,90.0,240.8,48.9,271.0,7.27,40.79,1,0,3.97
Wheat,2016,Rabi,592.9,21.4,56.3,161.5,45.2,252.8,7.31,246.17,0,1,3.01
Wheat,2023,Rabi,561.6,22.8,51.5,260.3,41.0,289.6,7.5,322.71,0,1,4.57
Maize,2016,Kharif,563.6,30.8,74.4,167.0,35.4,191.9,6.73,434.97,1,1,3.22
Rice,2021,Kharif,1149.1,29.4,89.0,220.1,49.7,165.9,6.3,137.26,0,0,3.65
Wheat,2019,Rabi,545.4,23.4,53.4,279.4,43.4,167.8,7.33,133.89,1,1,4.22
Turmeric,2023,Kharif,980.2,32.9,75.0,114.7,63.1,239.7,6.51,7.33,0,0,6.06
Soybean,2020,Kharif,711.6,25.8,65.6,80.0,40.8,141.2,6.74,273.36,0,1,2.33
Cotton,2021,Kharif,785.2,31.4,51.8,191.2,37.9,232.5,6.76,93.28,0,1,1.88
Wheat,2021,Rabi,619.3,25.6,50.5,241.5,56.8,203.7,7.16,204.64,0,1,3.54
Cotton,2024,Kharif,775.3,27.3,56.8,187.8,39.8,266.2,6.98,490.07,0,0,2.57
Cotton,2016,Kharif,816.8,28.9,54.5,231.5,32.6,252.0,7.65,372.28,0,1,2.15
Rice,2020,Kharif,1371.4,31.4,82.0,140.9,40.4,283.1,6.62,8.21,1,1,4.67
Cotton,2018,Kharif,863.0,29.6,60.4,133.0,27.6,219.4,7.72,279.36,1,0,1.79
Soybean,2022,Kharif,809.7,28.5,63.8,109.2,57.8,176.1,6.89,486.91,1,1,3.65
Sugarcane,2015,Summer,1088.7,32.1,81.9,263.6,61.7,318.8,6.83,481.47,0,0,75.51
Cotton,2020,Kharif,774.8,29.0,65.7,158.8,38.6,173.1,6.26,49.72,1,0,1.47
Sugarcane,2022,Summer,1068.9,30.1,80.8,225.6,34.7,371.7,6.95,290.68,0,1,69.71
Soybean,2019,Kharif,833.6,24.9,65.2,95.6,75.5,274.3,7.55,265.9,1,1,3.2
Sugarcane,2021,Summer,1142.3,33.6,85.7,206.5,54.3,371.4,6.69,497.19,0,0,54.07
Soybean,2020,Kharif,631.9,31.4,57.4,132.8,57.8,159.9,7.11,119.23,1,1,3.06
Cotton,2020,Kharif,704.7,26.9,64.7,213.9,20.4,228.4,6.99,226.39,0,1,1.95
Cotton,2024,Kharif,1070.1,30.9,54.2,175.3,43.5,262.4,7.24,155.82,0,1,1.85
Maize,2023,Kharif,812.8,28.0,83.9,185.7,41.8,150.7,6.81,193.33,0,0,2.63
Maize,2020,Kharif,799.5,26.4,67.6,158.7,39.6,247.7,6.94,293.85,0,1,4.29
Maize,2021,Kharif,661.4,26.0,81.3,204.9,42.5,241.5,6.91,147.92,0,1,3.87
Maize,2015,Kharif,667.1,25.5,58.3,173.7,36.2,225.2,6.74,322.4,0,1,4.07
Wheat,2022,Rabi,680.2,19.8,61.9,186.4,40.2,194.7,6.76,98.79,0,0,2.45
Wheat,2024,Rabi,456.0,25.0,62.3,214.1,51.1,202.8,7.93,334.61,0,0,2.05
Wheat,2015,Rabi,502.1,21.3,49.1,295.3,73.1,226.1,6.98,372.87,1,1,4.9
Rice,2015,Kharif,1180.0,33.5,87.8,182.3,50.0,233.1,6.82,120.79,1,1,3.84
Maize,2020,Kharif,646.8,23.8,71.9,198.6,51.3,222.6,6.54,20.6,0,1,4.77
Maize,2023,Kharif,742.3,26.8,58.4,267.5,38.9,244.1,5.97,4.85,0,1,5.29
Rice,2023,Kharif,1378.4,29.9,75.5,200.7,47.2,278.3,6.77,120.56,0,0,3.7
Soybean,2022,Kharif,692.9,29.6,57.3,87.1,42.0,124.7,7.02,154.81,1,1,2.33
Soybean,2019,Kharif,670.5,23.1,69.5,111.5,69.5,178.3,6.29,205.1,0,1,2.46
Rice,2022,Kharif,1301.0,32.7,75.5,175.9,39.9,169.2,6.22,268.44,0,1,2.88
Rice,2020,Kharif,1216.4,29.6,80.2,179.4,44.2,215.6,6.39,203.57,0,1,4.3
Cotton,2018,Kharif,781.3,27.1,67.2,234.7,34.1,222.3,7.63,117.38,0,1,2.42
Soybean,2016,Kharif,761.7,26.2,71.1,152.2,58.4,188.3,7.14,473.88,0,0,2.78
Cotton,2018,Kharif,729.6,27.9,61.4,206.1,33.3,230.8,6.77,471.43,0,1,2.26
Cotton,2018,Kharif,719.3,27.8,45.1,199.5,49.5,207.6,6.68,439.53,1,1,2.29
Sugarcane,2019,Summer,1243.6,35.1,80.7,300.0,53.1,331.4,6.59,464.26,0,0,71.51
Cotton,2020,Kharif,849.9,25.0,53.7,174.1,46.0,200.6,6.49,109.51,1,1,2.38
Cotton,2019,Kharif,955.1,26.0,60.2,163.4,42.7,240.6,6.85,312.8,1,0,2.02
Wheat,2023,Rabi,543.9,24.3,52.4,260.8,55.8,252.9,7.5,359.81,0,1,4.45
Soybean,2015,Kharif,785.4,26.6,59.0,124.2,52.3,182.8,6.84,166.75,1,0,3.16
Wheat,2023,Rabi,505.0,20.4,54.3,238.4,54.5,187.5,7.03,418.29,1,1,4.46
Maize,2022,Kharif,739.0,28.7,72.2,179.5,67.2,285.1,7.56,189.53,1,0,4.81
Wheat,2020,Rabi,571.1,23.8,66.5,251.7,69.9,189.5,7.5,252.3,0,1,3.41
Cotton,2024,Kharif,766.1,29.5,49.9,216.8,49.0,202.9,6.98,85.32,1,1,2.57
Cotton,2018,Kharif,794.6,28.3,60.8,233.1,41.4,226.3,6.66,408.52,1,0,2.74
Wheat,2020,Rabi,649.4,23.2,54.1,269.1,67.5,205.3,7.37,264.49,1,1,4.76
Soybean,2021,Kharif,797.2,28.7,49.0,111.4,53.9,165.7,7.2,451.28,0,0,1.92
Cotton,2020,Kharif,692.9,26.6,61.1,161.3,41.2,158.7,6.72,375.21,0,0,1.4
Soybean,2015,Kharif,821.0,23.0,67.7,124.2,44.5,207.8,6.91,381.51,0,1,2.16
Wheat,2019,Rabi,547.8,22.0,53.8,278.0,57.1,261.0,7.16,486.36,1,1,5.65
Wheat,2024,Rabi,594.0,22.1,58.5,189.6,57.1,197.0,7.82,408.29,0,1,3.32
Wheat,2018,Rabi,457.5,21.4,66.2,196.5,64.2,188.4,7.75,324.65,1,1,3.71
Rice,2020,Kharif,1201.3,27.0,76.7,238.0,46.0,267.3,6.21,373.77,1,1,5.37
Wheat,2021,Rabi,557.0,21.2,56.4,222.2,51.2,186.7,7.06,364.93,1,0,4.12
Cotton,2023,Kharif,816.4,28.8,54.4,222.5,37.2,153.5,6.88,414.05,0,1,2.11
Cotton,2023,Kharif,900.5,30.0,57.6,145.9,38.4,216.6,6.79,321.68,1,1,2.24
Maize,2023,Kharif,656.9,24.0,58.6,205.4,63.8,183.3,7.21,472.78,1,1,5.65
Wheat,2017,Rabi,507.1,24.5,53.9,202.6,49.9,194.7,6.77,58.5,0,0,2.35
Cotton,2015,Kharif,726.8,27.9,55.6,135.2,35.2,209.5,7.04,80.17,0,0,1.56
Maize,2020,Kharif,684.7,29.5,60.4,212.7,66.7,216.8,7.42,396.79,1,0,5.38
Wheat,2024,Rabi,585.8,23.9,47.3,237.4,38.3,258.3,7.47,25.88,1,1,3.88
Soybean,2022,Kharif,845.4,27.0,70.4,101.0,41.6,213.4,6.73,452.23,0,1,2.72
Sugarcane,2015,Summer,1124.5,29.4,76.2,296.0,65.0,290.3,6.88,340.59,0,1,75.4
Rice,2023,Kharif,1375.1,30.5,90.0,163.2,38.8,179.9,6.0,446.46,1,1,3.67
Wheat,2016,Rabi,535.8,22.1,49.2,256.0,65.7,213.3,7.59,376.92,0,1,3.69
Maize,2020,Kharif,573.9,26.2,56.2,177.0,62.8,163.2,6.97,233.06,1,0,4.57
Maize,2019,Kharif,771.9,24.7,68.5,155.6,47.5,220.0,6.57,493.22,1,1,4.89
Sugarcane,2020,Summer,994.0,34.2,78.0,244.8,57.5,260.0,6.96,240.35,1,1,64.28
Rice,2021,Kharif,1179.0,30.0,81.1,191.1,48.1,198.5,6.26,165.84,1,0,4.85
Cotton,2018,Kharif,873.0,27.6,67.1,185.9,52.1,233.1,6.81,18.91,1,1,2.83
Cotton,2023,Kharif,876.1,27.8,68.0,199.3,40.2,167.6,5.84,246.57,0,1,1.88
Wheat,2023,Rabi,619.6,22.1,53.2,222.3,79.1,194.7,7.35,123.72,1,1,5.46
Maize,2017,Kharif,688.7,26.9,63.5,190.3,44.3,155.6,7.07,241.68,0,1,4.33
Wheat,2024,Rabi,482.4,22.4,54.5,238.7,58.4,188.3,7.27,283.75,0,1,4.12
Soybean,2020,Kharif,761.8,26.9,67.3,135.2,51.0,109.7,6.82,308.58,1,0,2.55
Wheat,2020,Rabi,623.2,21.8,55.4,220.8,58.6,190.9,7.25,222.06,1,1,4.15
Turmeric,2020,Kharif,970.4,33.5,71.0,184.5,56.7,268.5,6.59,478.55,1,1,9.9
Wheat,2023,Rabi,547.3,23.2,57.5,300.0,45.9,205.6,7.38,414.92,0,1,4.53
Rice,2015,Kharif,1076.8,28.6,81.8,206.6,55.9,239.3,6.44,224.93,0,1,4.48
Soybean,2024,Kharif,755.1,30.2,62.8,103.7,64.8,180.3,6.21,486.19,1,1,3.05
Rice,2016,Kharif,1269.2,30.1,76.1,212.7,40.8,276.2,6.18,57.82,0,1,4.99
Cotton,2019,Kharif,895.2,26.4,58.7,190.4,37.8,197.9,6.89,150.83,0,1,2.06
Wheat,2021,Rabi,490.3,23.7,51.4,243.0,48.2,227.9,7.77,404.28,0,1,3.4
Maize,2024,Kharif,836.3,29.5,56.4,184.9,33.4,269.8,7.04,230.89,1,1,4.56
Soybean,2018,Kharif,588.7,23.4,68.5,144.9,53.9,189.1,6.69,417.44,0,1,2.54
Rice,2021,Kharif,1272.8,29.1,72.3,286.1,33.9,247.9,6.75,243.88,0,1,4.6
Soybean,2017,Kharif,730.2,25.5,52.0,88.2,61.3,158.2,6.96,137.19,0,1,2.23
Turmeric,2019,Kharif,847.0,26.7,71.4,139.4,42.1,249.5,6.59,176.85,1,1,7.17
Wheat,2015,Rabi,535.6,22.9,55.3,151.9,61.2,224.8,7.57,1.72,0,1,3.18
Cotton,2017,Kharif,840.0,31.1,53.8,189.2,40.4,253.3,6.6,317.56,0,1,2.07
Cotton,2019,Kharif,856.0,25.7,57.4,151.1,36.8,204.6,6.84,2.13,0,1,2.0
Maize,2024,Kharif,677.6,25.9,66.6,183.7,35.0,264.8,7.12,316.59,0,1,4.41
Rice,2015,Kharif,1267.0,33.7,75.8,220.5,45.9,163.3,7.09,99.72,0,1,3.57
Cotton,2024,Kharif,790.1,27.9,65.2,183.1,48.9,188.9,6.85,187.52,1,0,2.62
Rice,2019,Kharif,1319.1,31.0,78.3,223.5,41.6,285.6,7.27,341.59,1,1,5.23
Wheat,2024,Rabi,434.5,21.8,67.3,222.5,58.2,184.1,6.76,20.06,1,0,3.1
Rice,2015,Kharif,1249.2,28.8,83.1,152.7,31.0,208.5,6.95,464.31,1,1,3.61
Soybean,2018,Kharif,898.2,27.1,72.0,102.4,65.0,128.3,6.6,246.13,1,0,2.64
Sugarcane,2022,Summer,1113.9,32.9,82.5,223.6,60.0,284.3,6.84,164.42,1,1,84.4
Soybean,2016,Kharif,884.7,28.1,57.7,105.8,62.1,195.0,7.72,39.95,0,0,2.11
Wheat,2018,Rabi,565.3,21.3,51.2,217.7,61.1,205.2,7.48,391.05,0,1,3.26
Rice,2020,Kharif,1270.0,27.7,77.1,203.1,56.8,172.9,6.88,362.91,0,0,3.23
Maize,2022,Kharif,719.2,25.3,59.4,167.1,37.2,218.3,6.75,360.9,0,1,4.24
Cotton,2017,Kharif,688.3,30.6,68.0,226.6,43.1,218.2,7.33,185.12,1,1,2.57
Rice,2017,Kharif,1460.0,30.0,79.0,239.5,49.3,245.6,6.64,26.27,1,0,5.25
Rice,2020,Kharif,1500.0,29.1,89.4,117.2,45.6,275.7,5.91,291.65,1,0,3.15
Sugarcane,2017,Summer,1071.3,30.9,84.0,300.0,66.9,351.4,6.79,442.2,1,1,108.79
Soybean,2024,Kharif,611.6,27.6,67.4,167.4,43.0,204.9,7.62,357.24,1,0,2.72
Cotton,2023,Kharif,781.1,26.2,66.6,153.1,46.1,172.0,7.22,334.05,0,1,1.86
Cotton,2020,Kharif,738.8,27.2,69.9,198.3,33.3,221.8,6.8,287.96,0,0,1.8
Maize,2022,Kharif,711.8,28.7,69.7,187.3,49.4,254.0,6.39,338.25,1,1,5.54
Maize,2023,Kharif,695.2,27.4,69.5,195.1,45.1,293.2,7.45,375.0,1,0,5.17
Soybean,2023,Kharif,772.2,26.7,67.7,119.5,54.4,205.1,7.3,161.45,0,1,3.41
Wheat,2021,Rabi,577.9,22.8,43.4,241.5,61.5,176.2,7.52,135.41,0,1,3.45
Turmeric,2024,Kharif,842.0,27.5,83.3,186.8,48.7,306.9,6.05,121.95,0,1,8.84
Cotton,2021,Kharif,767.4,26.1,64.7,166.4,44.2,247.3,6.62,126.6,0,0,1.89
Sugarcane,2020,Summer,1149.2,37.9,78.0,277.7,50.1,282.2,5.99,176.84,1,0,55.79
Wheat,2024,Rabi,501.8,20.7,50.8,263.0,42.6,147.6,7.43,119.29,1,1,4.36
Sugarcane,2015,Summer,984.7,32.9,75.1,261.2,65.8,284.5,6.6,62.6,0,0,55.9
Rice,2023,Kharif,1228.7,29.2,82.5,213.4,46.0,234.6,6.16,468.35,1,1,5.98
Sugarcane,2020,Summer,1219.7,31.1,77.0,289.8,48.2,286.7,7.08,304.05,1,1,80.15
Soybean,2020,Kharif,699.9,26.6,68.4,100.0,58.2,164.6,6.38,468.89,0,1,3.05
Soybean,2021,Kharif,777.1,28.9,74.6,162.8,33.8,192.2,6.95,401.47,1,1,3.26
Rice,2019,Kharif,1062.0,26.5,87.1,235.4,51.4,205.4,5.71,195.87,1,0,3.48
Wheat,2018,Rabi,610.0,23.3,51.2,231.5,32.7,193.4,7.76,171.69,1,1,3.18
Soybean,2023,Kharif,802.6,27.2,63.9,86.0,66.8,179.2,6.61,301.98,0,1,2.97
Wheat,2015,Rabi,537.5,23.8,54.0,215.6,80.0,267.7,7.28,427.2,1,1,5.23
Turmeric,2020,Kharif,929.6,29.4,52.7,154.6,52.8,225.3,5.73,93.32,0,1,6.71
Rice,2015,Kharif,1126.7,31.2,86.0,214.9,34.7,186.3,6.37,155.89,1,1,4.16
Wheat,2018,Rabi,485.4,23.4,40.8,169.4,66.6,192.9,6.4,159.95,0,1,2.45
Cotton,2015,Kharif,947.1,26.1,46.1,122.7,33.7,282.4,7.28,138.52,1,1,1.99
Cotton,2022,Kharif,691.2,26.8,52.6,214.8,49.2,250.3,6.47,460.86,0,1,2.41
Soybean,2017,Kharif,804.9,30.5,72.5,210.1,50.4,229.7,7.37,303.33,0,0,2.65
Rice,2022,Kharif,1367.6,29.5,76.3,202.8,28.4,293.3,6.07,92.0,0,0,3.02
Wheat,2020,Rabi,519.3,21.6,45.8,156.1,55.2,127.9,6.71,369.81,1,1,2.64
Rice,2015,Kharif,1448.2,26.8,84.1,231.2,27.6,226.5,7.12,180.42,1,0,2.78
Rice,2023,Kharif,1229.9,27.7,79.0,253.4,57.4,275.4,6.81,361.73,0,1,5.06
Maize,2016,Kharif,612.2,25.3,61.9,191.5,31.2,278.9,6.79,292.88,1,1,4.95
Maize,2016,Kharif,693.4,26.3,80.2,178.6,65.0,217.2,7.02,49.86,0,1,4.24
Soybean,2024,Kharif,634.8,26.2,65.1,125.7,47.8,100.0,7.7,271.74,1,1,2.26
Maize,2017,Kharif,693.8,26.4,56.1,142.2,52.7,173.3,7.25,254.87,0,0,3.74
Wheat,2020,Rabi,510.1,28.3,66.8,200.3,61.6,202.8,7.17,87.54,0,1,2.45
Turmeric,2016,Kharif,969.9,26.4,74.0,179.8,61.7,260.2,6.3,144.44,0,1,9.25
Soybean,2017,Kharif,820.8,29.9,61.1,105.4,68.9,154.7,6.83,499.45,0,1,2.58
Maize,2022,Kharif,620.8,27.2,70.6,115.7,31.9,200.1,6.32,395.58,1,0,3.63
Soybean,2022,Kharif,638.0,29.3,58.8,137.8,50.9,197.3,6.85,326.47,0,1,2.73
Cotton,2024,Kharif,703.7,25.8,66.2,171.5,48.8,258.6,7.07,234.3,1,1,3.13
Cotton,2019,Kharif,965.9,27.9,44.7,209.2,49.6,262.8,7.44,283.53,1,1,2.75
Cotton,2019,Kharif,774.8,28.8,41.6,142.8,50.2,271.1,6.98,85.4,0,1,1.92
Soybean,2019,Kharif,797.5,24.4,60.8,102.6,57.0,203.8,6.29,353.63,0,1,2.79
Rice,2017,Kharif,1377.8,29.4,77.4,210.6,57.7,238.3,6.68,440.58,0,0,3.59
Rice,2016,Kharif,1273.1,29.7,84.9,191.4,45.2,272.1,6.02,395.0,0,1,4.29
Sugarcane,2024,Summer,1105.3,33.4,80.2,271.1,74.1,268.3,6.47,353.76,0,1,80.63
Wheat,2015,Rabi,481.7,21.9,38.8,228.3,61.4,239.6,7.11,204.87,1,1,3.9
Wheat,2019,Rabi,455.6,21.8,48.4,196.1,67.1,282.1,7.44,401.64,1,1,4.74
Rice,2022,Kharif,1113.9,27.9,80.7,258.6,46.7,278.9,6.1,35.12,0,1,4.74
Cotton,2019,Kharif,783.2,28.4,60.0,197.2,30.2,205.1,7.61,161.94,0,1,1.95
Rice,2018,Kharif,1291.3,26.6,77.3,162.5,45.0,259.4,6.48,481.53,0,0,3.38
Cotton,2016,Kharif,697.4,26.9,62.3,175.8,54.1,246.0,6.6,212.37,0,1,2.15
Wheat,2020,Rabi,527.3,24.5,52.6,217.9,62.7,192.4,7.26,430.78,1,1,3.91
Rice,2019,Kharif,1099.9,28.4,89.0,224.7,49.1,231.6,6.52,88.41,0,1,4.57
Soybean,2018,Kharif,731.3,27.1,52.3,125.5,59.5,164.1,7.32,185.29,0,1,2.66
Maize,2018,Kharif,779.9,26.2,74.6,191.2,42.9,213.6,6.68,373.79,0,0,3.74
Maize,2022,Kharif,558.1,24.6,63.9,193.7,51.7,285.9,6.54,31.22,0,1,5.09
Soybean,2016,Kharif,755.7,31.0,54.4,97.2,37.3,204.6,7.18,412.9,1,1,2.07
Turmeric,2023,Kharif,829.8,28.8,71.7,172.0,43.6,189.9,6.7,306.44,1,1,8.31
Cotton,2015,Kharif,938.0,32.7,61.1,178.3,36.9,169.0,6.34,341.46,0,1,1.43
Soybean,2024,Kharif,794.4,22.6,68.1,116.2,46.3,108.6,6.54,352.88,0,1,2.22
Soybean,2024,Kharif,762.6,27.8,63.4,106.2,53.1,172.3,6.78,190.4,1,0,3.21
Soybean,2016,Kharif,892.4,27.2,64.0,102.0,38.8,179.8,7.04,263.18,1,1,3.14
Soybean,2021,Kharif,777.5,25.9,71.7,110.3,49.0,183.9,6.86,284.68,1,1,3.3
Cotton,2019,Kharif,909.6,23.8,70.0,146.6,27.3,198.1,7.2,144.18,1,1,1.69
Cotton,2021,Kharif,731.0,29.4,73.4,207.5,47.5,201.6,7.32,84.74,0,1,1.99
Wheat,2022,Rabi,527.6,21.3,59.8,300.0,68.9,248.3,6.92,486.87,0,0,3.98
Wheat,2017,Rabi,572.5,24.7,54.6,221.5,57.7,160.6,7.09,21.31,0,1,3.58
Soybean,2020,Kharif,815.7,25.2,54.3,118.2,62.4,221.0,6.97,371.71,1,1,3.72
Sugarcane,2023,Summer,1090.4,33.9,77.1,271.4,67.8,299.3,6.87,212.36,0,0,68.23
Wheat,2017,Rabi,515.7,18.2,45.8,219.4,33.9,235.0,6.65,91.06,1,1,2.96
Soybean,2022,Kharif,798.6,27.6,61.4,126.7,62.9,206.4,6.87,360.62,0,0,2.8
Cotton,2017,Kharif,688.2,27.8,59.6,223.4,47.7,156.2,7.31,64.96,1,1,2.45
Rice,2024,Kharif,1137.5,28.1,74.8,190.5,39.4,237.4,6.55,171.08,1,1,4.08
Soybean,2019,Kharif,837.7,26.5,76.2,139.2,58.8,118.8,6.37,426.11,0,0,2.32
Cotton,2015,Kharif,901.3,32.1,53.6,169.2,56.2,264.2,7.06,148.86,1,1,2.42
Cotton,2018,Kharif,651.7,28.3,51.6,181.4,26.8,211.3,7.23,151.16,1,1,2.05
Wheat,2021,Rabi,602.5,20.0,59.6,198.7,61.4,213.1,7.4,220.88,1,1,4.73
Turmeric,2023,Kharif,907.1,31.7,72.0,211.8,53.0,291.0,6.73,205.23,0,0,8.39
Sugarcane,2019,Summer,1248.4,34.1,83.8,300.0,57.3,284.1,7.13,252.38,0,1,72.93
Wheat,2019,Rabi,583.2,23.6,48.1,267.2,37.2,232.5,7.81,277.09,1,0,3.16
Cotton,2021,Kharif,732.5,29.0,62.7,122.9,40.4,232.8,6.6,67.92,0,1,1.79
Soybean,2017,Kharif,770.0,24.3,66.1,128.9,68.5,195.7,6.51,386.62,0,1,2.69
Wheat,2015,Rabi,400.0,21.8,66.6,230.1,63.4,223.8,6.28,319.28,0,1,3.11
Rice,2017,Kharif,1302.8,25.1,69.6,173.1,36.0,209.2,7.01,481.79,1,1,2.62
Cotton,2021,Kharif,717.6,27.9,53.1,188.1,47.6,223.7,6.92,226.68,0,1,2.72
Wheat,2022,Rabi,654.8,19.5,59.5,225.5,38.6,140.0,6.77,335.42,1,1,3.14
Rice,2021,Kharif,1471.2,30.1,77.5,115.0,48.4,260.2,6.63,18.28,1,1,4.46
Cotton,2018,Kharif,871.6,28.7,66.4,155.7,46.0,245.6,6.9,499.57,0,1,2.29
Wheat,2018,Rabi,462.4,23.1,46.7,227.9,73.8,175.8,6.29,485.58,1,0,2.95
Wheat,2020,Rabi,498.7,23.3,71.4,235.0,45.1,145.9,7.33,296.08,1,1,2.7
Rice,2015,Kharif,1204.9,30.1,87.7,215.1,39.8,248.9,6.01,108.1,0,1,4.02
Sugarcane,2020,Summer,1107.0,31.3,75.4,265.6,78.0,299.3,6.32,317.64,0,0,78.07
Soybean,2024,Kharif,694.4,26.5,72.9,130.1,52.3,191.1,6.47,376.79,1,1,2.84
Wheat,2019,Rabi,469.7,21.7,61.9,230.4,56.9,235.3,7.33,271.31,1,1,4.52
Soybean,2015,Kharif,847.2,26.2,78.4,101.2,58.1,171.1,6.8,436.49,0,1,2.54
Maize,2019,Kharif,723.7,23.0,79.7,239.4,65.4,159.9,7.22,229.6,0,1,4.21
Wheat,2021,Rabi,458.5,21.9,61.3,239.5,53.2,218.5,7.14,368.71,1,0,3.8
Rice,2022,Kharif,1191.1,30.5,78.2,215.9,52.2,250.1,6.15,320.7,1,1,5.73
Soybean,2024,Kharif,721.0,24.4,67.6,101.2,45.6,231.1,7.08,288.64,1,0,3.08
Sugarcane,2022,Summer,1102.8,36.4,77.4,275.9,59.7,275.3,6.97,393.71,1,1,80.9
Rice,2023,Kharif,1355.0,32.1,80.4,258.5,53.6,208.6,6.64,444.43,1,0,4.1
Sugarcane,2015,Summer,1088.3,32.3,79.6,300.0,51.3,327.9,6.33,22.28,0,1,77.11
Soybean,2018,Kharif,589.4,25.6,67.4,80.0,46.3,192.5,7.33,329.43,1,1,2.23
Soybean,2016,Kharif,813.3,27.1,73.2,135.2,59.4,236.2,6.85,289.37,1,1,4.7
Soybean,2024,Kharif,698.9,26.0,65.6,164.7,46.0,193.2,7.35,246.08,0,1,3.27
Wheat,2021,Rabi,554.0,22.4,43.1,257.4,67.8,199.2,7.79,271.87,1,1,4.28
Rice,2022,Kharif,1404.1,31.7,89.2,214.0,52.9,240.5,7.55,316.94,1,1,4.09
Maize,2021,Kharif,679.0,25.6,61.6,267.4,57.9,258.6,6.37,188.28,1,1,6.72
Sugarcane,2015,Summer,1041.0,32.4,82.1,279.0,55.3,414.9,6.67,386.49,1,1,93.06
Maize,2023,Kharif,616.2,29.2,59.4,161.0,52.4,199.2,6.9,158.29,1,0,3.67
Cotton,2019,Kharif,681.9,31.0,71.5,139.0,54.6,215.0,7.21,234.59,1,1,1.78
Soybean,2018,Kharif,604.6,29.9,66.6,95.6,42.5,166.4,6.4,221.51,1,0,1.83
Sugarcane,2020,Summer,1159.1,34.5,73.3,300.0,56.4,285.3,6.66,497.06,0,1,75.49
Cotton,2021,Kharif,743.6,27.5,51.4,204.8,44.5,202.9,7.55,461.07,1,1,3.04
Soybean,2019,Kharif,783.5,28.0,61.7,150.9,53.3,136.3,6.89,332.49,1,1,3.48
Wheat,2023,Rabi,607.2,18.0,49.3,210.7,43.0,194.9,6.8,74.69,1,0,2.91
Wheat,2021,Rabi,556.1,21.3,49.9,246.1,46.8,181.7,7.68,232.02,1,1,3.71
Wheat,2015,Rabi,472.9,21.8,56.4,222.2,67.3,176.9,7.57,298.33,1,1,4.51
Maize,2019,Kharif,616.5,25.1,56.1,158.8,45.8,246.1,6.81,380.53,1,0,3.83
Maize,2016,Kharif,772.1,29.1,64.1,193.4,52.0,187.0,7.34,283.38,0,0,3.52
Maize,2016,Kharif,724.2,24.2,70.4,267.3,50.2,147.5,6.57,78.6,1,0,4.38
Turmeric,2017,Kharif,810.1,29.9,62.3,257.0,54.9,301.2,6.86,402.69,0,1,9.72
Cotton,2023,Kharif,857.0,28.0,60.5,200.0,46.5,225.9,7.18,353.26,1,1,3.09
Sugarcane,2019,Summer,1093.9,34.2,77.5,239.5,65.6,264.6,6.69,366.5,0,1,72.1
Sugarcane,2021,Summer,1069.9,32.4,88.5,228.6,74.2,241.0,7.36,138.1,0,1,63.07
Wheat,2021,Rabi,568.8,24.1,53.7,194.8,58.1,100.0,6.94,210.93,1,0,2.7
Cotton,2021,Kharif,757.7,24.1,59.6,153.6,29.3,201.6,6.99,491.46,1,1,2.17
Maize,2017,Kharif,637.7,27.0,56.2,222.8,49.9,246.7,6.73,168.17,1,0,5.81
Maize,2020,Kharif,754.4,24.8,77.3,197.9,45.5,226.7,6.24,401.98,0,1,3.85
Sugarcane,2024,Summer,1119.2,29.8,89.0,288.8,68.8,302.1,6.93,40.04,1,1,92.88
Cotton,2017,Kharif,840.0,27.2,60.4,171.8,43.2,220.0,7.13,307.14,1,1,2.66
Maize,2024,Kharif,764.3,28.8,78.6,185.6,37.4,150.1,6.46,319.02,0,1,3.19
Sugarcane,2020,Summer,1142.3,34.2,74.3,219.4,47.6,254.5,6.8,142.6,0,0,54.23
Soybean,2018,Kharif,594.6,30.8,67.9,140.3,53.2,252.4,6.85,278.29,0,1,3.07
Cotton,2015,Kharif,773.3,27.6,69.0,188.6,36.9,278.6,7.33,56.07,1,1,2.45
Rice,2021,Kharif,1208.3,27.4,83.7,117.8,44.0,248.6,6.09,20.4,0,0,2.75
Cotton,2019,Kharif,887.4,26.6,61.2,189.6,41.6,165.1,6.56,316.65,0,0,1.86
Soybean,2020,Kharif,865.0,25.5,66.0,112.4,50.0,205.3,6.68,387.31,0,1,3.0
Cotton,2024,Kharif,645.0,31.0,54.3,177.7,50.0,219.2,7.06,79.78,1,0,2.14
Cotton,2023,Kharif,782.6,26.9,59.2,151.0,27.1,214.1,6.73,69.87,0,0,1.78
Wheat,2022,Rabi,540.8,22.1,44.5,207.7,26.0,243.6,6.52,362.43,1,1,3.4
Maize,2018,Kharif,512.8,28.2,57.3,171.3,44.7,205.3,5.75,401.94,0,1,2.75
Cotton,2017,Kharif,715.9,29.3,57.0,154.3,26.6,199.6,6.93,86.62,1,1,2.16
Maize,2023,Kharif,634.6,26.1,59.1,142.0,49.9,242.1,6.78,432.46,0,0,3.79
Turmeric,2024,Kharif,896.7,30.1,78.9,142.3,61.0,257.4,6.87,55.1,1,1,11.42
Cotton,2020,Kharif,800.0,30.7,60.5,163.7,36.7,277.7,6.69,169.99,1,0,2.21
Wheat,2023,Rabi,575.8,24.5,47.4,185.1,36.2,218.2,6.85,183.66,0,1,2.63
Wheat,2019,Rabi,609.0,22.7,52.0,227.3,52.6,254.2,7.49,374.57,1,1,4.2
Rice,2019,Kharif,1122.3,29.4,80.9,186.8,53.5,259.0,6.22,363.1,0,1,5.0
Wheat,2017,Rabi,673.5,20.0,51.7,214.6,58.6,192.7,6.59,461.16,0,1,2.96
Sugarcane,2019,Summer,1191.0,32.7,76.1,270.1,67.0,323.8,6.26,374.96,1,1,97.16
Rice,2015,Kharif,1294.2,25.4,70.3,290.6,55.9,250.4,6.68,391.93,0,1,3.84
Rice,2018,Kharif,1150.7,30.8,81.0,215.2,49.4,275.6,6.32,46.24,0,1,5.09
Rice,2019,Kharif,1162.8,31.0,82.9,179.2,47.2,211.3,6.72,300.98,1,1,4.98
Maize,2015,Kharif,756.1,28.3,72.3,217.1,39.6,166.6,7.02,106.98,0,1,3.98
Wheat,2016,Rabi,528.3,19.4,60.9,259.6,40.1,207.8,7.44,489.12,0,1,3.4
Wheat,2021,Rabi,567.0,26.0,46.7,247.1,75.0,146.2,7.15,123.65,0,0,2.57
Cotton,2020,Kharif,603.3,28.4,60.7,166.8,49.2,166.3,6.61,486.02,0,1,1.73
Sugarcane,2021,Summer,961.4,32.9,87.5,278.6,43.8,320.4,6.24,121.37,1,1,78.48
Wheat,2021,Rabi,650.9,20.5,56.4,266.9,63.8,160.4,7.04,14.85,0,0,3.4
Cotton,2023,Kharif,695.0,25.9,75.1,210.6,47.9,250.2,7.76,240.31,0,0,1.64
Cotton,2023,Kharif,804.9,32.5,71.2,133.1,29.2,192.9,7.46,17.02,0,1,1.08
Sugarcane,2019,Summer,1102.9,36.4,75.7,223.1,45.8,340.6,6.85,266.73,0,1,59.36
Rice,2020,Kharif,1139.2,28.9,90.0,172.4,45.5,184.3,6.82,458.87,1,1,3.75
Cotton,2017,Kharif,777.1,26.8,65.3,208.7,40.3,242.8,7.4,241.05,1,1,2.93
Soybean,2024,Kharif,842.9,29.6,63.6,80.0,57.0,237.9,6.64,180.08,0,0,2.33
Cotton,2015,Kharif,616.7,29.0,65.2,169.8,47.8,273.8,6.8,72.04,0,1,2.03
Soybean,2019,Kharif,753.2,24.5,65.0,107.6,59.6,139.3,6.12,266.9,0,1,2.63
Soybean,2017,Kharif,695.4,26.6,68.2,93.4,61.2,141.6,6.19,311.28,1,0,2.69
Rice,2016,Kharif,1203.9,29.1,86.7,182.8,44.1,198.4,6.51,207.79,0,1,4.14
Soybean,2023,Kharif,685.2,25.4,68.2,97.1,54.2,149.6,6.32,374.29,0,1,2.51
Soybean,2022,Kharif,733.0,27.2,58.2,145.4,32.1,182.6,6.95,94.34,1,1,3.05
Rice,2016,Kharif,1185.1,27.7,86.7,216.2,40.5,192.6,6.27,404.85,0,0,3.36
Wheat,2024,Rabi,545.5,20.9,50.4,233.0,60.8,247.3,7.95,393.33,0,1,3.64
Wheat,2021,Rabi,509.8,20.5,54.2,176.1,51.8,203.2,6.88,210.52,0,0,2.83
Maize,2022,Kharif,651.9,27.3,42.8,200.5,63.0,166.2,7.05,181.0,0,0,3.31
Maize,2016,Kharif,849.1,26.3,54.6,231.6,42.1,207.9,6.69,447.73,1,1,4.81
Cotton,2016,Kharif,878.4,28.8,64.1,184.8,38.0,198.1,7.34,50.03,1,1,2.21
Soybean,2016,Kharif,722.6,27.0,68.6,111.9,62.4,147.6,6.95,161.5,0,0,2.74
Cotton,2019,Kharif,665.0,27.2,64.0,184.9,52.4,286.6,7.11,166.02,0,0,2.66
Cotton,2020,Kharif,708.1,27.4,55.7,162.5,42.2,227.0,6.9,482.52,0,1,2.41
Rice,2022,Kharif,1280.3,30.4,86.0,217.0,49.1,196.2,7.2,337.78,1,1,5.67
Cotton,2015,Kharif,712.1,29.1,61.8,120.1,31.3,188.3,6.87,440.2,0,0,1.52
Rice,2016,Kharif,1122.8,29.1,88.6,162.3,37.2,217.9,6.71,90.89,0,1,3.54
Maize,2018,Kharif,667.4,26.3,62.4,209.5,50.3,189.6,6.54,441.77,0,1,5.33
Wheat,2019,Rabi,598.9,24.4,52.6,249.5,59.5,210.5,7.06,411.54,1,1,4.49
Cotton,2022,Kharif,681.3,29.1,48.2,218.6,43.6,243.5,7.12,447.66,1,1,2.45
Maize,2018,Kharif,774.7,25.2,61.2,210.3,29.0,151.5,6.8,300.96,1,1,4.3
Maize,2022,Kharif,761.2,27.1,69.6,200.1,52.9,221.5,6.93,451.41,1,0,6.19
Wheat,2018,Rabi,593.9,21.4,64.7,239.3,53.8,157.4,7.47,125.59,1,1,3.98
Wheat,2018,Rabi,596.3,25.3,58.4,258.6,58.1,223.2,7.46,117.83,1,0,3.53
Soybean,2017,Kharif,601.2,26.3,69.1,95.5,44.4,230.2,6.75,131.77,1,1,2.75
Rice,2022,Kharif,1015.4,28.7,80.4,232.1,44.6,215.1,6.81,228.13,1,1,5.1
Soybean,2020,Kharif,749.4,26.4,58.9,152.5,66.2,203.9,7.42,456.46,1,1,4.18
Cotton,2016,Kharif,766.7,27.1,52.7,130.9,38.7,285.4,7.32,205.51,1,1,2.52
Soybean,2021,Kharif,701.9,26.0,62.2,164.8,42.4,267.5,6.8,97.67,1,1,4.44
Soybean,2021,Kharif,793.9,27.0,66.1,114.9,45.0,202.2,7.44,365.21,0,1,2.57
Soybean,2017,Kharif,759.2,28.6,63.3,117.0,59.0,151.9,6.38,424.99,1,0,2.89
Cotton,2023,Kharif,714.9,21.4,75.6,211.5,32.5,278.1,7.42,287.7,0,1,1.43
Cotton,2024,Kharif,790.4,28.4,69.1,214.6,38.0,179.9,7.5,473.85,1,1,2.63
Wheat,2020,Rabi,521.6,19.8,59.6,157.4,63.2,163.9,7.34,93.77,1,0,2.61
Rice,2021,Kharif,1345.0,30.3,79.1,234.7,37.5,195.7,5.76,93.59,1,0,3.88
Cotton,2022,Kharif,814.2,27.7,57.5,211.6,32.1,217.2,7.24,260.94,1,1,2.89
Soybean,2016,Kharif,725.4,26.4,74.7,127.5,74.2,150.4,6.62,94.65,0,1,2.9
Wheat,2023,Rabi,469.3,20.5,54.9,255.5,56.5,202.6,7.47,377.32,1,1,4.86
Cotton,2020,Kharif,825.6,29.7,58.9,176.3,34.9,281.6,7.07,228.99,1,1,3.11
Soybean,2024,Kharif,871.6,29.9,57.7,97.0,43.2,108.3,6.96,199.98,0,0,1.87
Soybean,2020,Kharif,717.8,26.7,62.9,143.2,51.8,162.8,6.8,233.61,1,1,4.15
Turmeric,2019,Kharif,759.9,29.2,71.2,165.2,40.5,288.2,5.7,226.91,0,0,5.68
Soybean,2019,Kharif,778.1,29.7,61.4,162.0,36.7,218.8,7.01,159.38,1,0,2.72
Soybean,2023,Kharif,717.0,32.7,58.3,82.1,47.2,182.5,6.66,54.93,0,1,2.03
Rice,2016,Kharif,1415.2,31.9,89.2,186.2,55.1,222.9,6.86,269.8,1,1,4.52
Sugarcane,2022,Summer,1256.4,34.1,85.4,221.3,67.4,427.3,7.17,402.0,1,1,86.83
Wheat,2024,Rabi,550.3,19.3,56.9,287.9,55.6,171.4,6.8,52.81,0,0,2.8
Cotton,2023,Kharif,748.6,25.0,63.3,193.4,56.8,240.2,6.94,212.15,1,1,2.99
Cotton,2018,Kharif,857.6,30.1,60.6,163.2,50.2,141.9,6.82,484.41,0,0,1.57
Soybean,2023,Kharif,774.0,26.1,62.6,125.1,53.9,222.1,6.11,83.88,0,1,3.42
Cotton,2020,Kharif,779.9,27.0,60.9,175.8,32.7,149.8,6.66,170.34,0,0,1.71
Soybean,2022,Kharif,708.6,28.4,62.7,100.1,45.4,202.5,6.11,157.76,1,0,2.19
Maize,2019,Kharif,693.9,23.6,73.5,126.8,56.0,228.5,7.33,247.32,0,1,3.76
Soybean,2018,Kharif,815.2,27.9,68.3,147.9,46.1,179.4,6.86,210.12,1,1,3.93
Rice,2018,Kharif,1235.5,32.1,72.3,137.8,32.6,232.9,6.91,80.28,1,0,2.88
Wheat,2024,Rabi,614.1,23.8,52.9,215.1,42.0,241.5,7.83,413.55,0,1,3.62
Cotton,2024,Kharif,709.6,25.6,57.2,136.8,53.4,191.7,7.53,66.16,0,0,1.68
Soybean,2019,Kharif,683.2,27.1,59.8,119.4,50.4,171.9,6.93,113.18,1,0,2.83
Cotton,2020,Kharif,997.3,30.3,51.4,140.7,23.7,231.0,6.75,296.64,0,0,1.28
Cotton,2018,Kharif,744.0,28.0,74.4,80.0,36.1,164.6,7.23,164.07,1,1,1.38
Sugarcane,2016,Summer,1363.3,30.4,83.8,237.7,61.5,404.9,6.57,46.87,1,1,94.89
Soybean,2018,Kharif,656.9,30.6,63.1,138.6,64.2,133.9,6.44,273.74,1,1,2.96
Maize,2017,Kharif,896.1,24.8,61.1,152.1,60.3,230.0,7.65,410.42,1,1,4.71
Soybean,2018,Kharif,792.1,25.7,74.0,119.2,49.8,148.2,7.07,329.44,0,1,2.33
Wheat,2021,Rabi,600.9,20.8,53.1,209.9,66.7,205.3,7.34,287.36,0,1,4.41
Wheat,2020,Rabi,606.7,24.8,53.4,175.4,74.9,170.2,7.31,212.32,1,0,3.28
Cotton,2021,Kharif,835.7,30.2,49.7,131.2,45.2,197.9,7.41,329.2,0,1,1.68
Soybean,2015,Kharif,766.8,28.0,60.4,118.3,50.6,211.2,7.07,295.42,1,1,3.53
Cotton,2015,Kharif,793.3,28.8,62.9,156.7,48.3,220.0,6.46,399.51,0,1,2.16
Wheat,2022,Rabi,443.0,19.1,66.0,219.9,42.9,190.3,7.68,478.31,0,1,2.61
Cotton,2018,Kharif,744.9,28.2,51.5,189.1,38.2,241.2,6.92,241.32,1,1,3.02
Sugarcane,2018,Summer,1178.0,33.4,76.7,216.5,73.2,280.0,7.05,272.68,0,1,74.16
Rice,2017,Kharif,1378.8,31.5,78.2,193.3,54.3,244.1,6.83,305.43,1,1,5.48
Turmeric,2021,Kharif,791.5,31.6,63.3,170.3,38.5,258.4,6.62,294.51,0,1,6.42
Rice,2015,Kharif,1197.1,27.3,74.0,80.0,35.7,296.5,6.77,82.29,0,1,2.57
Cotton,2024,Kharif,655.3,29.2,59.2,223.4,52.1,255.6,6.7,450.28,0,1,3.0
Maize,2015,Kharif,891.3,27.1,54.7,233.9,51.4,240.3,6.57,400.56,1,1,5.84
Soybean,2019,Kharif,724.9,28.7,69.7,156.7,34.4,162.7,6.16,160.26,1,1,2.68
Wheat,2017,Rabi,500.8,21.8,64.4,168.3,45.6,129.8,7.05,211.98,1,1,2.67
Rice,2016,Kharif,1301.0,28.3,79.8,252.8,47.8,259.5,6.32,329.68,1,0,5.38
Wheat,2020,Rabi,582.3,19.7,59.1,249.8,54.4,151.6,7.58,260.6,0,0,2.58
Rice,2017,Kharif,1127.7,32.1,77.4,141.9,34.9,221.6,7.29,168.29,0,1,2.57
Soybean,2022,Kharif,866.5,29.8,67.8,124.4,75.3,161.4,6.54,274.29,1,1,3.85
Wheat,2023,Rabi,576.5,21.5,53.8,275.6,51.2,162.0,7.28,358.97,1,1,5.42
Rice,2016,Kharif,1300.9,30.6,85.5,166.4,49.1,246.5,6.66,13.56,1,1,5.14
Maize,2021,Kharif,738.9,27.8,55.3,185.7,54.5,309.3,6.46,230.75,0,1,5.57
Wheat,2017,Rabi,482.0,21.5,58.7,126.4,49.7,156.4,7.89,177.59,1,0,2.28
Cotton,2018,Kharif,979.3,30.5,62.6,145.9,45.8,254.2,7.35,171.52,0,0,1.57
Maize,2015,Kharif,663.3,27.5,73.4,191.6,56.6,291.7,7.23,445.16,0,0,4.74
Turmeric,2017,Kharif,937.9,31.3,76.1,204.5,52.1,226.0,6.22,478.21,0,1,8.41
Cotton,2024,Kharif,638.1,26.5,58.1,180.0,38.1,227.0,6.67,222.75,1,1,2.72
Rice,2021,Kharif,1267.9,29.0,85.3,182.5,36.7,314.5,6.63,429.9,0,1,4.73
Sugarcane,2022,Summer,1024.7,31.7,80.0,209.7,43.8,402.9,6.53,411.04,1,0,75.11
Wheat,2023,Rabi,599.8,26.6,43.9,250.2,30.7,222.6,7.29,106.58,0,1,2.82
Wheat,2016,Rabi,572.1,22.6,49.5,163.3,60.3,181.1,7.73,5.21,1,0,2.77
Soybean,2017,Kharif,730.6,24.3,63.0,133.3,48.2,221.4,5.81,403.19,0,0,2.27
Maize,2024,Kharif,674.6,25.3,78.3,196.1,54.0,256.7,6.64,248.95,0,1,4.94
Soybean,2017,Kharif,609.3,26.2,70.0,113.2,47.3,180.5,6.75,141.66,1,0,2.71
Cotton,2017,Kharif,950.6,28.9,68.0,169.5,39.4,205.9,6.82,412.44,1,1,2.27
Rice,2015,Kharif,1206.4,28.9,87.0,194.9,49.5,235.7,6.69,147.25,0,1,4.23
Cotton,2024,Kharif,997.8,25.0,47.5,210.8,34.2,187.5,6.78,284.34,0,0,1.31
Soybean,2015,Kharif,573.7,28.7,65.0,129.9,48.1,177.0,6.64,321.97,1,1,2.8
Sugarcane,2018,Summer,1097.1,32.0,87.0,228.5,38.5,388.7,6.31,295.09,0,1,67.04
Cotton,2015,Kharif,693.6,26.4,58.2,148.7,39.1,196.1,7.07,113.45,0,1,1.87
Wheat,2021,Rabi,520.0,23.2,48.3,232.6,34.5,230.6,6.65,338.47,0,1,2.88
Sugarcane,2021,Summer,1091.9,33.1,76.6,293.2,48.1,299.4,6.76,270.98,0,1,74.06
Cotton,2022,Kharif,850.2,30.2,60.1,221.5,28.3,312.4,5.94,384.05,1,1,2.25
Rice,2015,Kharif,1080.1,30.0,84.7,173.8,46.3,250.4,6.24,259.25,0,1,4.27
Soybean,2023,Kharif,804.2,26.9,64.9,134.4,61.5,129.3,6.6,83.35,1,1,3.91
Cotton,2015,Kharif,875.5,26.7,71.9,96.4,38.4,221.3,6.99,13.01,0,0,1.35
Cotton,2018,Kharif,901.5,25.8,53.1,131.3,36.9,272.9,7.04,299.49,1,1,2.21
Cotton,2018,Kharif,758.2,26.5,60.7,143.8,32.1,141.5,7.46,430.0,1,0,1.67
Maize,2022,Kharif,709.3,31.4,49.1,191.9,50.7,232.3,7.18,318.05,1,0,3.05
Cotton,2021,Kharif,812.0,29.1,70.1,121.2,26.5,221.5,7.48,271.5,0,0,1.11
Wheat,2020,Rabi,622.8,20.3,63.3,267.3,65.6,173.7,7.87,96.17,0,1,3.47
Rice,2023,Kharif,1402.5,30.1,81.8,144.0,27.8,198.0,6.77,93.6,1,0,3.18
Maize,2019,Kharif,736.7,26.4,61.5,146.8,41.7,236.2,6.85,214.21,0,1,4.04
Cotton,2022,Kharif,795.3,23.8,62.5,146.7,30.8,129.2,7.72,467.74,1,1,1.37
Cotton,2017,Kharif,791.2,25.4,65.9,179.9,40.2,199.1,6.9,407.11,0,1,1.9
Wheat,2017,Rabi,650.0,25.9,61.9,243.7,57.7,208.4,6.97,175.27,0,1,2.66
Wheat,2021,Rabi,483.1,24.2,50.5,275.8,80.0,153.1,7.39,344.75,0,1,3.85
Cotton,2021,Kharif,856.8,30.3,64.4,178.8,37.9,156.5,6.91,192.19,0,1,1.92
Soybean,2019,Kharif,654.4,25.9,58.0,121.7,37.5,147.3,7.35,8.15,1,1,2.62
Cotton,2018,Kharif,627.5,27.9,63.1,152.0,46.6,181.9,7.15,337.36,0,0,1.8
Cotton,2021,Kharif,668.0,28.0,56.1,174.5,26.2,148.4,6.61,471.11,0,1,1.44
Cotton,2020,Kharif,727.5,30.8,50.5,148.7,38.2,182.0,6.95,425.25,1,1,1.68
Rice,2018,Kharif,1263.1,26.3,83.8,263.7,52.3,257.6,6.93,477.07,1,1,5.79
Cotton,2018,Kharif,973.1,27.3,63.8,206.0,20.5,219.4,6.73,254.12,1,0,2.0
Maize,2021,Kharif,684.2,28.8,54.0,158.7,43.9,163.6,6.44,351.66,0,1,3.39
Maize,2021,Kharif,705.8,23.2,57.2,167.3,42.0,167.1,6.68,134.23,0,1,3.09
Wheat,2015,Rabi,467.8,19.1,70.7,292.6,51.3,203.6,7.64,478.48,1,0,2.89
Cotton,2019,Kharif,776.9,26.4,55.2,200.4,41.6,295.5,7.5,173.84,0,1,2.71
Rice,2022,Kharif,1207.2,28.3,84.5,184.6,39.8,217.3,6.27,171.44,1,1,4.06
Cotton,2017,Kharif,859.0,30.6,72.5,222.9,47.4,167.5,8.25,430.21,0,1,1.39
Soybean,2023,Kharif,870.9,30.6,56.1,103.9,58.8,222.1,6.05,180.72,0,1,2.45
Rice,2019,Kharif,1302.0,27.6,80.9,184.2,50.0,224.6,6.83,142.04,0,0,3.44
Soybean,2015,Kharif,735.0,26.6,64.3,130.9,41.7,183.8,7.37,394.34,0,1,2.87
Cotton,2022,Kharif,757.6,29.5,53.2,181.0,28.6,224.0,6.5,483.92,1,1,2.29
Cotton,2020,Kharif,877.2,26.8,49.6,213.5,48.6,235.0,7.33,3.17,0,1,2.3
Soybean,2020,Kharif,882.1,24.6,55.6,118.4,62.5,180.8,7.47,421.25,0,1,2.6
Rice,2023,Kharif,1386.6,30.6,84.7,196.1,44.2,215.8,7.49,74.34,1,0,3.75
Sugarcane,2024,Summer,979.1,32.8,88.1,300.0,50.7,353.3,7.07,401.95,0,1,76.37
Wheat,2018,Rabi,607.6,23.1,63.3,212.0,63.3,214.8,7.34,333.87,0,1,3.45
Cotton,2019,Kharif,909.8,27.0,59.4,215.9,48.9,234.4,7.28,12.42,1,1,3.53
Wheat,2018,Rabi,581.6,19.9,59.8,282.2,62.8,147.0,7.82,218.84,0,1,3.86
Rice,2023,Kharif,1208.2,29.7,88.4,190.3,58.8,229.2,6.65,483.62,0,1,5.02
Maize,2017,Kharif,767.7,29.4,65.2,230.6,45.6,154.8,7.48,398.92,1,0,3.89
Maize,2021,Kharif,661.2,25.2,71.5,160.3,40.5,186.7,7.02,38.3,0,1,3.27
Cotton,2018,Kharif,786.3,28.8,54.9,139.0,35.0,192.0,6.4,139.58,1,1,1.78
Maize,2020,Kharif,628.3,26.5,68.3,166.0,45.3,244.4,6.91,156.49,1,0,5.14
Turmeric,2016,Kharif,866.4,29.4,64.0,170.2,45.5,196.4,6.09,131.56,0,1,6.81
Cotton,2021,Kharif,803.6,28.8,65.3,186.2,39.7,202.6,7.28,66.67,0,1,2.04
Cotton,2015,Kharif,661.7,30.5,68.8,155.6,39.6,135.9,7.39,243.73,1,0,1.34
Rice,2022,Kharif,1274.0,28.4,84.0,263.3,28.3,245.2,6.06,197.56,1,0,4.31
Sugarcane,2017,Summer,1152.4,28.7,68.0,260.3,61.9,283.3,6.93,172.52,1,0,64.81
Soybean,2020,Kharif,716.0,27.0,61.0,97.2,27.9,202.9,7.62,386.41,0,0,1.98
Soybean,2015,Kharif,747.1,25.5,57.2,135.2,58.0,178.8,6.26,423.8,1,1,3.26
Rice,2021,Kharif,1376.9,27.5,75.5,249.8,42.2,210.8,6.83,250.56,1,1,4.53
Rice,2021,Kharif,1302.5,31.7,80.0,216.7,53.6,247.7,5.77,465.23,0,1,3.63
Turmeric,2018,Kharif,936.0,27.9,72.4,178.3,47.3,294.0,6.26,233.44,0,1,7.98
Wheat,2020,Rabi,536.4,20.8,66.9,192.2,59.0,183.9,7.52,333.63,0,1,2.82
Soybean,2020,Kharif,792.1,26.8,77.7,116.4,65.7,203.4,6.51,52.27,1,0,2.95
Soybean,2020,Kharif,810.2,26.2,62.8,128.0,58.0,180.0,6.67,301.87,0,1,3.7
Maize,2018,Kharif,756.1,26.5,65.4,228.3,55.8,214.3,6.92,82.39,1,1,6.63
Maize,2021,Kharif,652.5,28.2,56.1,182.2,64.8,215.3,6.35,10.71,0,0,3.85
Cotton,2020,Kharif,833.3,24.7,46.6,169.1,52.4,177.1,6.6,418.27,0,1,1.78
Rice,2022,Kharif,1296.4,33.5,82.5,158.7,47.0,154.2,6.69,248.33,1,1,3.02
Rice,2022,Kharif,1130.2,31.2,82.6,188.0,41.8,206.3,6.17,13.1,0,1,3.75
Cotton,2022,Kharif,824.6,28.5,53.9,166.7,43.6,213.4,7.42,165.5,1,0,2.26
Sugarcane,2016,Summer,1098.8,34.2,79.2,300.0,53.9,372.0,6.94,453.88,1,1,92.77
Cotton,2023,Kharif,819.7,30.1,56.5,154.9,46.8,155.8,6.94,375.69,1,1,2.3
Maize,2021,Kharif,706.5,28.0,60.6,122.3,49.4,139.5,7.17,266.14,1,0,3.29
Cotton,2020,Kharif,759.1,25.9,59.1,214.2,46.4,198.7,6.67,281.65,1,0,2.02
Maize,2024,Kharif,809.0,27.2,69.4,207.1,51.4,245.1,6.92,316.27,1,1,6.62
Rice,2021,Kharif,1119.7,30.9,74.5,149.6,41.2,187.5,6.42,226.49,0,1,3.47
Maize,2022,Kharif,733.0,30.0,64.8,230.9,45.6,238.4,6.49,131.87,0,1,5.25
Cotton,2015,Kharif,788.4,27.5,51.8,179.8,38.2,317.5,8.26,30.27,0,1,1.99
Turmeric,2024,Kharif,820.4,29.8,68.4,199.8,68.6,273.6,6.49,440.98,1,0,11.76
Wheat,2020,Rabi,500.4,25.7,47.5,206.3,35.7,201.8,6.85,35.06,1,1,2.73
Cotton,2022,Kharif,707.0,30.3,61.6,170.9,37.7,190.0,6.53,229.48,0,1,1.9
Soybean,2023,Kharif,765.1,26.9,62.7,151.6,48.3,161.8,7.3,84.4,1,1,3.57
Soybean,2019,Kharif,945.4,29.2,69.5,95.7,39.6,195.0,6.77,499.7,0,0,1.82
Soybean,2020,Kharif,785.3,27.4,66.8,96.4,36.0,139.4,7.09,234.08,1,1,2.44
Wheat,2022,Rabi,635.9,22.3,48.8,210.3,31.6,149.0,7.64,408.83,0,1,2.49
Rice,2022,Kharif,1248.9,30.5,76.6,182.1,49.6,206.0,6.41,329.76,1,1,5.33
Cotton,2024,Kharif,828.2,31.1,61.7,189.0,53.2,174.8,7.79,269.53,0,1,1.67
Maize,2018,Kharif,699.6,26.5,62.9,233.3,63.5,287.3,6.6,189.27,0,1,6.35
Wheat,2021,Rabi,507.2,20.7,66.4,187.5,48.3,240.0,7.95,332.46,0,0,2.47
Maize,2015,Kharif,680.4,27.3,65.8,198.1,62.6,256.1,6.89,343.63,1,1,6.66
Wheat,2019,Rabi,568.8,21.5,61.7,182.1,48.4,174.4,6.62,99.92,0,1,2.73
Wheat,2023,Rabi,538.9,23.2,66.2,238.8,55.9,181.1,7.26,242.16,1,1,4.02
Maize,2022,Kharif,682.2,31.2,52.4,166.0,51.0,253.1,7.59,264.24,0,0,3.19
Cotton,2015,Kharif,902.6,27.8,73.9,169.0,52.5,280.7,7.2,84.44,1,1,2.81
Soybean,2015,Kharif,680.7,25.2,55.6,140.7,41.8,175.2,6.4,416.23,1,1,2.65
Cotton,2015,Kharif,735.6,27.9,65.2,113.5,39.4,181.2,7.67,174.15,0,1,1.33
Rice,2024,Kharif,1246.6,28.7,81.9,171.5,45.7,248.3,6.31,409.82,0,1,4.63
Maize,2021,Kharif,645.4,24.2,64.5,200.6,52.2,279.0,7.07,438.84,0,1,5.22
Maize,2015,Kharif,680.0,29.7,60.2,253.0,55.7,241.8,6.1,210.07,0,0,4.57
Rice,2017,Kharif,1188.8,29.1,74.3,221.0,56.8,325.9,5.93,455.02,0,1,5.27
Rice,2015,Kharif,1295.4,31.3,82.3,199.9,47.3,229.7,6.3,207.96,1,1,5.24
Rice,2021,Kharif,1395.9,28.9,83.1,216.8,52.8,199.7,6.27,26.04,0,1,4.47
Sugarcane,2021,Summer,926.1,32.3,88.5,252.7,67.5,435.9,6.45,253.15,0,0,61.08
Soybean,2016,Kharif,693.4,25.1,70.6,162.5,60.9,168.2,7.06,398.84,1,1,3.6
Soybean,2020,Kharif,647.3,26.3,66.0,80.6,42.2,144.0,6.47,304.65,1,0,1.99
Wheat,2023,Rabi,605.5,23.0,50.6,191.9,44.2,185.3,6.91,349.32,0,1,3.02
Soybean,2017,Kharif,674.8,23.2,64.4,124.6,55.6,142.2,7.01,303.71,1,1,2.45
Cotton,2018,Kharif,760.3,30.4,60.7,213.3,34.1,233.3,6.66,419.65,1,0,2.11
Wheat,2023,Rabi,558.9,25.0,50.2,169.6,58.8,250.8,6.63,30.75,1,0,3.14
Maize,2019,Kharif,604.7,26.4,67.3,172.4,36.2,223.1,6.15,85.53,0,1,3.66
Soybean,2016,Kharif,673.0,28.6,61.4,167.7,37.5,181.4,6.7,3.54,1,1,3.04
Wheat,2020,Rabi,547.1,20.3,43.9,218.4,39.5,217.7,6.96,456.68,1,1,3.19
Soybean,2021,Kharif,657.1,29.4,57.3,112.9,40.9,209.6,7.24,482.83,0,1,2.38
Turmeric,2024,Kharif,842.2,31.4,66.6,105.5,49.3,324.3,6.42,422.42,1,1,7.42
Cotton,2019,Kharif,822.2,29.0,56.4,209.1,47.6,176.9,6.74,7.03,1,1,2.92
Cotton,2024,Kharif,730.4,24.9,60.1,198.6,40.7,234.1,7.27,93.94,1,1,2.8
Cotton,2018,Kharif,674.9,26.8,56.0,166.7,42.3,210.7,7.11,168.37,1,1,2.53
Wheat,2015,Rabi,642.1,19.6,55.4,212.0,39.4,184.7,6.18,304.14,1,0,2.77
Cotton,2024,Kharif,714.0,29.4,51.1,186.4,31.6,271.5,6.48,82.95,0,0,1.52
Rice,2019,Kharif,1111.3,28.7,83.7,222.6,40.9,203.3,6.07,147.52,0,0,3.11
Cotton,2024,Kharif,856.5,30.5,54.6,202.9,42.9,205.0,5.99,433.49,1,1,2.4
Wheat,2022,Rabi,567.2,21.0,63.7,229.7,69.9,205.0,7.84,455.87,1,0,3.64
Soybean,2020,Kharif,680.4,25.2,66.7,148.1,53.7,299.1,6.71,88.88,1,0,3.36
Rice,2023,Kharif,998.4,29.6,76.1,180.1,51.6,281.5,6.15,229.13,1,0,4.52
Maize,2023,Kharif,531.8,29.3,63.9,162.8,44.2,263.6,6.04,154.08,0,1,4.1
Maize,2024,Kharif,671.7,26.8,80.1,210.2,61.7,217.3,6.95,449.52,0,0,4.41
Cotton,2017,Kharif,785.5,27.4,55.4,165.2,32.1,254.3,6.86,392.59,0,1,2.17
Cotton,2022,Kharif,820.4,26.2,54.7,155.1,29.6,219.2,7.54,455.96,0,0,1.29
Wheat,2023,Rabi,480.6,20.5,47.4,171.4,52.1,245.8,7.33,421.69,0,0,2.45
Sugarcane,2017,Summer,1162.2,31.4,78.9,207.3,78.9,391.9,7.12,32.36,1,1,85.22
Soybean,2023,Kharif,734.4,28.2,63.3,140.7,42.5,184.3,7.09,220.67,0,1,2.66
Cotton,2023,Kharif,858.9,25.8,42.7,177.7,44.2,244.8,7.38,472.94,0,0,1.71
Turmeric,2018,Kharif,899.6,27.7,77.0,161.0,53.8,231.8,7.08,324.82,0,1,8.75
Maize,2015,Kharif,715.6,24.4,57.6,141.8,43.9,230.1,6.01,458.13,1,0,3.67
Cotton,2016,Kharif,808.3,27.6,68.7,190.3,28.9,253.4,6.47,259.89,0,0,1.66
Soybean,2020,Kharif,724.2,28.0,76.0,121.9,48.8,214.2,7.06,227.49,1,1,3.14
Wheat,2016,Rabi,473.1,24.8,67.5,214.5,63.4,182.2,7.57,476.43,1,1,3.43
Sugarcane,2015,Summer,1059.4,38.4,82.1,257.2,47.8,332.4,6.94,138.2,0,1,55.09
Rice,2016,Kharif,1239.5,31.5,76.7,233.6,32.0,268.9,6.58,198.22,0,1,4.27
Maize,2024,Kharif,420.4,24.0,71.2,214.5,37.0,207.6,7.16,491.38,1,1,3.67
Maize,2024,Kharif,729.2,27.3,60.4,207.6,41.2,230.8,6.3,354.03,1,0,4.64
Rice,2020,Kharif,1321.6,30.2,79.1,155.9,42.3,212.1,6.78,134.07,1,1,5.68
Cotton,2015,Kharif,628.4,30.0,65.6,145.0,29.5,228.3,7.51,362.84,1,1,1.84
Cotton,2023,Kharif,855.0,27.8,66.9,168.7,39.0,178.7,7.64,71.75,0,1,1.69
Cotton,2022,Kharif,875.0,30.5,56.3,195.0,32.4,265.5,6.75,174.04,1,0,1.76
Cotton,2018,Kharif,871.0,29.8,52.8,141.5,44.1,116.7,6.73,35.8,0,1,1.53
Soybean,2021,Kharif,802.0,25.4,75.2,99.7,56.7,171.0,7.16,262.49,0,1,2.62
Cotton,2021,Kharif,974.7,29.4,66.0,162.4,39.5,247.5,7.12,26.27,0,0,1.87
Cotton,2018,Kharif,785.1,24.8,70.5,175.5,38.8,173.8,7.3,219.77,1,1,1.93
Maize,2024,Kharif,811.0,27.4,68.2,163.9,42.9,242.5,6.61,295.92,0,1,4.7
Soybean,2021,Kharif,788.2,29.1,58.6,138.5,56.5,171.6,7.03,100.17,1,1,3.43
Wheat,2016,Rabi,549.2,22.1,52.4,261.5,55.5,200.5,6.99,267.86,0,1,3.84
Sugarcane,2023,Summer,1185.4,31.6,79.8,218.0,70.6,353.5,6.84,154.42,1,1,113.14
Soybean,2016,Kharif,751.2,27.7,68.3,126.4,74.1,211.3,6.75,110.74,0,1,3.51
Maize,2016,Kharif,588.7,25.9,71.4,95.5,52.5,220.6,6.7,51.75,1,1,4.74
Sugarcane,2024,Summer,1186.8,29.6,77.0,288.9,54.5,385.5,5.92,41.94,0,0,69.01
Turmeric,2017,Kharif,905.5,29.2,80.5,169.2,48.8,330.5,6.84,98.44,0,1,8.78
Wheat,2015,Rabi,545.1,21.0,49.3,227.0,65.1,153.0,7.15,255.2,0,0,3.26
Soybean,2018,Kharif,640.0,26.3,65.7,136.1,65.7,182.2,6.95,92.48,0,1,3.06
Soybean,2023,Kharif,750.7,26.2,66.6,90.7,49.5,122.2,6.69,134.21,0,1,2.4
Soybean,2021,Kharif,731.9,29.2,69.6,145.6,46.4,118.2,7.84,326.66,0,1,2.23
Wheat,2019,Rabi,610.3,25.0,65.3,171.0,51.0,227.7,7.47,215.61,0,0,2.01
Maize,2016,Kharif,820.9,27.2,64.6,229.1,49.6,293.0,6.34,271.96,1,1,7.0
Soybean,2018,Kharif,662.6,28.5,64.5,120.5,61.7,178.1,6.86,27.37,0,1,3.19
Turmeric,2023,Kharif,869.2,31.7,82.3,213.5,55.7,272.4,6.6,402.58,1,1,11.32
Rice,2019,Kharif,1310.0,31.4,75.6,192.6,41.4,262.1,6.68,318.46,0,0,4.02
Sugarcane,2017,Summer,1067.4,29.0,79.8,240.9,45.8,355.7,6.61,203.95,0,1,58.79
Turmeric,2024,Kharif,734.8,29.8,79.1,200.1,53.4,236.7,6.74,44.41,0,1,8.25
Maize,2023,Kharif,636.3,27.8,55.1,175.4,45.0,234.0,7.81,256.58,1,1,4.06
Wheat,2018,Rabi,632.3,23.7,52.3,191.7,51.7,156.0,7.19,440.13,0,1,2.88
Maize,2018,Kharif,701.0,27.3,61.6,217.2,48.7,226.8,6.8,195.43,0,1,5.28
Cotton,2018,Kharif,766.3,26.9,59.7,197.1,36.9,264.6,6.77,339.49,0,1,2.4
Rice,2019,Kharif,1293.4,29.3,82.3,120.9,38.8,189.3,6.12,167.89,1,0,2.92
Sugarcane,2015,Summer,1029.7,28.6,85.3,266.0,54.0,351.9,6.58,387.68,0,1,63.07
Wheat,2021,Rabi,613.9,18.1,47.7,198.9,68.4,197.4,7.16,492.94,0,1,2.83
Sugarcane,2024,Summer,1091.6,31.9,84.2,300.0,33.0,315.3,6.42,384.73,1,0,82.13
Wheat,2018,Rabi,573.2,22.4,57.8,249.6,61.8,215.1,6.77,165.82,1,1,4.39
Cotton,2024,Kharif,862.8,25.9,61.1,202.6,49.7,227.4,6.87,202.35,0,1,2.28
Sugarcane,2019,Summer,1207.0,31.8,63.1,180.3,48.0,440.2,6.56,89.48,0,1,61.69
Wheat,2016,Rabi,558.0,23.4,61.0,191.9,60.4,210.6,7.29,184.09,0,1,2.99
Cotton,2021,Kharif,884.3,26.6,75.8,164.2,33.8,272.2,7.07,362.03,1,1,2.53
Wheat,2016,Rabi,597.0,27.4,51.2,216.0,56.2,199.8,7.11,9.67,1,0,2.78
Cotton,2019,Kharif,786.1,28.5,56.3,178.5,40.0,148.3,6.92,6.2,0,1,2.15
Soybean,2015,Kharif,811.6,26.5,72.4,119.5,45.8,194.8,6.5,264.99,0,0,2.28
Cotton,2019,Kharif,814.7,26.9,51.4,141.6,39.4,155.4,6.41,14.85,0,0,1.62
Sugarcane,2023,Summer,1177.4,33.1,82.2,292.0,67.7,359.4,6.47,342.68,0,1,83.11
Rice,2023,Kharif,1307.4,27.4,83.2,183.4,64.6,300.4,6.57,332.09,0,1,4.99
Turmeric,2021,Kharif,940.3,28.1,56.3,165.1,51.9,261.3,6.99,4.07,1,1,8.57
Sugarcane,2020,Summer,1231.1,30.5,70.4,256.7,50.4,371.5,7.06,423.45,1,1,69.04
Wheat,2022,Rabi,438.0,20.9,64.1,194.5,57.8,205.4,7.19,62.53,0,1,3.16
Maize,2018,Kharif,639.7,28.1,61.4,202.3,50.6,284.3,6.19,168.13,0,1,4.73
Wheat,2021,Rabi,629.5,22.2,66.5,281.7,67.3,170.1,6.78,407.81,1,1,3.69
Wheat,2024,Rabi,567.7,18.5,65.4,190.5,56.8,208.4,6.81,177.68,1,1,3.21
Rice,2020,Kharif,1383.1,28.0,81.1,188.5,39.8,256.8,6.96,124.83,0,1,3.81
Rice,2015,Kharif,1015.2,30.4,90.0,285.6,48.3,223.9,6.58,178.42,0,1,4.46
Turmeric,2020,Kharif,909.9,33.0,87.5,167.1,34.0,306.9,6.08,355.44,1,1,7.1
Cotton,2024,Kharif,744.8,28.1,70.6,169.2,36.0,244.6,6.51,230.63,1,0,2.03
Soybean,2015,Kharif,651.6,26.2,57.1,102.5,61.3,180.7,7.01,407.16,1,1,3.21
Maize,2023,Kharif,812.0,28.9,54.3,198.6,39.4,220.6,6.85,409.91,0,1,3.73
Rice,2018,Kharif,1199.4,31.5,77.4,148.7,31.7,200.9,5.52,150.95,1,1,3.02
Cotton,2024,Kharif,650.5,24.8,69.0,172.0,38.5,174.5,6.96,243.44,0,1,1.73
Cotton,2020,Kharif,998.3,25.2,67.3,190.6,33.4,246.9,7.65,456.63,1,0,2.15
Wheat,2020,Rabi,514.3,25.5,53.1,200.4,44.3,232.7,6.82,424.87,1,0,2.97
Wheat,2024,Rabi,552.1,23.3,41.6,193.9,66.9,176.7,7.2,229.52,1,1,3.86
Cotton,2017,Kharif,770.9,26.4,51.2,133.1,32.6,178.6,6.73,385.75,1,1,1.94
Wheat,2018,Rabi,649.7,18.8,64.5,252.5,52.9,178.8,7.04,182.38,0,1,2.74
Maize,2019,Kharif,690.2,29.2,63.4,169.5,34.0,189.1,6.4,420.73,1,1,4.36
Turmeric,2021,Kharif,854.5,29.0,69.8,217.5,36.4,246.0,6.37,436.89,1,1,9.0
Wheat,2021,Rabi,541.3,21.6,58.8,250.1,67.4,176.9,6.68,336.34,0,0,3.41
Turmeric,2015,Kharif,815.8,27.6,75.6,224.4,57.4,231.2,6.36,334.54,1,1,11.54
Soybean,2017,Kharif,780.4,25.9,67.6,157.1,65.9,273.3,6.65,248.4,0,0,3.37
Rice,2019,Kharif,1133.4,26.3,81.7,202.7,38.9,240.7,7.4,170.41,1,1,3.51
Turmeric,2019,Kharif,1038.9,29.3,79.3,185.7,33.8,178.4,6.87,357.72,0,1,7.58
Cotton,2016,Kharif,693.1,30.2,75.9,121.4,28.0,231.5,7.3,309.9,1,1,1.34
Cotton,2022,Kharif,779.1,27.9,59.7,115.5,42.8,235.2,6.4,483.57,0,0,1.81
Cotton,2018,Kharif,807.8,29.7,62.4,135.9,38.7,229.9,7.13,39.94,1,1,2.41
Soybean,2024,Kharif,731.0,28.3,67.8,80.0,59.4,187.3,6.31,83.82,0,1,2.74
Soybean,2020,Kharif,743.8,25.4,59.1,119.1,33.9,145.3,6.49,186.61,1,1,2.61
Sugarcane,2015,Summer,1156.3,26.7,90.0,191.3,75.7,338.9,6.47,490.15,0,0,50.33
Sugarcane,2017,Summer,1291.2,31.0,83.0,229.5,65.8,404.6,7.03,229.13,1,1,94.8
Cotton,2022,Kharif,704.5,25.6,51.2,182.5,47.1,175.2,7.33,166.52,0,1,1.66
Rice,2018,Kharif,1374.5,31.7,84.4,140.3,49.5,276.0,6.19,188.3,1,0,3.82
Soybean,2024,Kharif,640.7,28.5,59.9,117.6,45.6,152.5,6.39,311.59,0,0,1.87
Soybean,2017,Kharif,739.6,27.3,51.9,136.6,58.4,189.4,7.26,473.91,0,1,2.56
Cotton,2022,Kharif,864.5,26.2,59.1,154.4,26.2,226.0,7.5,143.55,0,0,1.8
Cotton,2023,Kharif,954.8,29.2,56.6,137.7,37.2,208.2,7.32,290.41,1,0,1.9
Maize,2024,Kharif,933.5,28.0,76.0,208.3,42.2,194.2,6.32,417.71,0,0,3.17
Sugarcane,2015,Summer,1012.2,34.8,88.8,271.8,72.2,228.4,7.3,203.64,0,1,52.07
Cotton,2022,Kharif,792.8,27.6,68.7,203.0,38.2,242.4,6.89,10.18,1,0,2.52
Cotton,2022,Kharif,823.6,26.7,55.5,136.2,40.8,237.2,6.79,22.84,1,1,2.91
Cotton,2021,Kharif,786.6,26.3,51.4,170.7,35.5,212.4,7.39,95.23,1,1,2.23
Turmeric,2019,Kharif,1041.6,22.8,84.2,208.2,49.6,279.6,6.53,324.66,0,0,6.34
Cotton,2016,Kharif,800.6,26.2,61.5,178.8,31.6,231.7,6.94,400.22,0,0,2.08
Cotton,2024,Kharif,620.6,29.1,52.3,188.5,37.0,238.1,7.21,432.21,0,1,2.11
Cotton,2018,Kharif,873.0,24.6,70.9,223.7,49.3,206.1,6.0,67.21,0,1,1.92
Wheat,2019,Rabi,527.8,23.3,63.6,197.4,42.4,197.4,7.93,83.07,1,1,3.24
Wheat,2018,Rabi,531.0,19.4,56.9,182.2,47.7,246.8,6.97,239.12,1,0,2.82
Rice,2021,Kharif,1138.5,30.2,73.7,240.5,41.9,231.5,6.66,431.77,0,1,3.96
Sugarcane,2016,Summer,1023.7,33.4,74.4,238.4,72.2,353.3,6.14,362.84,1,0,79.45
Soybean,2022,Kharif,744.5,21.5,60.8,141.1,45.0,204.0,6.7,68.61,1,1,3.55
Soybean,2021,Kharif,747.1,27.5,53.4,113.1,59.8,164.0,6.4,309.39,0,1,2.71
Cotton,2018,Kharif,710.8,29.5,72.1,199.6,43.6,159.7,7.18,303.52,0,0,1.39
Maize,2018,Kharif,701.6,23.0,61.9,177.3,49.9,142.9,6.71,23.44,0,1,3.64
Wheat,2021,Rabi,562.7,20.4,48.8,243.4,65.1,173.4,7.86,434.74,1,0,3.55
Sugarcane,2024,Summer,1066.4,31.0,80.4,300.0,53.9,280.2,6.34,214.72,0,1,76.45
Soybean,2024,Kharif,759.5,27.8,57.3,107.4,54.3,157.4,7.75,150.76,1,1,2.26
Soybean,2018,Kharif,788.3,30.7,59.5,80.0,67.7,120.8,6.06,168.94,1,1,2.06
Soybean,2024,Kharif,757.4,26.4,64.7,134.9,44.3,247.3,6.35,69.34,0,1,3.81
Wheat,2016,Rabi,551.1,24.5,56.2,266.3,45.1,229.6,6.73,295.11,1,1,4.58
Sugarcane,2021,Summer,1039.3,31.7,79.2,270.7,67.2,261.7,6.1,256.24,0,1,65.99
Rice,2018,Kharif,1123.7,29.5,72.5,202.5,50.3,203.6,6.02,440.69,0,1,3.83
Rice,2022,Kharif,1196.1,31.8,87.2,163.2,34.8,202.9,6.35,231.52,0,0,2.87
Sugarcane,2016,Summer,1120.4,32.2,79.6,295.3,43.1,245.8,6.36,197.42,0,1,67.62
Rice,2021,Kharif,1217.5,30.3,80.8,229.5,52.9,307.6,6.22,220.89,0,0,5.84
Cotton,2019,Kharif,952.4,27.0,55.0,210.1,39.1,231.5,6.82,184.33,0,1,2.13
Turmeric,2021,Kharif,919.6,31.0,84.0,180.1,56.4,330.9,6.52,220.54,1,1,12.68
Maize,2022,Kharif,757.9,27.7,67.5,222.0,49.2,208.8,7.07,145.82,1,1,6.26
Soybean,2022,Kharif,804.4,28.9,65.7,130.6,64.5,189.2,6.79,10.33,1,1,4.66
Wheat,2021,Rabi,543.1,22.4,64.7,196.7,54.0,187.7,8.24,126.19,0,1,2.89
Rice,2023,Kharif,1307.8,29.9,84.9,202.5,53.0,237.0,6.24,98.76,1,1,5.76
Soybean,2016,Kharif,648.8,26.1,64.4,85.7,60.8,189.7,6.88,255.0,0,1,2.55
Sugarcane,2015,Summer,1168.3,29.1,74.1,235.0,69.0,258.9,5.97,313.46,1,1,68.59
Soybean,2018,Kharif,827.9,28.9,67.9,96.7,60.7,138.1,6.87,381.39,0,1,2.18
Cotton,2017,Kharif,777.3,27.5,53.2,162.9,40.8,182.7,7.21,20.29,0,1,2.06
Wheat,2021,Rabi,661.3,20.4,66.0,197.2,38.9,162.0,7.83,242.39,0,1,2.12
Wheat,2021,Rabi,620.7,21.2,59.8,232.7,61.1,257.1,6.6,52.87,1,1,4.55
Rice,2015,Kharif,1243.1,30.4,81.6,196.1,45.6,244.8,6.9,132.52,0,1,4.56
Sugarcane,2016,Summer,1114.7,29.5,80.9,206.6,50.8,332.0,6.79,266.82,0,1,61.61
Cotton,2024,Kharif,729.5,28.3,61.3,187.8,42.6,252.7,7.54,466.0,0,1,2.18
Cotton,2021,Kharif,722.2,28.2,48.6,182.4,60.8,130.1,7.07,74.95,0,1,1.97
Maize,2016,Kharif,679.2,24.4,62.3,228.5,51.0,162.2,6.63,129.87,1,0,4.1
Wheat,2023,Rabi,566.3,22.5,51.5,262.9,47.9,194.8,7.03,25.61,0,1,3.83
Rice,2022,Kharif,1142.8,28.4,81.6,256.1,60.4,221.9,6.01,99.83,1,0,4.57
Cotton,2018,Kharif,833.6,28.3,60.7,192.2,36.6,232.7,6.66,166.25,1,1,2.9
Turmeric,2022,Kharif,890.1,28.2,84.9,198.1,44.4,340.0,6.05,273.29,1,1,10.61
Soybean,2017,Kharif,767.2,27.4,52.0,201.3,52.1,194.4,6.6,361.56,1,1,3.12
Cotton,2022,Kharif,754.6,27.4,64.0,215.1,45.1,185.3,6.97,400.2,0,0,2.2
Soybean,2020,Kharif,836.4,22.9,60.1,113.2,61.3,198.3,6.43,395.88,0,1,2.6
Maize,2018,Kharif,751.0,27.9,66.4,207.7,50.0,240.1,6.92,28.74,1,1,6.67
Cotton,2015,Kharif,783.9,28.7,64.7,201.3,39.3,162.9,7.09,349.16,0,0,1.76
Cotton,2018,Kharif,773.5,29.2,77.6,180.7,46.6,200.8,7.23,167.6,0,0,1.71
Turmeric,2015,Kharif,876.1,27.8,76.0,131.0,58.9,273.0,6.12,19.82,0,0,5.95
Soybean,2019,Kharif,710.3,25.0,58.4,92.0,54.3,148.3,6.36,110.69,0,1,2.32
Wheat,2015,Rabi,473.4,23.0,50.9,228.9,57.3,205.3,7.28,341.72,0,1,3.31
Wheat,2022,Rabi,527.0,22.4,46.6,262.3,59.4,171.4,7.26,484.49,1,1,4.82
Soybean,2024,Kharif,717.7,26.2,66.7,136.7,45.4,226.8,7.24,443.81,0,1,3.54
Rice,2015,Kharif,1042.7,33.9,87.3,205.7,49.6,296.2,6.11,134.69,1,0,4.46
Soybean,2024,Kharif,806.8,27.7,62.9,125.8,50.0,215.1,6.53,485.8,1,1,3.12
Rice,2021,Kharif,1177.1,30.2,84.1,203.4,58.5,289.6,6.2,443.08,1,1,6.18
Rice,2017,Kharif,1416.1,30.6,79.2,254.5,46.8,224.2,6.66,338.99,0,0,4.34
Maize,2020,Kharif,775.7,27.3,65.4,265.0,46.6,194.6,6.72,232.91,1,0,6.0
Maize,2022,Kharif,611.1,25.9,71.0,188.9,51.1,203.2,6.72,423.15,1,0,3.95
Maize,2024,Kharif,668.5,25.6,71.1,195.3,40.8,265.2,6.79,188.89,0,0,4.76
Wheat,2017,Rabi,657.8,22.6,59.0,239.6,64.0,217.8,7.2,43.32,0,1,3.94
Rice,2022,Kharif,1287.9,28.7,90.0,266.9,54.6,294.8,6.14,169.52,0,1,5.61
Soybean,2015,Kharif,768.3,31.4,59.8,100.2,42.4,191.8,6.57,354.59,0,1,2.13
Maize,2016,Kharif,800.0,31.1,52.2,191.5,51.6,235.4,6.92,36.2,0,1,3.51
Soybean,2020,Kharif,824.8,27.4,70.5,151.0,63.0,153.9,5.99,81.42,0,1,2.78
Rice,2020,Kharif,1444.3,28.8,88.3,201.9,35.0,258.4,7.09,6.19,1,0,3.13
Rice,2017,Kharif,1324.9,30.1,68.8,269.5,55.7,251.9,6.79,258.37,1,0,4.63
Turmeric,2019,Kharif,849.2,31.5,79.4,161.1,37.6,179.8,6.33,43.51,0,1,5.78
Maize,2017,Kharif,954.7,29.8,68.5,219.2,53.8,160.6,6.25,443.63,1,1,4.11
Maize,2021,Kharif,603.3,29.5,72.4,186.8,38.5,234.3,6.81,90.28,1,1,4.34
Rice,2020,Kharif,1312.8,32.3,75.3,213.6,36.8,217.3,6.87,139.07,1,1,4.26
Cotton,2018,Kharif,847.8,30.9,58.9,151.0,24.6,265.8,7.35,184.37,1,1,1.79
Sugarcane,2024,Summer,1240.8,30.4,77.3,186.1,57.6,450.0,6.82,29.78,0,1,88.54
Maize,2016,Kharif,760.6,28.3,69.0,240.5,43.7,178.3,7.71,307.52,0,1,4.09
Sugarcane,2020,Summer,1048.6,32.0,72.6,218.8,65.9,318.5,6.83,385.7,0,1,65.6
Wheat,2021,Rabi,679.6,24.1,42.8,236.9,57.6,184.9,7.06,99.93,1,1,3.65
Wheat,2021,Rabi,561.2,23.8,72.0,237.1,45.6,194.9,7.65,23.53,0,0,2.43
Rice,2024,Kharif,1321.1,29.4,76.6,205.1,29.3,230.2,6.35,406.41,0,0,3.16
Rice,2022,Kharif,1182.7,29.6,88.8,200.6,43.3,320.7,6.85,199.32,1,1,6.26
Rice,2017,Kharif,1153.8,30.0,75.9,172.5,44.9,224.3,6.36,83.83,1,1,4.58
Rice,2019,Kharif,818.9,32.6,83.4,241.8,54.6,254.9,5.76,281.69,1,1,3.45
Cotton,2024,Kharif,630.9,29.2,70.6,215.9,49.3,216.6,7.54,266.39,0,1,2.05
Rice,2015,Kharif,1500.0,30.1,78.4,205.7,38.1,223.7,5.88,381.66,0,0,3.25
Cotton,2020,Kharif,806.7,28.5,67.3,171.1,38.2,183.3,6.94,427.82,0,1,2.26
Soybean,2021,Kharif,623.1,28.3,67.9,100.2,63.9,165.0,6.72,15.66,0,0,2.3
Maize,2020,Kharif,656.9,26.8,77.7,203.8,43.2,169.6,7.49,137.66,1,1,4.39
Soybean,2023,Kharif,804.0,24.6,60.0,125.3,49.1,127.2,7.37,178.19,0,1,2.35
Turmeric,2022,Kharif,934.3,25.3,83.3,191.3,51.5,242.1,6.9,472.45,1,1,8.41
Sugarcane,2017,Summer,1197.5,31.0,87.8,300.0,59.1,328.9,7.26,348.96,1,1,89.83
Turmeric,2024,Kharif,954.5,25.3,70.6,166.7,45.8,232.1,6.6,259.51,1,1,8.92
Cotton,2020,Kharif,679.9,30.3,72.1,142.7,38.9,280.0,6.68,130.7,0,0,1.39
Cotton,2017,Kharif,748.6,27.8,58.8,255.0,36.4,199.5,7.7,392.07,0,0,2.02
Cotton,2022,Kharif,728.4,29.4,62.1,177.3,35.5,256.4,6.65,468.48,1,0,2.2
Wheat,2018,Rabi,503.1,24.2,56.4,275.7,57.3,181.4,7.79,358.38,1,1,4.32
Maize,2022,Kharif,593.3,27.3,72.6,208.8,50.4,190.0,7.3,496.56,1,0,4.23
Maize,2021,Kharif,636.1,24.9,59.6,205.6,48.7,237.6,6.99,384.67,1,0,5.01
Cotton,2024,Kharif,701.0,30.2,64.8,165.0,49.6,208.6,6.7,208.95,1,0,2.05
Turmeric,2020,Kharif,1038.3,30.1,76.0,176.3,53.2,276.9,6.76,276.12,0,0,7.61
Maize,2015,Kharif,627.0,26.6,78.9,154.3,42.8,263.1,6.66,118.28,1,1,5.39
Sugarcane,2019,Summer,1161.8,31.8,85.9,296.6,48.1,281.7,6.87,78.99,0,1,82.51
Cotton,2020,Kharif,830.8,27.3,56.5,256.6,36.9,239.2,7.49,133.96,1,1,3.17
Cotton,2023,Kharif,784.5,27.9,54.4,237.0,40.5,176.0,6.51,312.85,1,1,2.94
Soybean,2022,Kharif,710.6,26.1,66.2,113.6,31.4,185.9,7.44,388.22,1,1,2.81
Wheat,2016,Rabi,533.6,19.1,51.5,285.0,43.0,196.4,7.01,473.77,0,1,3.38
Rice,2018,Kharif,1220.2,35.1,76.5,226.7,43.9,249.8,6.56,408.7,0,1,4.0
Wheat,2024,Rabi,550.3,19.8,72.7,192.7,65.9,158.5,6.92,145.3,1,0,3.02
Maize,2015,Kharif,698.3,28.6,66.2,217.0,42.0,244.5,6.8,294.3,1,1,6.35
Cotton,2024,Kharif,878.2,27.8,58.1,166.4,43.1,175.2,6.86,41.92,0,1,2.01
Wheat,2019,Rabi,413.9,23.3,55.2,201.5,65.7,199.3,6.98,116.17,0,0,2.64
Cotton,2024,Kharif,795.2,25.0,49.0,146.9,39.9,142.2,7.48,487.6,1,0,1.3
Cotton,2019,Kharif,817.1,28.4,52.2,129.1,38.6,218.6,6.82,409.22,0,1,1.86
Wheat,2017,Rabi,523.9,20.7,62.5,237.9,49.0,232.1,7.0,472.22,1,0,3.93
Wheat,2016,Rabi,635.1,20.1,66.2,198.8,63.3,232.5,6.67,179.32,1,1,3.93
Wheat,2020,Rabi,615.9,21.1,59.5,215.1,47.2,206.5,6.8,148.06,0,1,3.02
Cotton,2015,Kharif,828.4,25.4,67.6,162.3,28.4,243.7,6.58,262.4,1,0,1.52
Rice,2022,Kharif,1133.8,34.1,83.1,231.4,45.9,246.1,6.44,44.61,0,1,3.32
Rice,2023,Kharif,1276.1,31.5,76.2,191.6,41.4,206.9,6.46,286.92,1,0,4.34
Maize,2018,Kharif,743.2,28.1,52.6,187.3,55.9,154.0,6.59,52.06,0,0,3.6
Soybean,2023,Kharif,804.9,27.9,68.2,85.9,63.4,216.7,7.13,186.16,1,0,3.03
Rice,2019,Kharif,1243.5,30.0,80.8,171.2,32.1,296.2,6.34,228.35,0,1,4.13
Cotton,2022,Kharif,812.6,28.5,45.1,225.9,39.1,242.3,7.55,34.22,1,1,2.83
Cotton,2018,Kharif,880.2,28.0,71.0,191.5,32.8,287.3,6.99,376.41,1,0,2.3
Cotton,2019,Kharif,778.8,25.9,67.3,183.2,33.8,266.6,7.13,278.81,1,1,2.81
Rice,2022,Kharif,1216.5,30.9,81.2,138.3,49.3,257.4,7.44,293.16,1,0,3.93
Rice,2021,Kharif,1333.0,27.9,79.9,237.3,35.4,223.4,6.55,307.82,0,1,4.01
Sugarcane,2017,Summer,1124.9,29.7,64.7,211.3,59.4,317.3,6.6,249.96,0,1,58.23
Maize,2020,Kharif,694.9,25.8,77.3,205.2,47.9,203.9,7.27,182.38,1,1,5.76
Wheat,2023,Rabi,686.9,19.1,50.4,209.3,63.0,248.8,7.83,286.31,1,1,4.31
Cotton,2015,Kharif,761.8,25.5,59.6,198.7,46.8,198.8,6.25,422.55,1,1,2.7
Soybean,2017,Kharif,681.1,24.5,62.0,153.7,42.9,193.8,6.45,491.95,0,1,2.86
Rice,2020,Kharif,1123.7,28.9,83.4,189.6,47.5,182.7,6.43,178.69,1,1,4.3
Cotton,2017,Kharif,842.7,30.8,49.0,163.1,35.5,231.7,6.67,121.03,0,1,1.52
Rice,2019,Kharif,1307.1,29.8,84.0,173.8,42.6,207.5,6.69,266.64,1,1,4.87
Soybean,2023,Kharif,899.7,25.1,58.3,143.9,45.1,224.6,6.07,311.36,0,1,2.22
Wheat,2021,Rabi,544.0,24.5,54.5,236.9,59.1,205.0,7.11,2.23,1,0,4.59
Soybean,2019,Kharif,788.6,25.4,66.4,107.1,57.5,193.6,6.32,438.6,0,0,2.55
Wheat,2017,Rabi,472.5,20.9,49.1,225.1,49.1,216.7,7.94,404.86,0,1,2.79
Wheat,2017,Rabi,551.0,19.6,49.2,212.5,51.8,188.8,7.56,181.89,0,1,2.96
Cotton,2015,Kharif,834.2,30.2,74.5,180.5,47.7,314.7,7.97,303.47,1,1,2.03
Wheat,2022,Rabi,602.6,23.8,52.0,286.7,51.8,224.2,7.63,38.22,0,0,2.8
Wheat,2019,Rabi,572.3,18.4,53.0,195.7,59.5,207.4,7.45,46.4,0,1,2.89
Soybean,2021,Kharif,736.4,28.0,74.9,129.4,43.3,113.9,6.99,463.31,0,1,2.41
Wheat,2015,Rabi,511.7,18.9,60.2,264.4,56.8,224.1,6.67,131.01,1,0,3.1
Wheat,2022,Rabi,467.9,21.1,47.3,188.1,62.2,190.3,7.08,158.96,1,0,3.54
Sugarcane,2017,Summer,1081.6,35.3,85.5,243.5,50.5,341.3,6.34,132.9,0,1,59.93
Wheat,2018,Rabi,462.6,24.9,55.5,144.6,46.6,175.6,6.31,64.17,0,1,2.31
Maize,2016,Kharif,570.4,27.5,58.9,228.7,52.8,217.5,6.62,436.54,0,0,4.36
Wheat,2018,Rabi,544.7,23.4,61.7,192.2,65.7,169.5,7.34,284.33,0,1,3.45
Wheat,2024,Rabi,481.2,20.1,61.4,221.4,44.6,189.9,6.86,313.76,1,0,2.87
Sugarcane,2015,Summer,1085.5,30.8,78.1,266.7,56.9,350.3,6.58,112.47,1,1,105.86
Maize,2016,Kharif,725.4,27.4,54.0,183.4,76.3,172.3,7.45,170.58,0,0,3.3
Sugarcane,2017,Summer,1206.7,34.1,83.8,215.3,40.9,244.9,6.78,1.71,0,1,45.53
Sugarcane,2022,Summer,1099.3,32.6,81.4,219.3,63.7,377.0,6.08,147.72,1,1,88.48
Soybean,2021,Kharif,819.9,26.4,72.2,109.7,57.2,221.6,7.17,315.68,1,1,3.84
Wheat,2018,Rabi,532.7,21.9,55.8,210.6,64.8,186.1,8.16,207.71,1,1,3.8
Soybean,2018,Kharif,736.4,26.6,64.5,102.8,48.5,211.6,7.09,162.76,1,0,3.34
Soybean,2020,Kharif,770.6,27.2,58.3,115.0,54.4,203.2,6.43,184.36,0,1,3.32
Wheat,2017,Rabi,477.8,22.6,49.7,241.2,48.1,161.5,6.32,90.65,0,0,2.08
Soybean,2015,Kharif,806.7,27.4,65.8,126.5,44.9,218.9,6.62,232.32,0,1,3.07
Sugarcane,2015,Summer,881.4,31.1,75.1,236.5,57.3,310.3,7.21,179.05,0,1,60.86
Rice,2018,Kharif,1330.8,28.1,78.1,255.3,54.9,246.4,6.75,266.38,0,0,4.33
Soybean,2015,Kharif,836.6,30.3,77.2,128.7,54.6,152.8,6.65,85.44,0,0,1.75
Soybean,2016,Kharif,785.9,25.0,67.8,111.5,56.0,167.6,6.57,119.78,1,1,2.99
Rice,2022,Kharif,1237.2,33.5,77.7,193.7,41.8,173.7,6.58,203.11,1,1,3.86
Rice,2015,Kharif,1262.8,30.7,90.0,262.7,43.6,244.2,7.19,352.37,1,0,4.79
Soybean,2019,Kharif,643.5,26.5,53.0,91.6,43.9,187.7,6.96,71.88,0,1,2.15
Soybean,2018,Kharif,741.9,26.7,55.6,103.7,49.7,195.6,7.03,68.59,0,1,3.08
Rice,2020,Kharif,1159.9,29.7,87.3,196.7,38.8,218.1,6.15,304.55,0,0,3.49
Soybean,2024,Kharif,855.6,24.6,65.9,100.1,62.3,214.5,6.76,8.63,1,0,3.01
Maize,2021,Kharif,936.9,31.0,74.9,222.3,54.3,304.1,6.9,114.73,1,1,5.36
Maize,2023,Kharif,586.7,22.6,63.2,133.7,56.6,154.3,5.99,323.23,1,0,3.19
Wheat,2021,Rabi,437.7,21.5,58.6,270.2,56.8,206.2,7.01,151.67,0,0,3.27
Turmeric,2023,Kharif,834.0,29.7,86.3,149.1,47.9,232.9,6.47,115.96,1,0,6.92
Turmeric,2016,Kharif,975.9,33.0,84.0,219.1,50.7,160.1,6.38,40.42,0,1,6.68
Cotton,2024,Kharif,835.1,30.4,60.0,121.0,50.1,235.8,6.47,478.19,1,1,2.35
Cotton,2023,Kharif,914.6,30.4,56.2,202.5,53.6,192.2,6.84,254.99,1,1,2.34
Cotton,2023,Kharif,814.8,25.1,79.2,183.9,41.1,295.4,6.66,307.21,0,1,1.82
Soybean,2023,Kharif,793.0,24.9,62.1,142.2,60.0,212.1,6.84,54.59,1,1,4.34
Sugarcane,2015,Summer,1165.0,33.4,75.2,208.2,80.0,263.8,6.81,197.37,0,1,66.86
Wheat,2015,Rabi,473.7,20.9,56.1,202.8,53.4,234.2,7.21,133.79,1,1,4.4
Cotton,2015,Kharif,767.8,28.6,69.6,201.2,50.6,244.3,6.82,55.76,1,1,3.14
Soybean,2024,Kharif,778.1,28.0,64.1,120.2,39.7,176.1,6.36,304.38,0,1,2.87
Maize,2017,Kharif,696.6,30.6,64.1,202.9,39.8,256.7,6.24,350.8,1,0,5.15
Wheat,2024,Rabi,538.6,21.4,54.5,220.0,53.7,245.8,7.35,241.07,1,1,5.36
Sugarcane,2022,Summer,1043.3,30.7,77.8,235.4,63.0,315.4,7.33,470.13,0,1,64.89
Soybean,2020,Kharif,902.8,27.6,68.2,134.2,78.9,151.5,7.52,173.21,0,1,2.37
Cotton,2023,Kharif,977.6,27.9,62.1,139.2,35.1,240.8,7.23,104.21,1,1,2.39
Cotton,2015,Kharif,874.4,28.8,65.8,180.7,43.3,239.5,6.65,459.67,1,1,2.23
Rice,2017,Kharif,1293.1,33.5,63.8,224.0,52.7,224.4,5.98,459.12,0,1,3.23
Rice,2018,Kharif,1334.4,29.7,87.3,235.8,40.0,240.5,6.54,151.9,1,1,5.57
Cotton,2018,Kharif,874.5,26.3,56.6,258.8,22.0,214.8,7.08,72.65,0,1,2.23
Wheat,2015,Rabi,585.2,20.6,53.5,159.3,58.3,232.8,6.98,3.16,0,1,3.02
Wheat,2016,Rabi,545.6,24.9,43.8,278.4,59.8,219.0,6.4,408.94,0,1,3.5
Wheat,2015,Rabi,477.9,20.6,45.3,194.0,49.5,222.2,7.66,185.52,1,0,2.61
Wheat,2021,Rabi,620.1,18.1,47.6,222.4,57.0,201.8,7.43,189.04,1,1,3.32
Maize,2023,Kharif,686.6,28.1,71.3,201.5,42.6,205.5,6.92,399.23,0,0,3.72
Turmeric,2017,Kharif,836.9,27.8,77.1,199.8,57.0,337.6,6.64,244.97,0,1,10.38
Soybean,2024,Kharif,802.3,30.9,57.0,138.9,50.3,143.3,6.72,21.39,1,1,2.91
Maize,2024,Kharif,666.0,29.6,63.7,200.2,46.0,196.7,6.19,185.74,0,1,4.0
Soybean,2020,Kharif,810.0,27.0,74.2,117.9,62.4,198.3,6.61,452.79,0,1,2.83
Soybean,2022,Kharif,622.5,26.5,59.0,139.6,49.8,160.5,7.15,374.16,0,1,2.73
Wheat,2024,Rabi,512.1,23.5,49.2,207.4,68.5,200.5,7.45,82.16,0,1,3.84
Wheat,2016,Rabi,560.3,22.4,53.9,203.3,57.0,216.4,7.31,298.47,0,1,4.4
Soybean,2015,Kharif,600.2,26.0,66.0,97.5,30.5,245.7,6.54,171.49,1,1,2.4
Wheat,2017,Rabi,520.9,21.3,42.5,216.8,50.6,164.9,7.29,9.46,1,1,3.14
Turmeric,2017,Kharif,800.2,28.4,69.9,242.9,68.7,184.7,6.29,358.98,1,0,8.96
Wheat,2019,Rabi,458.6,23.0,62.2,258.0,49.7,167.1,7.44,16.39,1,1,3.58
Maize,2022,Kharif,656.8,26.5,60.4,185.9,37.8,206.6,7.2,114.7,0,0,3.33
Rice,2020,Kharif,1013.6,27.2,90.0,174.9,52.9,227.8,6.1,357.85,0,1,3.21
Sugarcane,2023,Summer,1074.5,28.1,76.2,250.1,52.5,329.4,6.2,387.78,0,1,64.78
Wheat,2016,Rabi,608.3,20.3,46.6,230.8,46.5,205.4,7.32,386.32,0,1,2.86
Cotton,2024,Kharif,1019.2,29.8,70.8,141.4,35.6,236.1,7.01,194.83,1,1,1.98
Turmeric,2019,Kharif,842.6,26.7,83.9,198.7,47.4,273.3,6.65,40.43,1,0,7.82
Wheat,2024,Rabi,520.4,21.9,52.5,183.7,44.6,154.2,7.14,51.28,1,1,3.25
Wheat,2015,Rabi,453.5,23.8,55.8,175.7,58.2,210.7,6.59,368.27,0,1,2.97
Maize,2021,Kharif,503.7,25.2,70.7,178.6,35.3,128.5,6.87,75.99,1,1,3.47
Turmeric,2024,Kharif,823.4,27.8,76.2,119.6,35.6,251.1,6.28,425.67,0,0,5.23
Soybean,2015,Kharif,644.0,26.9,67.3,109.2,56.2,197.4,6.83,116.55,1,1,3.2
Maize,2015,Kharif,712.6,25.2,59.9,179.4,49.3,241.4,6.52,216.74,0,0,3.92
Cotton,2020,Kharif,768.2,28.3,47.9,195.8,45.9,257.5,7.12,418.09,0,0,1.99
Soybean,2021,Kharif,703.5,26.6,59.1,132.3,50.2,162.8,6.61,40.22,0,0,2.38
Wheat,2018,Rabi,552.9,22.8,45.7,215.5,53.7,248.5,7.8,430.46,0,0,2.74
Cotton,2024,Kharif,752.7,25.3,61.7,151.8,44.9,247.2,6.65,90.07,0,1,2.28
Soybean,2020,Kharif,699.2,29.4,80.8,119.2,55.3,209.8,6.7,265.38,0,1,2.5
Sugarcane,2023,Summer,1002.4,32.3,82.0,293.9,53.3,257.2,7.31,196.34,0,1,72.43
Soybean,2024,Kharif,692.5,23.0,79.4,151.6,43.9,170.3,6.56,268.69,1,1,2.74
Turmeric,2022,Kharif,1025.4,28.8,77.2,174.1,59.6,309.9,7.43,392.07,0,1,9.23
Soybean,2024,Kharif,887.6,27.3,56.7,80.0,50.9,112.2,6.42,1.93,1,0,2.05
Cotton,2021,Kharif,895.3,28.3,64.2,153.2,51.5,264.3,6.97,158.76,0,1,2.92
Soybean,2020,Kharif,684.3,24.2,55.5,90.4,51.9,244.1,7.0,58.5,0,1,2.68
Wheat,2022,Rabi,548.9,21.3,44.8,286.1,43.1,206.6,7.43,311.63,0,1,4.01
Cotton,2019,Kharif,810.3,27.9,41.8,152.6,48.9,226.3,6.65,345.28,1,0,1.97
Wheat,2019,Rabi,514.4,21.4,68.1,247.2,49.3,157.5,6.86,352.19,1,1,3.28
Wheat,2018,Rabi,542.1,23.4,47.4,243.5,51.7,202.1,7.42,473.42,0,0,2.86
Sugarcane,2021,Summer,911.5,28.6,82.5,277.9,69.6,297.6,6.32,2.31,0,1,69.22
Soybean,2020,Kharif,786.7,25.7,76.1,113.8,40.4,174.4,6.81,472.74,0,0,2.02
Rice,2020,Kharif,1452.8,29.3,90.0,218.9,53.5,261.8,6.59,305.81,1,1,5.84
Soybean,2023,Kharif,675.4,28.7,61.8,98.3,34.5,142.9,6.29,196.52,0,0,1.5
Maize,2024,Kharif,687.1,26.1,53.5,249.7,53.6,126.5,6.6,407.53,1,1,5.22
Cotton,2016,Kharif,796.0,30.0,65.5,171.3,40.9,284.0,7.16,442.94,1,0,2.36
Soybean,2022,Kharif,771.7,28.6,77.9,135.9,69.9,146.1,7.03,255.77,0,1,2.44
Soybean,2015,Kharif,812.4,23.9,54.8,125.2,61.8,171.7,6.93,477.12,1,0,2.18
Sugarcane,2024,Summer,1160.4,33.1,85.5,262.9,48.6,285.7,7.28,180.6,1,1,75.41
Wheat,2017,Rabi,502.1,21.4,51.3,217.0,42.2,194.5,7.38,334.68,1,1,3.81
Rice,2023,Kharif,1280.9,29.5,89.6,227.1,50.6,227.8,6.02,259.36,0,1,5.28
Rice,2018,Kharif,1147.5,29.1,74.8,198.5,35.8,246.8,6.22,373.43,1,1,4.23
Maize,2015,Kharif,662.7,27.3,82.4,197.9,52.9,176.8,6.2,358.53,0,1,3.44
Cotton,2018,Kharif,794.8,27.4,52.2,200.9,32.7,184.3,7.09,131.43,1,1,2.36
Wheat,2015,Rabi,652.4,21.7,66.6,205.6,51.4,166.7,7.11,136.22,1,1,3.77
Rice,2015,Kharif,1323.3,28.2,74.3,253.1,49.8,237.1,6.38,411.2,0,0,3.87
Rice,2023,Kharif,1195.9,29.3,72.3,132.6,45.2,168.0,6.63,209.3,1,0,3.24
Turmeric,2017,Kharif,958.3,27.3,85.4,159.4,40.3,226.7,6.62,118.87,0,1,6.38
Maize,2016,Kharif,611.8,23.3,57.9,212.5,49.6,160.7,6.65,239.38,0,0,3.45
Cotton,2024,Kharif,854.8,29.6,62.7,168.9,44.0,210.5,7.05,106.4,1,1,2.85
Rice,2018,Kharif,1213.3,27.5,84.6,185.6,66.9,233.1,6.74,20.11,0,0,3.23
Rice,2020,Kharif,1285.4,32.5,70.3,190.5,40.0,254.5,6.56,196.16,0,1,3.79
Maize,2020,Kharif,685.6,26.2,65.9,138.6,59.9,141.9,6.76,60.87,0,1,4.42
Wheat,2015,Rabi,676.2,22.6,52.2,204.8,40.0,164.9,6.9,451.42,0,1,2.9
Wheat,2016,Rabi,472.5,24.5,57.6,202.5,45.0,199.8,6.68,280.65,0,1,3.03
Sugarcane,2021,Summer,1142.6,30.9,80.3,140.4,61.7,359.0,7.1,459.63,0,1,56.08
Soybean,2022,Kharif,859.6,27.2,66.8,137.9,50.7,203.2,6.89,15.14,1,1,4.09
Rice,2022,Kharif,1302.2,31.7,77.5,252.1,48.9,247.6,6.76,379.91,0,0,3.7
Soybean,2020,Kharif,637.9,28.5,76.7,165.4,56.7,180.8,6.65,4.14,0,1,2.93
Rice,2020,Kharif,1103.5,29.8,75.6,219.4,44.1,237.9,5.95,128.19,1,1,4.06
Turmeric,2017,Kharif,693.9,24.4,74.3,188.1,54.2,328.4,6.32,102.72,1,1,8.9
Cotton,2018,Kharif,734.1,30.5,69.3,184.2,34.1,230.9,7.26,489.74,0,0,1.46
Soybean,2019,Kharif,714.6,27.9,47.9,122.5,60.0,145.3,6.12,114.77,0,1,2.4
Wheat,2021,Rabi,568.1,23.9,55.9,244.4,51.6,238.6,7.97,391.13,1,0,3.62
Maize,2019,Kharif,642.1,27.0,64.8,209.2,54.2,131.2,6.61,374.63,0,0,4.19
Wheat,2018,Rabi,482.6,21.0,61.0,242.7,64.8,276.9,7.44,86.09,0,1,4.69
Turmeric,2020,Kharif,973.9,27.4,88.1,157.9,45.6,235.3,6.1,290.97,0,1,7.27
Soybean,2020,Kharif,738.7,24.4,62.0,80.0,66.2,236.3,6.39,206.07,0,1,2.96
Rice,2020,Kharif,1261.2,28.2,74.2,180.3,35.2,271.6,6.44,223.39,1,0,4.16
Wheat,2020,Rabi,684.7,22.9,55.7,210.0,66.5,211.4,7.2,347.73,0,0,3.72
Sugarcane,2020,Summer,1008.8,32.8,80.7,229.5,64.6,383.6,7.04,108.86,1,0,91.98
Cotton,2019,Kharif,852.3,29.4,55.3,146.0,47.9,187.6,6.78,391.01,0,1,1.88
Rice,2016,Kharif,1351.7,29.5,88.1,234.5,50.7,218.8,6.03,218.12,0,0,3.96
Rice,2018,Kharif,1379.7,30.3,85.5,196.7,47.1,255.6,6.42,404.03,1,1,5.82
Soybean,2017,Kharif,714.2,27.5,55.2,147.3,72.7,188.5,6.77,259.88,0,0,2.83
Maize,2024,Kharif,549.0,23.5,60.7,179.5,44.2,149.7,6.83,42.01,1,0,3.6
Cotton,2018,Kharif,753.3,31.2,50.9,193.7,35.7,224.0,7.28,333.2,0,1,1.83
Sugarcane,2016,Summer,942.5,30.4,79.7,207.6,58.9,297.8,7.13,126.71,0,0,56.58
Wheat,2024,Rabi,475.7,21.6,54.0,226.9,52.2,175.5,7.0,303.43,0,1,3.43
Wheat,2018,Rabi,549.8,18.9,70.3,173.4,62.5,177.5,6.47,454.41,0,1,2.4
Turmeric,2016,Kharif,929.8,28.4,69.2,159.3,38.7,176.8,5.84,111.54,0,1,5.6
Cotton,2020,Kharif,956.1,29.0,61.4,200.9,32.9,177.3,7.26,141.62,1,1,2.13
Soybean,2015,Kharif,702.8,26.8,58.0,93.4,45.0,156.6,6.54,4.66,0,1,2.15
Cotton,2019,Kharif,809.3,26.8,52.2,151.1,41.1,262.5,7.3,414.17,0,1,2.01
Soybean,2018,Kharif,768.7,25.3,65.7,94.9,54.5,209.6,6.74,292.07,1,1,3.26
Wheat,2022,Rabi,469.9,21.2,37.4,156.4,62.6,204.4,7.29,135.21,1,0,3.23
Rice,2019,Kharif,1199.7,29.8,81.1,221.7,66.9,186.8,6.62,495.06,1,1,6.19
Soybean,2021,Kharif,712.7,26.0,63.0,107.7,55.2,122.7,6.84,22.38,0,1,2.68
Rice,2015,Kharif,1267.9,31.6,84.6,177.5,43.7,294.8,5.78,473.27,0,1,3.96
Wheat,2019,Rabi,534.9,24.8,49.3,272.7,61.8,175.8,7.73,304.18,1,1,3.52
Cotton,2015,Kharif,729.6,28.4,75.4,139.7,27.2,187.6,7.25,472.43,0,0,1.16
Maize,2015,Kharif,617.6,25.7,59.5,177.0,54.1,218.1,6.67,469.0,1,1,5.34
Maize,2020,Kharif,847.2,29.1,71.0,192.4,52.4,194.2,7.0,443.99,0,1,4.03
Rice,2018,Kharif,1339.5,30.5,79.9,232.2,38.6,208.5,6.56,295.04,0,1,4.34
Maize,2022,Kharif,589.1,24.0,65.6,185.4,53.2,158.3,6.89,228.06,0,0,3.39
Maize,2021,Kharif,410.6,26.2,65.3,218.1,50.7,151.2,6.42,220.0,0,1,3.68
Rice,2017,Kharif,1078.6,32.2,85.9,120.6,52.0,279.8,6.64,428.67,0,0,2.97
Rice,2016,Kharif,1381.4,30.2,90.0,179.1,48.4,215.2,7.33,150.73,0,1,4.01
Sugarcane,2021,Summer,1204.0,28.4,87.8,177.6,74.8,387.8,6.56,177.27,1,1,83.0
Cotton,2015,Kharif,940.8,30.4,68.3,181.9,34.3,249.7,7.36,498.86,0,1,1.66
Cotton,2022,Kharif,804.5,25.0,50.1,113.5,29.2,172.4,6.44,33.54,1,1,1.66
Rice,2015,Kharif,1116.5,26.5,77.3,241.1,40.6,307.2,6.38,162.32,0,1,3.58
Cotton,2024,Kharif,795.1,26.7,68.9,192.0,35.0,257.2,6.86,410.45,1,1,2.82
Rice,2023,Kharif,1263.2,27.9,72.4,269.1,40.5,230.3,6.59,205.29,1,0,4.8
Maize,2024,Kharif,739.0,24.1,67.4,181.0,54.4,279.7,6.77,51.48,1,1,6.28
Soybean,2020,Kharif,761.9,28.5,66.7,123.9,57.1,187.5,7.42,173.95,0,1,3.0
Sugarcane,2022,Summer,1005.4,30.8,76.3,238.4,68.1,358.6,6.67,24.19,0,1,82.46
Wheat,2015,Rabi,577.1,24.7,53.9,286.1,48.1,231.0,7.38,468.32,0,1,3.94
Cotton,2021,Kharif,782.3,25.8,71.3,180.8,43.6,229.4,7.06,219.14,0,1,2.14
Rice,2022,Kharif,1253.2,29.3,81.3,215.7,58.0,199.8,6.5,268.07,0,1,5.32
Cotton,2021,Kharif,738.5,29.6,48.9,193.8,46.6,225.9,7.41,178.39,1,0,1.94
Sugarcane,2023,Summer,1130.2,32.4,75.0,219.8,66.7,416.7,7.05,264.87,0,1,88.02
Maize,2021,Kharif,612.2,28.2,81.3,125.8,54.0,223.5,6.46,142.01,0,1,3.28
Cotton,2022,Kharif,856.1,27.9,62.4,175.6,47.4,247.3,6.72,27.07,1,0,2.6
Soybean,2015,Kharif,674.3,29.9,63.7,108.9,60.0,227.2,6.81,16.79,1,1,3.37
Cotton,2016,Kharif,755.8,29.6,39.2,133.1,49.2,208.4,7.08,277.7,1,0,1.61
Wheat,2024,Rabi,484.0,24.0,51.3,256.6,45.4,220.0,7.32,286.24,0,1,3.44
Soybean,2021,Kharif,657.3,23.5,72.9,136.7,50.2,167.9,6.47,50.77,0,0,1.96
Soybean,2024,Kharif,755.5,24.8,62.3,127.1,69.2,227.7,6.67,226.84,0,1,3.63
Soybean,2019,Kharif,741.2,29.5,74.8,133.2,48.5,213.9,6.91,291.28,0,1,3.22
Soybean,2021,Kharif,760.3,27.5,78.3,109.8,48.4,151.0,5.8,169.53,1,1,2.44
Soybean,2023,Kharif,736.1,21.8,76.0,139.8,61.8,208.8,7.26,265.85,1,1,3.35
Wheat,2017,Rabi,502.4,19.4,66.9,208.0,56.1,209.2,7.19,169.79,1,1,3.47
Soybean,2016,Kharif,619.3,27.8,59.2,101.4,62.1,174.8,6.45,387.53,0,1,2.41
Rice,2020,Kharif,1269.4,29.1,79.0,228.4,44.9,218.7,6.64,35.22,1,1,5.58
Wheat,2016,Rabi,473.6,19.4,50.9,226.8,47.3,160.4,7.44,32.89,0,0,2.5
Rice,2015,Kharif,1275.3,30.3,90.0,221.3,41.0,251.2,7.31,179.31,1,1,4.46
Cotton,2018,Kharif,727.0,26.9,68.5,189.3,43.1,223.7,7.74,36.21,0,1,2.05
Rice,2019,Kharif,1238.2,31.9,74.7,187.9,32.0,241.5,5.8,428.74,1,1,3.75
Maize,2018,Kharif,739.0,29.6,58.5,195.5,62.8,200.1,6.72,478.0,0,1,4.71
Rice,2019,Kharif,1252.5,30.2,79.6,227.1,42.3,140.4,6.63,341.98,0,1,4.2
Sugarcane,2018,Summer,1010.5,29.5,77.4,293.3,60.3,370.1,6.65,498.28,1,0,84.81
Turmeric,2021,Kharif,742.0,25.4,77.1,216.6,64.4,268.2,6.6,241.06,0,0,7.35
Soybean,2018,Kharif,690.5,25.6,69.8,90.3,49.8,179.2,7.06,48.29,1,1,2.76
Rice,2015,Kharif,1245.3,28.3,73.5,180.6,48.1,326.5,6.83,359.34,0,1,3.98
Cotton,2022,Kharif,809.6,27.5,57.3,103.4,33.7,237.0,7.57,121.42,1,1,2.27
Wheat,2016,Rabi,541.0,21.9,41.5,218.0,75.4,151.4,6.8,402.88,0,1,3.0
Maize,2018,Kharif,853.1,26.9,73.9,208.5,30.4,206.5,6.92,367.6,0,1,3.48
Cotton,2021,Kharif,906.6,26.8,65.2,221.7,25.4,242.9,7.14,351.36,1,1,2.54
Wheat,2018,Rabi,491.7,21.1,47.6,243.6,48.4,118.2,7.14,398.84,0,0,2.41
Cotton,2022,Kharif,793.0,26.1,47.9,183.6,57.6,175.2,7.41,451.94,0,1,1.93
Cotton,2015,Kharif,799.7,27.6,55.2,148.6,28.7,210.9,6.39,333.29,0,1,1.79
Wheat,2020,Rabi,546.8,19.8,44.5,264.1,36.5,223.7,6.9,397.12,0,1,3.43
Rice,2019,Kharif,1359.5,31.0,86.5,206.1,44.0,164.9,6.87,19.65,0,1,3.53
Rice,2016,Kharif,1169.2,33.2,85.9,192.1,44.7,304.0,6.11,52.47,1,1,3.59
Rice,2023,Kharif,1180.0,32.4,89.4,180.4,50.6,217.0,7.2,354.07,1,1,3.58
Cotton,2021,Kharif,887.7,28.9,45.8,220.3,53.4,199.9,7.15,449.32,0,1,2.45
Wheat,2022,Rabi,463.7,19.7,56.8,200.6,55.6,224.0,6.93,245.9,1,0,3.5
Sugarcane,2016,Summer,1082.4,31.5,75.2,223.9,61.4,415.6,6.86,69.85,0,0,78.6
Cotton,2021,Kharif,832.8,23.1,72.4,226.1,42.5,223.2,6.89,481.98,1,1,2.43
Rice,2020,Kharif,1127.9,29.5,78.8,182.3,65.8,260.5,6.46,286.43,0,0,4.96
Soybean,2021,Kharif,722.5,28.9,76.7,121.7,56.5,136.8,7.12,398.74,1,1,2.49
Maize,2023,Kharif,560.9,31.0,57.8,237.0,52.3,183.0,6.61,457.13,0,1,3.59
Wheat,2023,Rabi,496.8,26.9,66.4,191.3,57.7,236.0,7.17,423.9,0,1,2.45
Wheat,2020,Rabi,511.5,24.3,60.6,235.0,62.6,177.3,7.54,254.87,1,0,3.93
Wheat,2017,Rabi,527.1,18.7,47.4,229.8,51.6,186.2,7.11,310.49,0,0,2.61
Rice,2020,Kharif,1203.4,30.8,81.5,209.2,59.0,253.9,6.03,439.14,0,1,5.46
Wheat,2023,Rabi,624.4,22.3,53.5,191.5,73.3,212.7,7.59,19.11,0,1,4.25
Rice,2018,Kharif,1077.0,30.8,81.3,145.5,46.7,280.6,6.25,351.39,1,0,4.08
Maize,2023,Kharif,674.6,29.2,77.0,196.7,44.9,235.4,6.3,290.46,0,1,4.35
Maize,2016,Kharif,762.5,24.9,57.6,250.0,55.8,155.5,6.55,439.75,1,0,4.57
Cotton,2024,Kharif,889.3,28.3,50.6,185.2,30.9,250.0,7.85,372.84,1,1,2.4
Soybean,2018,Kharif,776.9,26.7,68.7,114.6,32.5,208.6,6.84,19.55,1,1,3.51
Maize,2015,Kharif,657.7,29.1,65.2,124.7,37.8,203.3,6.79,168.08,1,1,4.15
Maize,2024,Kharif,859.4,21.5,60.1,220.8,67.4,186.4,6.68,97.5,1,0,4.64
Maize,2023,Kharif,812.8,27.3,74.5,199.2,59.0,184.4,7.16,387.68,0,1,4.1
Maize,2016,Kharif,734.3,29.8,66.4,177.9,47.2,175.9,6.19,59.0,1,1,4.39
Wheat,2019,Rabi,622.1,23.6,60.6,186.4,36.0,246.9,7.29,255.89,1,1,3.35
Maize,2018,Kharif,648.1,27.9,49.8,249.3,43.8,217.1,6.5,452.41,0,1,4.33
Cotton,2016,Kharif,747.5,29.6,52.6,212.3,42.6,230.2,7.3,296.52,1,0,2.46
Wheat,2022,Rabi,607.1,24.7,52.0,215.7,61.2,187.0,7.34,304.71,0,1,3.56
Cotton,2018,Kharif,758.6,25.6,68.9,154.5,51.4,241.2,6.43,448.8,0,1,2.17
Rice,2020,Kharif,1241.8,24.7,83.2,219.2,31.0,243.8,6.8,388.73,1,1,3.77
Soybean,2017,Kharif,706.7,26.5,70.3,130.9,60.4,144.2,7.09,456.87,0,1,2.75
Sugarcane,2023,Summer,1201.2,31.1,82.0,295.5,61.3,380.3,7.52,25.94,1,0,86.8
Soybean,2019,Kharif,616.9,28.9,67.4,117.5,60.8,175.8,6.89,392.45,1,1,3.52
Sugarcane,2020,Summer,1131.7,30.5,85.7,282.0,75.7,290.6,6.62,121.99,1,1,101.56
Wheat,2015,Rabi,452.9,21.9,42.7,175.3,73.6,167.2,7.38,434.59,1,0,2.91
Cotton,2018,Kharif,798.3,30.7,55.3,162.9,30.9,229.7,6.34,337.22,0,1,1.67
Soybean,2022,Kharif,704.0,28.9,62.6,81.2,47.4,237.3,6.65,136.9,0,1,2.99
Cotton,2018,Kharif,889.9,27.3,41.8,165.8,31.1,237.5,6.54,267.5,0,1,1.42
Rice,2021,Kharif,1282.8,31.3,89.0,209.0,47.8,249.8,6.38,187.88,0,0,4.31
Soybean,2020,Kharif,640.8,28.1,71.5,112.4,48.1,100.0,7.17,378.4,0,0,1.97
Maize,2024,Kharif,801.5,26.8,60.0,216.0,32.6,234.0,6.28,251.59,0,0,3.82
Rice,2023,Kharif,1190.6,29.1,70.1,164.8,59.9,228.5,6.81,496.01,0,1,4.35
Wheat,2016,Rabi,558.9,22.7,38.9,197.8,43.6,207.0,7.27,376.69,1,1,3.3
Wheat,2017,Rabi,489.4,20.8,76.6,199.2,48.2,228.2,7.45,347.55,1,1,3.12
Maize,2017,Kharif,674.2,23.9,64.2,258.9,52.0,280.6,6.73,59.2,0,0,4.61
Wheat,2019,Rabi,676.5,21.4,55.8,210.8,50.2,154.4,7.38,376.89,1,0,3.47
Soybean,2018,Kharif,780.1,27.0,67.7,118.5,49.8,143.3,6.43,365.4,1,1,3.18
Rice,2020,Kharif,1360.7,29.2,86.6,137.5,40.8,236.5,6.45,376.97,0,1,3.43
Rice,2019,Kharif,1219.1,28.8,80.0,155.0,43.2,298.1,6.51,342.2,1,1,4.74
Soybean,2019,Kharif,836.1,30.7,56.0,116.8,47.2,165.3,7.36,495.38,1,1,2.3
Rice,2024,Kharif,1332.1,28.6,84.9,178.9,37.8,223.9,6.46,288.39,0,1,3.63
Cotton,2024,Kharif,952.3,31.0,58.6,193.1,41.3,258.6,6.71,281.39,1,1,2.65
Cotton,2022,Kharif,817.3,29.4,46.6,231.5,38.8,219.7,7.12,87.37,0,1,2.16
Soybean,2022,Kharif,749.5,26.9,67.9,117.6,37.6,176.0,6.97,256.94,0,1,2.71
Rice,2023,Kharif,1219.8,34.0,73.7,183.4,49.0,260.9,7.19,328.53,1,1,3.75
Rice,2015,Kharif,1197.9,24.2,70.9,189.5,55.8,248.3,6.6,479.9,1,1,3.65
Soybean,2023,Kharif,640.0,26.1,69.9,173.6,32.2,181.9,6.37,459.82,0,0,2.39
Soybean,2016,Kharif,744.9,26.8,74.2,106.8,34.3,210.6,6.94,332.08,0,1,2.49
Cotton,2015,Kharif,643.0,29.1,61.7,167.3,43.2,252.8,6.83,354.46,0,1,2.33
Wheat,2019,Rabi,641.3,23.5,55.2,203.5,72.3,248.0,7.31,477.48,0,0,3.42
Turmeric,2018,Kharif,913.3,26.6,78.0,155.5,71.0,238.0,6.52,24.55,0,1,9.07
Wheat,2024,Rabi,473.1,20.9,58.5,136.5,71.1,214.6,7.21,252.77,1,0,3.56
Maize,2022,Kharif,604.0,30.0,70.3,239.1,53.3,253.9,6.73,180.73,0,1,5.23
Wheat,2018,Rabi,555.0,25.8,49.9,267.4,51.3,100.0,6.77,358.67,1,0,2.04
Wheat,2022,Rabi,502.0,21.9,74.3,181.5,46.3,274.3,7.19,146.42,0,1,2.94
Cotton,2023,Kharif,833.3,29.0,65.6,193.8,50.9,228.1,7.06,384.46,1,0,2.9
Wheat,2019,Rabi,556.3,18.0,40.4,229.6,64.8,153.3,7.27,16.48,0,0,2.42
Cotton,2015,Kharif,913.2,31.4,77.7,195.2,32.7,196.8,7.23,192.32,1,0,1.2
Soybean,2017,Kharif,607.7,26.7,57.5,156.8,29.9,146.8,7.33,311.16,1,1,2.35
Cotton,2022,Kharif,683.1,32.0,56.6,157.7,43.2,215.2,7.04,402.84,0,0,1.6
Soybean,2020,Kharif,760.0,29.9,67.2,122.9,50.1,167.2,6.96,50.0,0,1,2.85
Soybean,2016,Kharif,780.2,28.8,62.2,150.4,68.3,171.6,6.79,246.83,1,0,3.7
Rice,2016,Kharif,1225.3,25.3,75.9,163.1,32.1,315.3,6.3,213.31,0,1,2.92
Wheat,2023,Rabi,555.0,23.0,54.6,191.8,45.6,229.8,7.87,320.23,0,0,3.04
Wheat,2019,Rabi,642.9,19.1,56.6,210.4,54.7,186.0,7.58,461.14,0,1,3.03
Soybean,2018,Kharif,771.5,29.2,65.5,99.6,34.8,201.9,5.5,341.8,0,1,1.92
Rice,2022,Kharif,1314.8,28.6,90.0,246.3,45.4,249.4,6.27,425.64,0,1,4.56
Cotton,2021,Kharif,752.0,29.4,49.5,189.8,40.9,248.5,7.7,294.71,1,1,2.3
Rice,2019,Kharif,1315.2,33.5,79.0,201.1,42.5,212.9,6.84,322.44,1,1,4.12
Rice,2020,Kharif,1276.3,30.2,76.3,257.6,54.6,201.8,6.94,51.39,0,1,4.59
Wheat,2024,Rabi,562.6,20.6,61.3,241.1,54.7,260.3,7.5,462.09,0,1,4.32
Sugarcane,2022,Summer,1088.2,33.8,81.3,300.0,56.9,332.4,7.12,29.87,1,1,103.17
Cotton,2023,Kharif,801.4,26.2,46.3,193.5,44.0,216.4,7.33,62.07,1,0,2.06
Cotton,2022,Kharif,975.0,26.4,51.7,156.0,59.7,285.4,6.67,103.18,1,1,2.61
Wheat,2021,Rabi,561.9,23.2,53.7,266.8,43.4,175.4,7.68,139.65,1,1,4.21
Soybean,2024,Kharif,825.5,26.9,66.6,81.3,38.6,155.9,6.44,14.17,0,1,2.33
Maize,2023,Kharif,682.2,30.1,70.4,166.7,57.6,206.3,7.43,390.8,0,1,4.47
Rice,2024,Kharif,1151.8,30.4,90.0,200.1,64.2,272.4,6.89,103.31,1,0,4.95
Wheat,2022,Rabi,611.6,18.0,41.8,261.1,51.7,215.3,7.69,134.22,1,0,2.89
Cotton,2022,Kharif,792.0,27.8,47.6,134.5,26.2,261.4,7.32,144.97,0,0,1.37
Cotton,2021,Kharif,766.7,26.3,69.3,175.8,43.0,169.3,7.23,61.17,1,0,2.27
Wheat,2024,Rabi,538.3,23.4,54.6,241.6,71.5,173.9,7.28,431.96,0,0,3.93
Soybean,2023,Kharif,847.2,28.8,57.8,84.6,50.0,125.6,6.9,306.99,1,1,2.87
Rice,2024,Kharif,1414.3,31.4,84.3,171.4,57.2,271.8,6.01,58.31,0,1,4.11
Rice,2023,Kharif,1157.0,28.8,74.8,249.7,39.7,309.3,7.63,333.67,0,1,4.18
Cotton,2016,Kharif,916.1,24.9,56.4,121.1,34.8,225.3,6.93,356.8,0,1,1.71
Wheat,2024,Rabi,504.3,22.2,57.3,279.4,52.9,215.1,6.99,280.76,0,0,3.71
Sugarcane,2018,Summer,1056.8,36.9,79.8,223.5,66.0,291.0,6.65,36.84,1,1,67.91
Cotton,2019,Kharif,889.1,28.2,68.5,220.0,35.8,220.9,6.58,100.87,0,1,2.08
Soybean,2024,Kharif,693.2,23.7,64.7,157.1,67.8,216.2,5.84,73.71,1,0,3.38
Sugarcane,2023,Summer,1209.6,29.5,90.0,300.0,61.4,450.0,7.03,154.99,0,1,72.31
Sugarcane,2019,Summer,1216.0,30.6,77.9,285.3,65.8,324.7,6.41,361.84,0,1,88.4
Wheat,2017,Rabi,533.1,18.5,56.8,217.9,57.4,181.3,6.98,272.71,0,0,2.63
Soybean,2018,Kharif,640.8,26.5,54.4,92.7,66.9,127.6,6.21,455.58,1,1,2.71
Soybean,2023,Kharif,752.8,26.3,67.6,85.3,44.9,181.5,6.93,349.95,1,1,3.2
Wheat,2015,Rabi,646.0,23.5,66.7,239.4,53.2,185.9,7.84,146.67,0,1,2.7
Soybean,2018,Kharif,818.2,27.6,57.7,80.0,47.8,149.4,6.35,182.33,1,0,2.04
Cotton,2022,Kharif,925.1,30.2,52.4,175.7,28.2,197.0,6.88,82.98,0,0,1.37
Rice,2015,Kharif,1402.6,30.9,80.2,239.2,41.4,317.0,7.12,258.96,1,1,5.59
Cotton,2022,Kharif,880.3,25.7,72.7,193.2,34.6,179.1,6.5,349.92,0,0,1.34
Maize,2017,Kharif,596.1,27.7,82.0,195.5,39.1,225.9,6.18,404.37,0,1,3.31
Maize,2017,Kharif,720.6,29.8,63.3,203.0,33.6,223.1,7.88,473.21,1,0,3.36
Maize,2015,Kharif,848.3,29.8,74.4,240.2,56.5,207.0,6.77,457.18,0,1,5.31
Maize,2020,Kharif,696.8,26.5,66.4,203.7,54.6,198.8,6.58,93.91,1,0,5.65
Soybean,2017,Kharif,682.8,26.6,66.4,156.0,61.9,144.1,5.97,426.23,0,1,2.58
Wheat,2024,Rabi,569.8,22.2,56.1,220.9,59.4,151.0,6.52,8.07,0,1,3.0
Turmeric,2015,Kharif,817.0,28.8,87.1,141.7,66.2,289.6,6.2,419.95,0,1,8.85
Maize,2022,Kharif,646.8,25.9,65.5,216.0,67.4,226.1,7.24,12.58,1,0,6.13
Soybean,2022,Kharif,763.3,28.8,54.9,108.7,53.5,210.7,6.21,317.79,1,1,2.64
Wheat,2023,Rabi,421.1,20.9,62.2,216.6,56.7,240.5,7.43,9.45,1,1,3.98
Wheat,2023,Rabi,635.1,19.1,48.5,175.8,51.3,140.9,7.31,309.64,1,1,3.03
Wheat,2023,Rabi,468.5,20.1,70.6,300.0,45.1,140.2,7.02,342.5,0,0,2.55
Sugarcane,2019,Summer,1116.3,32.5,75.4,248.4,62.3,368.3,7.09,349.28,0,1,80.98
Cotton,2023,Kharif,837.6,27.1,59.1,191.9,31.7,277.2,6.97,480.3,1,0,2.69
Soybean,2019,Kharif,671.2,30.3,74.1,128.3,56.5,220.4,6.32,354.36,0,1,2.72
Wheat,2022,Rabi,566.1,19.8,57.2,256.5,62.5,172.9,7.05,364.68,1,0,3.86
Soybean,2022,Kharif,698.9,29.2,75.4,140.0,49.7,157.6,6.72,420.76,1,1,3.26
Wheat,2016,Rabi,534.8,21.3,64.5,240.2,69.6,233.1,6.5,137.82,1,1,5.16
Maize,2023,Kharif,731.9,26.3,54.1,184.5,73.4,191.9,6.64,171.3,1,0,4.14
Wheat,2016,Rabi,536.2,23.3,50.6,272.0,42.4,204.3,6.83,63.01,1,1,4.18
Maize,2016,Kharif,732.6,25.0,57.7,243.2,30.1,193.6,6.96,424.03,1,0,3.42
Maize,2015,Kharif,757.0,24.2,65.2,207.8,42.7,134.8,7.42,174.39,0,0,3.17
Cotton,2024,Kharif,875.5,28.8,67.3,161.9,37.0,183.1,7.63,100.76,1,1,2.04
Soybean,2017,Kharif,728.9,29.0,56.8,116.9,47.3,165.2,7.02,478.84,1,1,2.8
Sugarcane,2015,Summer,1043.0,36.0,80.1,245.8,58.0,317.5,6.15,496.8,0,1,63.77
Rice,2020,Kharif,1194.0,30.2,81.9,212.7,57.1,221.2,7.36,241.99,0,0,4.17
Soybean,2015,Kharif,892.1,25.3,70.7,129.0,45.9,135.0,6.49,163.84,0,1,2.16
Wheat,2020,Rabi,451.7,22.6,71.1,170.7,59.0,251.7,7.68,202.91,1,0,2.93
Soybean,2020,Kharif,802.5,29.1,76.5,105.0,70.6,200.4,6.99,58.91,0,0,2.35
Turmeric,2020,Kharif,988.8,27.7,71.0,165.6,41.3,329.4,6.44,53.86,0,1,7.68
Soybean,2023,Kharif,837.0,23.7,68.8,113.6,73.7,191.0,7.3,58.12,0,1,2.57
Soybean,2015,Kharif,684.3,25.4,68.1,120.0,40.1,141.0,6.8,435.28,1,0,2.51
Turmeric,2017,Kharif,818.9,27.9,77.6,180.9,53.2,315.9,6.3,233.49,1,1,11.74
Soybean,2021,Kharif,756.8,24.1,67.0,88.5,51.1,182.4,6.55,32.2,0,1,2.56
Maize,2022,Kharif,657.6,27.2,67.5,204.3,49.5,284.2,6.53,166.67,1,1,7.9
Wheat,2018,Rabi,558.4,21.3,51.3,195.7,52.6,234.0,7.15,162.39,0,1,3.61
Rice,2020,Kharif,1355.5,30.2,80.5,132.1,37.9,256.9,6.02,228.4,0,1,3.96
Cotton,2024,Kharif,749.4,29.0,50.6,176.4,35.7,231.5,6.64,324.14,1,1,2.25
Cotton,2021,Kharif,836.2,30.1,67.7,177.2,34.7,278.1,6.43,251.53,1,1,2.34
Cotton,2021,Kharif,949.6,25.8,59.6,201.2,23.6,235.1,6.7,459.8,0,1,1.87
Maize,2017,Kharif,546.6,25.6,70.0,192.1,58.9,196.6,7.24,411.65,1,1,4.81
Wheat,2017,Rabi,530.2,22.0,61.0,212.9,61.7,144.8,7.15,352.69,0,1,3.3
Cotton,2016,Kharif,818.4,27.9,58.8,174.0,39.7,225.9,7.39,400.23,1,1,2.59
Sugarcane,2024,Summer,1028.8,35.4,79.5,221.1,49.1,332.2,6.37,479.12,1,0,65.73
Turmeric,2018,Kharif,856.1,28.9,74.9,183.2,48.4,288.7,6.66,26.38,0,1,11.06
Sugarcane,2020,Summer,1028.2,28.7,81.8,296.1,70.7,292.9,6.41,341.94,0,0,60.64
Cotton,2019,Kharif,737.0,26.4,75.3,171.8,42.3,156.5,6.94,421.44,1,1,1.94
Soybean,2023,Kharif,686.5,25.5,46.6,127.6,63.2,196.6,6.97,264.45,0,1,2.14
Soybean,2017,Kharif,740.4,24.9,66.0,123.1,56.1,152.7,7.39,390.69,0,1,2.6
Cotton,2022,Kharif,887.4,29.8,64.7,150.0,40.3,154.3,7.03,167.3,1,1,2.0
Sugarcane,2024,Summer,1008.3,32.7,79.2,188.0,63.3,327.2,6.61,213.5,0,1,81.56
Cotton,2022,Kharif,899.7,27.7,75.2,149.8,37.6,226.5,7.13,460.45,1,1,2.2
Maize,2024,Kharif,709.2,24.9,66.9,170.6,45.0,215.1,6.89,388.33,1,0,4.49
Cotton,2018,Kharif,785.0,26.1,58.0,126.0,28.8,306.4,7.06,367.01,1,1,2.49
Sugarcane,2022,Summer,833.4,30.0,73.2,239.5,54.3,283.8,7.02,294.36,1,1,71.75
Cotton,2021,Kharif,770.3,28.4,64.9,162.0,45.6,218.2,7.06,273.58,1,0,2.25
Soybean,2016,Kharif,745.4,26.5,63.0,193.0,53.7,140.1,7.06,300.48,1,1,3.41
Soybean,2015,Kharif,739.4,21.3,66.7,138.5,48.7,146.6,6.06,492.58,1,1,2.52
Soybean,2015,Kharif,694.9,26.2,73.4,117.3,41.7,249.6,6.61,272.95,0,1,2.35
Soybean,2024,Kharif,757.9,30.0,64.5,183.6,50.4,150.9,6.8,96.09,0,0,2.63
Soybean,2016,Kharif,743.5,27.2,65.7,156.4,55.5,120.5,7.07,329.36,1,0,2.96
Maize,2024,Kharif,678.4,26.7,70.7,185.3,56.6,163.2,7.0,306.8,0,0,4.38
Rice,2018,Kharif,1346.5,31.5,78.6,138.6,43.9,271.6,6.87,371.6,0,1,3.8
Maize,2015,Kharif,764.9,27.4,61.7,186.2,38.7,200.9,7.45,338.79,1,0,4.05
Wheat,2015,Rabi,517.1,24.9,72.7,228.0,57.3,196.4,6.96,306.32,1,0,2.24
Rice,2021,Kharif,1306.2,30.2,90.0,190.6,49.4,204.6,6.25,392.61,1,1,4.81
Soybean,2021,Kharif,797.2,30.6,68.1,125.0,51.7,180.6,6.55,457.78,1,1,3.32
Rice,2024,Kharif,1301.0,29.8,85.4,144.6,55.1,293.9,6.94,486.84,0,1,4.96
Cotton,2024,Kharif,925.2,27.2,59.2,159.0,23.8,197.3,7.25,473.29,1,1,1.8
Sugarcane,2022,Summer,960.0,27.7,80.5,300.0,59.7,276.1,6.82,392.15,0,1,76.35
Wheat,2015,Rabi,588.6,24.0,58.8,187.2,70.2,193.5,8.27,447.8,0,1,2.88
Sugarcane,2023,Summer,1068.1,30.9,78.5,261.2,48.3,364.1,6.45,300.73,0,0,69.92
Soybean,2024,Kharif,578.3,28.6,62.1,137.9,51.2,194.8,6.68,84.45,0,1,2.77
Wheat,2023,Rabi,510.0,20.5,52.5,223.1,47.9,183.8,6.55,479.34,0,0,2.59
Maize,2020,Kharif,603.3,26.4,53.5,152.7,67.0,176.2,7.67,19.93,1,1,4.4
Maize,2024,Kharif,730.8,29.5,55.7,153.7,77.3,217.3,6.62,25.68,0,0,3.31
Soybean,2021,Kharif,724.5,24.1,52.5,163.8,53.0,154.7,6.47,133.43,0,1,2.54
Cotton,2019,Kharif,846.1,26.0,66.5,192.3,38.9,231.0,7.07,338.6,1,1,2.56
Cotton,2018,Kharif,735.2,26.3,54.7,138.5,32.4,222.0,7.11,56.51,0,1,1.96
Rice,2017,Kharif,1313.8,26.3,81.2,176.9,31.4,235.8,5.86,354.3,0,1,3.22
Rice,2018,Kharif,1334.5,29.6,74.5,214.7,58.1,265.4,6.54,109.52,0,1,5.13
Sugarcane,2016,Summer,1113.3,32.6,77.1,210.8,56.0,290.5,6.76,282.67,1,1,81.21
Cotton,2017,Kharif,680.1,26.9,64.3,151.9,40.8,198.2,7.27,22.69,0,1,1.97
Cotton,2024,Kharif,757.0,27.2,60.2,159.2,38.5,278.6,6.33,52.83,1,0,2.45
Wheat,2020,Rabi,482.4,23.3,47.4,218.1,53.9,202.3,7.33,251.39,1,1,4.05
Wheat,2018,Rabi,460.7,21.9,55.1,162.2,45.5,214.4,6.72,41.84,0,0,2.59
Turmeric,2024,Kharif,970.8,30.0,70.5,191.1,46.0,295.1,5.99,408.1,0,1,9.31
Soybean,2016,Kharif,789.1,28.1,64.1,102.3,67.4,259.0,6.54,290.39,1,1,4.29
Cotton,2019,Kharif,818.6,25.8,54.7,174.2,45.8,237.7,7.54,15.2,0,1,2.07
Wheat,2024,Rabi,538.1,23.0,41.4,155.7,53.0,219.6,7.05,193.72,1,0,3.14
Maize,2022,Kharif,697.6,25.2,63.8,198.9,63.5,271.5,7.39,162.11,0,0,4.91
Cotton,2016,Kharif,902.7,27.0,55.9,193.4,41.3,207.6,6.71,359.83,1,0,2.28
Rice,2024,Kharif,1184.8,28.3,84.7,225.9,54.9,227.5,7.08,18.22,1,0,4.42
Wheat,2023,Rabi,472.0,22.9,44.9,233.5,64.0,258.2,7.3,142.52,0,0,3.4
Cotton,2022,Kharif,789.3,30.6,61.2,210.1,34.2,307.6,7.28,237.43,0,1,2.47
Maize,2017,Kharif,623.0,25.1,74.8,195.4,58.3,222.0,7.06,391.16,1,1,4.68
Cotton,2021,Kharif,715.9,23.5,59.5,234.9,31.4,246.3,7.37,147.01,1,0,1.75
Turmeric,2018,Kharif,976.2,28.5,80.7,138.3,42.7,276.7,6.67,230.0,0,1,6.77
Soybean,2018,Kharif,784.8,25.9,69.8,101.7,38.8,145.5,7.12,177.97,1,1,2.69
Cotton,2024,Kharif,718.6,28.4,68.8,144.3,42.3,234.3,7.68,93.41,0,1,1.87
Cotton,2016,Kharif,755.9,27.9,61.3,217.0,36.8,192.4,6.45,334.0,0,1,2.13
Maize,2021,Kharif,652.3,26.1,56.7,152.5,49.5,144.7,6.98,371.2,0,0,3.42
Cotton,2021,Kharif,831.5,31.7,66.2,200.0,56.5,226.6,7.43,396.11,0,1,2.16
Soybean,2021,Kharif,694.5,27.5,65.5,105.2,32.0,189.6,6.86,382.75,0,1,2.57
Cotton,2020,Kharif,943.7,26.8,47.5,166.1,46.1,286.6,6.77,356.52,1,1,2.73
Wheat,2017,Rabi,483.9,23.4,47.8,263.2,47.8,214.1,6.62,392.33,0,1,3.08
Turmeric,2015,Kharif,867.3,26.8,73.0,186.0,43.2,319.0,6.71,254.89,1,1,11.42
Cotton,2017,Kharif,830.4,29.8,61.2,147.0,51.0,236.8,6.99,366.51,0,1,2.29
Soybean,2018,Kharif,691.1,24.1,63.5,171.4,36.8,178.4,6.65,420.13,0,0,1.95
Cotton,2019,Kharif,696.9,32.2,54.6,161.0,42.3,224.1,7.35,204.5,1,1,1.57
Wheat,2020,Rabi,544.2,21.1,48.8,226.6,63.5,184.7,7.87,14.85,1,1,4.52
Wheat,2019,Rabi,598.0,22.0,65.2,182.2,47.6,206.6,8.26,300.74,1,1,2.91
Soybean,2022,Kharif,740.9,29.1,57.5,107.5,58.7,162.4,6.45,462.24,0,0,2.22
Soybean,2018,Kharif,661.0,27.1,69.9,98.9,41.1,194.4,7.14,53.82,0,0,2.36
Rice,2019,Kharif,1021.9,28.1,77.2,174.2,51.6,230.8,6.45,84.12,0,1,4.32
Rice,2023,Kharif,1234.7,27.9,84.3,137.1,46.8,259.4,6.21,213.97,0,1,3.51
Cotton,2016,Kharif,932.2,26.0,60.2,212.2,53.6,169.6,7.51,44.52,1,1,2.8
Soybean,2023,Kharif,658.4,27.0,61.0,86.9,60.3,212.8,7.3,145.61,1,1,3.64
Rice,2020,Kharif,1139.2,33.1,85.0,213.6,48.0,201.2,6.67,224.33,1,1,5.09
Rice,2020,Kharif,1273.1,30.6,82.3,254.3,38.4,277.7,7.21,129.3,1,1,6.62
Wheat,2018,Rabi,577.5,22.7,56.3,236.3,27.8,231.7,7.47,423.75,1,1,4.07
Soybean,2019,Kharif,638.7,26.9,67.2,116.5,55.7,199.4,6.78,403.09,1,1,4.1
Soybean,2024,Kharif,710.9,26.7,74.9,127.7,50.9,179.6,6.35,327.08,1,0,3.11
Wheat,2021,Rabi,567.9,23.9,50.1,261.2,62.2,170.3,7.15,255.44,1,1,4.62
Wheat,2018,Rabi,595.5,21.0,55.2,165.7,47.9,226.3,7.22,96.5,1,0,3.17
Sugarcane,2015,Summer,972.0,32.4,80.4,286.2,48.6,315.7,6.4,466.81,1,1,79.41
Soybean,2020,Kharif,644.2,26.0,55.2,111.9,64.6,144.3,6.48,147.86,0,0,1.95
Wheat,2021,Rabi,552.5,22.7,50.1,167.6,50.9,264.9,7.63,199.19,0,1,3.46
Rice,2017,Kharif,1157.9,33.2,76.1,187.6,46.3,280.6,7.07,411.83,0,0,2.79
Cotton,2024,Kharif,811.5,28.3,68.7,181.0,47.3,224.9,7.0,44.35,0,1,2.41
Soybean,2024,Kharif,797.0,23.8,67.5,129.1,35.9,294.3,6.49,6.15,0,0,2.63
Wheat,2015,Rabi,536.3,20.5,65.9,210.1,49.9,171.4,7.1,27.87,1,0,2.83
Maize,2024,Kharif,858.7,25.6,63.0,234.9,46.3,247.2,7.1,292.36,0,0,5.03
Soybean,2021,Kharif,794.3,27.9,68.1,124.1,54.8,200.7,6.06,383.03,0,0,2.51
Cotton,2020,Kharif,874.8,28.1,53.4,149.2,36.8,325.0,7.05,100.88,1,0,2.59
Rice,2020,Kharif,1257.0,28.1,90.0,169.3,46.7,263.8,6.72,454.33,0,1,3.48
Cotton,2024,Kharif,922.3,30.2,61.2,136.7,40.9,303.0,6.9,342.54,0,0,2.13
Sugarcane,2016,Summer,1164.0,33.7,80.3,256.5,65.5,337.2,7.23,323.03,1,1,83.66
Soybean,2022,Kharif,749.1,23.2,69.3,100.7,43.7,185.7,7.06,162.93,0,1,2.46
Cotton,2024,Kharif,747.5,25.3,50.8,158.3,46.5,231.6,6.08,194.98,0,0,1.64
Soybean,2023,Kharif,755.4,31.3,72.2,95.4,47.5,193.1,6.48,44.2,0,1,2.21
Soybean,2020,Kharif,712.7,25.0,75.8,82.9,49.2,230.9,7.26,210.8,1,1,2.61
Maize,2024,Kharif,597.0,30.0,70.4,199.8,44.1,145.4,7.28,206.18,1,0,3.47
Wheat,2019,Rabi,518.4,19.9,60.6,156.6,70.7,162.0,7.36,59.7,0,0,2.37
Soybean,2018,Kharif,731.9,29.7,71.6,96.2,56.0,129.7,6.27,232.92,0,0,1.58
Turmeric,2022,Kharif,981.6,29.3,78.4,178.0,37.6,211.9,6.08,153.73,0,1,7.94
Rice,2015,Kharif,1353.2,30.1,73.9,212.8,41.4,228.9,6.31,459.4,1,1,4.36
Wheat,2016,Rabi,539.5,29.2,60.9,213.1,53.9,182.4,7.75,410.14,0,1,1.99
Soybean,2023,Kharif,733.2,27.1,75.9,121.0,38.8,184.2,7.04,469.77,1,1,2.85
Wheat,2021,Rabi,499.0,20.4,58.2,183.4,60.9,286.0,7.38,147.71,1,0,3.69
Sugarcane,2018,Summer,1031.6,32.3,79.3,201.7,53.5,292.3,6.52,239.8,0,1,65.67
Sugarcane,2023,Summer,902.9,32.2,84.2,235.8,58.9,380.4,6.46,396.52,0,1,78.9
Cotton,2018,Kharif,791.1,27.2,62.5,217.4,28.5,201.7,6.57,231.4,0,0,1.97
Cotton,2022,Kharif,792.4,29.2,49.9,255.3,27.4,276.1,7.46,61.91,1,1,2.48
Sugarcane,2021,Summer,1101.3,31.7,83.9,233.5,40.1,234.2,7.2,154.3,0,0,49.98
Turmeric,2017,Kharif,860.6,29.0,70.6,162.6,52.5,229.6,6.65,448.74,1,1,9.96
Wheat,2023,Rabi,637.2,21.8,47.8,219.0,60.9,223.5,6.47,165.43,1,1,3.74
Wheat,2022,Rabi,663.0,26.0,43.4,262.9,49.8,222.7,6.8,312.55,0,0,2.44
Cotton,2017,Kharif,824.1,27.9,58.4,160.8,37.5,316.5,6.81,345.08,0,0,2.24
Rice,2015,Kharif,1064.8,28.0,83.5,216.1,40.1,296.1,6.43,450.66,0,0,3.33
Cotton,2024,Kharif,681.5,27.9,60.9,101.4,39.4,240.7,6.7,212.97,1,1,2.45
Wheat,2015,Rabi,581.0,21.2,46.4,226.7,51.2,151.9,6.69,395.56,1,1,3.18
Rice,2020,Kharif,1103.0,29.7,73.9,170.6,53.1,266.3,7.05,249.7,1,0,3.84
Maize,2020,Kharif,733.9,25.1,84.0,175.2,48.8,240.3,6.49,434.51,1,0,3.99
Cotton,2017,Kharif,753.0,26.9,59.3,116.1,40.9,269.8,6.67,275.31,0,0,1.49
Cotton,2020,Kharif,884.3,29.7,58.9,209.5,33.8,235.9,6.52,292.9,0,1,2.42
Wheat,2021,Rabi,488.9,18.0,56.1,190.7,57.3,161.8,7.79,416.27,1,1,2.96
Cotton,2020,Kharif,843.5,25.7,60.6,137.3,40.3,247.4,6.57,138.13,1,1,2.63
Cotton,2017,Kharif,730.4,26.4,61.1,175.7,36.9,270.7,7.16,255.59,1,1,2.74
Soybean,2016,Kharif,722.5,24.8,59.7,130.6,54.7,194.3,6.56,210.3,1,0,2.73
Rice,2019,Kharif,1090.6,29.2,87.5,205.6,35.7,252.1,6.91,124.5,0,1,3.85
Cotton,2021,Kharif,881.3,27.5,58.6,157.3,33.8,183.8,7.64,455.81,0,1,1.81
Cotton,2016,Kharif,1015.0,29.3,60.6,150.0,46.6,212.5,6.83,73.85,1,1,2.33
Rice,2021,Kharif,1460.2,25.0,70.7,215.2,41.2,235.5,6.69,432.79,0,1,2.98
Cotton,2017,Kharif,837.4,28.7,59.1,160.2,45.2,254.3,7.25,220.8,1,1,3.0
Rice,2018,Kharif,1134.8,30.8,73.8,174.0,35.2,270.8,6.61,207.25,0,0,3.53
Cotton,2021,Kharif,940.4,27.8,67.5,193.6,40.0,243.7,7.58,499.35,1,1,2.45
Rice,2024,Kharif,1331.5,27.9,78.1,199.3,46.5,266.5,6.49,457.75,0,0,3.93
Soybean,2017,Kharif,703.5,27.5,70.4,109.9,41.7,156.7,6.74,23.05,0,1,2.18
Cotton,2019,Kharif,788.2,29.5,63.6,213.1,32.8,265.1,6.84,422.8,0,1,2.45
Soybean,2016,Kharif,778.5,25.0,72.9,156.7,48.5,172.4,6.95,102.04,0,1,2.86
Sugarcane,2023,Summer,1259.3,30.4,82.4,300.0,58.9,347.6,7.28,388.36,1,0,75.71
Cotton,2022,Kharif,781.3,27.8,65.6,146.0,40.6,227.7,6.71,385.42,0,1,1.83
Turmeric,2020,Kharif,1097.5,26.5,78.9,195.8,45.1,253.6,6.6,79.26,0,1,8.12
Cotton,2016,Kharif,757.9,28.7,47.1,170.3,32.2,175.5,7.34,480.19,1,1,1.78
Rice,2024,Kharif,1401.3,31.3,84.2,162.6,42.6,248.5,6.46,379.54,1,1,4.98
Maize,2022,Kharif,614.8,25.1,56.3,190.3,39.3,260.3,6.65,411.13,0,1,4.45
Sugarcane,2018,Summer,1157.9,36.3,75.7,232.8,60.0,299.3,6.8,210.91,0,1,56.91
Wheat,2018,Rabi,671.9,24.5,48.9,172.2,39.1,186.1,7.64,53.39,1,1,2.99
Cotton,2018,Kharif,867.6,26.2,44.5,220.9,36.3,203.4,6.88,290.56,1,1,2.18
Cotton,2024,Kharif,866.2,29.1,49.0,203.2,52.4,220.2,7.41,127.08,0,1,2.18
Wheat,2019,Rabi,515.4,18.0,52.7,212.0,59.1,189.4,7.72,98.21,0,1,3.0
Soybean,2016,Kharif,799.1,27.7,74.7,149.6,46.2,188.2,7.44,167.15,0,0,2.19
Soybean,2016,Kharif,770.3,24.6,56.1,142.8,50.5,100.0,7.71,271.03,0,1,1.63
Wheat,2022,Rabi,457.5,30.0,52.0,213.7,47.4,233.9,7.32,36.04,0,1,2.34
Maize,2020,Kharif,844.7,29.5,55.0,188.9,64.0,215.4,6.96,85.88,0,0,3.89
Soybean,2023,Kharif,773.4,25.5,67.8,159.8,40.0,185.2,7.06,215.47,1,0,3.37
Soybean,2016,Kharif,675.7,25.2,61.0,104.8,49.0,179.1,6.42,380.96,0,1,2.22
Soybean,2020,Kharif,678.6,26.4,64.2,149.6,69.7,216.1,6.64,413.91,1,1,4.44
Cotton,2017,Kharif,801.1,27.9,71.5,212.2,39.4,226.8,6.88,378.9,1,1,2.76
Cotton,2019,Kharif,853.6,24.3,62.5,135.0,38.8,222.0,6.67,26.26,1,1,1.98
Cotton,2018,Kharif,832.9,27.4,46.7,208.0,53.3,228.9,6.56,227.13,1,1,2.76
Wheat,2021,Rabi,573.7,20.9,57.3,189.6,49.9,164.6,5.93,382.07,1,1,3.17
Rice,2018,Kharif,1201.0,31.3,80.1,139.8,43.4,235.6,7.01,158.39,0,1,3.46
Soybean,2024,Kharif,736.9,24.6,59.5,107.8,31.1,170.9,6.43,390.51,1,1,2.54
Rice,2018,Kharif,1053.3,29.4,84.1,219.4,52.1,238.7,6.43,386.17,1,1,5.72
Rice,2020,Kharif,1283.2,31.0,67.5,285.3,49.1,226.9,6.49,213.64,1,1,5.86
Cotton,2024,Kharif,846.7,28.5,61.6,168.1,42.2,199.0,7.04,376.11,1,1,2.94
Wheat,2018,Rabi,643.8,22.3,63.7,245.6,55.6,177.0,6.33,173.46,0,1,2.87
Cotton,2022,Kharif,817.6,30.4,64.0,183.3,44.5,241.6,7.3,325.23,0,1,1.92
Sugarcane,2021,Summer,968.5,30.4,81.5,293.3,61.7,284.8,6.06,105.57,1,1,88.66
Sugarcane,2015,Summer,966.8,29.5,87.5,260.4,52.1,350.8,6.76,167.02,1,1,87.55
Sugarcane,2016,Summer,1111.9,30.0,78.0,168.5,66.4,306.0,6.76,152.72,1,0,73.67
Wheat,2020,Rabi,615.2,23.0,52.7,199.0,55.5,167.2,7.02,321.71,0,0,3.01
Wheat,2023,Rabi,452.5,22.0,58.8,213.6,56.4,218.3,7.17,297.37,1,1,4.16
Cotton,2017,Kharif,762.8,22.9,54.9,156.2,38.2,222.8,7.36,496.48,1,0,1.66
Sugarcane,2023,Summer,1123.9,33.9,88.4,227.7,51.8,311.4,6.34,30.45,0,1,69.41
Wheat,2022,Rabi,516.2,26.5,46.5,211.3,61.7,197.5,7.42,52.54,1,1,3.18
Cotton,2017,Kharif,868.3,29.1,62.5,200.3,44.5,174.3,6.65,176.67,0,1,2.2
Maize,2017,Kharif,711.4,28.9,54.5,143.5,48.2,235.9,6.92,269.11,0,1,3.75
Cotton,2019,Kharif,927.9,23.0,66.2,199.3,45.8,275.6,7.29,360.35,0,1,2.32
Maize,2017,Kharif,748.2,24.3,60.9,233.0,44.7,258.5,7.77,266.24,0,1,4.52
Wheat,2023,Rabi,557.5,22.4,46.2,216.0,53.3,156.0,7.44,449.58,1,0,2.96
Wheat,2021,Rabi,534.8,26.2,64.1,177.9,37.4,152.3,7.22,216.24,0,1,2.22
Soybean,2019,Kharif,665.3,26.9,69.7,127.9,54.9,136.8,7.3,206.49,1,1,3.21
Wheat,2022,Rabi,504.0,24.8,57.8,204.8,61.0,283.3,7.61,438.23,1,1,3.85
Rice,2022,Kharif,1337.9,27.6,84.8,248.5,46.3,194.1,6.12,423.12,0,0,3.26
Cotton,2024,Kharif,853.8,26.4,69.9,150.5,22.0,225.1,6.32,70.07,0,0,1.32
Soybean,2021,Kharif,810.3,27.3,68.5,165.8,55.8,262.3,7.14,374.84,1,1,5.1
Soybean,2017,Kharif,764.9,28.2,53.0,103.4,42.2,127.2,7.17,6.53,1,1,2.2
Maize,2024,Kharif,779.4,30.1,63.0,240.5,35.4,247.5,6.58,415.66,0,0,3.96
Soybean,2023,Kharif,694.1,30.9,68.5,140.8,56.4,171.4,6.45,347.34,1,1,3.52
Sugarcane,2019,Summer,975.7,29.9,83.7,188.7,51.4,299.8,6.87,293.29,1,1,64.82
Sugarcane,2018,Summer,993.2,28.9,72.2,300.0,68.0,263.6,6.91,229.71,0,1,64.43
Maize,2016,Kharif,731.0,24.1,75.1,242.0,51.8,176.2,7.11,13.1,0,1,4.16
Maize,2015,Kharif,518.7,25.7,56.1,181.8,47.7,228.8,6.09,321.61,0,1,3.31
Rice,2020,Kharif,1500.0,31.8,90.0,225.5,54.2,220.6,7.15,170.48,0,1,3.81
Cotton,2020,Kharif,807.1,25.9,44.0,193.5,46.1,244.9,7.17,454.41,1,1,2.46
Soybean,2019,Kharif,820.9,27.6,64.8,117.7,58.9,196.7,6.16,165.46,0,0,2.62
Soybean,2023,Kharif,773.2,27.0,63.1,144.1,25.9,116.2,6.54,243.13,1,1,2.89
Sugarcane,2020,Summer,1046.5,32.7,71.3,283.2,68.3,231.2,6.81,384.43,0,0,66.21
Wheat,2018,Rabi,612.2,22.3,59.9,253.4,44.3,234.5,6.66,72.28,1,1,4.29
Soybean,2017,Kharif,754.4,26.0,69.7,164.5,50.0,221.7,6.71,35.36,0,1,3.72
Turmeric,2022,Kharif,926.6,29.3,81.6,162.9,39.5,287.0,6.04,438.79,1,1,9.49
Wheat,2024,Rabi,599.5,24.2,54.6,228.6,49.6,243.3,7.36,193.68,0,1,3.89
Cotton,2022,Kharif,742.3,25.7,50.6,154.2,27.8,204.6,6.98,161.02,0,1,1.44
Soybean,2015,Kharif,837.5,27.1,59.6,122.6,49.2,190.8,6.78,163.1,1,1,3.5
Wheat,2021,Rabi,659.4,22.5,44.3,256.4,53.0,214.5,7.2,95.3,0,1,3.94
Turmeric,2020,Kharif,832.6,24.9,79.5,191.1,58.2,260.9,6.89,196.35,0,0,6.11
Rice,2023,Kharif,1143.1,24.2,74.2,241.2,48.9,220.1,6.49,91.46,0,1,3.65
Turmeric,2015,Kharif,909.2,25.5,61.4,158.8,48.5,208.7,6.54,54.38,1,0,6.78
Turmeric,2024,Kharif,811.0,27.1,66.9,224.9,44.4,241.2,6.23,350.01,1,1,9.63
Sugarcane,2021,Summer,1149.8,34.1,65.3,264.4,64.7,379.2,6.84,477.03,0,1,76.24
Soybean,2024,Kharif,782.7,26.2,61.7,125.9,60.2,152.3,7.22,166.43,1,0,3.07
Wheat,2023,Rabi,569.2,22.2,44.9,160.6,53.4,237.1,6.72,242.33,1,1,3.59
Maize,2024,Kharif,763.7,28.2,60.8,214.0,45.1,261.3,6.91,291.84,0,1,5.6
Cotton,2021,Kharif,820.4,28.9,61.6,178.3,55.2,235.1,7.32,81.91,0,0,2.09
Soybean,2024,Kharif,720.7,29.2,66.9,97.1,50.1,162.7,7.33,67.21,0,1,2.31
Wheat,2016,Rabi,440.5,22.9,73.4,280.6,61.2,206.3,6.61,367.2,1,1,3.32
Cotton,2023,Kharif,790.5,26.1,56.6,163.5,41.7,245.3,7.46,461.76,1,1,2.82
Wheat,2019,Rabi,484.3,22.8,62.1,271.3,53.3,197.4,7.25,249.23,1,0,3.73
Rice,2022,Kharif,1234.7,28.0,78.4,190.2,43.2,211.8,6.66,26.66,1,1,4.48
Soybean,2016,Kharif,795.6,22.8,51.9,113.1,49.7,218.3,6.51,400.12,1,1,2.45
Wheat,2019,Rabi,614.6,20.5,56.0,196.2,54.4,177.1,7.9,462.07,1,1,3.71
Soybean,2020,Kharif,802.2,25.2,56.2,139.0,54.2,192.5,6.65,467.38,0,1,3.17
Soybean,2018,Kharif,728.7,29.1,61.4,108.0,72.1,166.5,6.83,432.27,1,1,3.14
Wheat,2021,Rabi,491.6,21.9,54.6,219.2,62.7,260.1,6.73,493.06,1,1,4.58
Sugarcane,2017,Summer,1082.4,29.9,85.8,253.1,72.3,328.7,7.78,187.45,1,1,86.41
Wheat,2019,Rabi,575.9,21.0,61.2,217.6,57.7,216.8,6.74,408.68,0,1,3.37
Cotton,2023,Kharif,745.2,25.1,54.9,167.7,30.6,235.9,7.38,16.66,0,1,1.71
Rice,2019,Kharif,1239.3,27.5,80.8,129.3,36.5,309.9,6.91,97.11,1,1,3.31
Soybean,2023,Kharif,726.9,27.5,54.4,109.9,42.6,193.0,6.93,397.08,1,1,3.2
Rice,2024,Kharif,1490.4,28.8,77.7,238.0,60.2,272.4,6.35,381.12,0,1,5.81
Rice,2022,Kharif,1020.6,29.7,78.3,129.0,46.3,257.7,6.06,443.69,0,0,2.82
Sugarcane,2024,Summer,1243.8,28.9,85.6,232.6,46.7,305.9,7.06,251.37,0,1,58.61
Soybean,2023,Kharif,833.9,25.9,66.1,121.7,50.8,189.1,6.95,249.2,1,1,3.07
Maize,2022,Kharif,693.1,26.2,53.7,178.6,45.2,176.4,6.91,155.58,0,0,3.49
Wheat,2017,Rabi,478.6,21.7,40.9,274.0,69.1,210.5,7.52,303.98,1,1,4.44
Cotton,2023,Kharif,791.9,32.1,60.2,147.4,50.6,179.0,7.16,486.21,0,1,1.74
Cotton,2022,Kharif,885.0,27.0,65.5,158.3,36.9,241.1,7.46,248.77,0,0,1.95
Soybean,2022,Kharif,760.9,24.9,71.3,80.0,56.2,207.0,6.98,8.67,0,1,2.87
Wheat,2019,Rabi,566.0,22.6,45.8,181.8,55.8,173.8,7.61,143.26,0,1,2.66
Cotton,2019,Kharif,768.8,27.2,65.1,200.4,27.0,178.4,7.0,479.55,1,1,2.35
Soybean,2018,Kharif,815.8,24.2,62.8,173.9,65.1,202.8,6.3,158.51,1,1,4.13
Wheat,2023,Rabi,626.6,20.5,61.1,235.1,45.7,185.8,7.45,320.6,0,1,3.37
Cotton,2016,Kharif,736.8,28.6,66.6,187.3,42.6,200.7,6.7,3.1,0,0,1.74
Wheat,2015,Rabi,550.0,21.7,61.8,237.7,31.5,194.1,7.38,284.36,0,1,2.85
Cotton,2023,Kharif,752.7,24.2,60.4,217.5,31.3,255.0,7.96,410.71,0,1,1.73
Turmeric,2017,Kharif,896.3,31.7,68.6,191.2,57.7,305.5,6.96,146.0,1,0,8.6
Wheat,2016,Rabi,487.2,22.1,53.0,176.3,53.2,130.5,7.04,289.92,0,0,2.28
Maize,2020,Kharif,708.9,28.1,62.0,195.7,42.6,208.9,6.31,90.26,0,0,3.96
Rice,2017,Kharif,1249.8,29.9,72.2,208.1,48.5,226.4,7.43,99.58,1,0,3.52
Sugarcane,2020,Summer,1185.1,34.3,72.8,294.4,34.8,401.3,6.86,144.68,1,1,74.73
Rice,2023,Kharif,1139.8,29.5,79.4,188.8,48.0,222.3,5.68,214.64,0,1,3.86
Soybean,2020,Kharif,831.4,25.9,58.5,143.8,35.1,193.9,7.17,378.5,1,0,3.04
Rice,2017,Kharif,1058.3,31.3,87.5,133.1,48.6,254.7,6.9,322.61,0,1,3.48
Soybean,2022,Kharif,821.6,27.8,62.8,138.2,51.2,179.1,6.37,499.34,1,0,3.19
Wheat,2021,Rabi,545.9,22.3,58.6,233.9,75.3,215.9,7.85,419.35,0,1,3.92
Wheat,2016,Rabi,458.6,22.6,66.5,156.3,67.8,221.4,6.94,123.89,1,0,2.94
Cotton,2016,Kharif,835.8,28.4,59.6,228.5,20.2,263.4,7.31,433.03,1,1,2.92
Sugarcane,2018,Summer,1096.6,32.8,82.7,300.0,49.1,238.0,7.13,82.53,1,1,84.08
Wheat,2021,Rabi,595.5,22.5,61.9,206.6,79.1,233.3,7.83,107.3,1,0,3.98
Turmeric,2022,Kharif,683.6,26.1,62.2,179.8,58.4,233.8,6.94,118.2,0,0,5.35
Wheat,2017,Rabi,480.6,19.7,49.8,200.8,68.2,174.7,8.0,292.06,1,1,2.98
Cotton,2018,Kharif,736.3,27.9,62.5,164.6,32.2,229.7,7.04,238.63,1,1,2.53
Soybean,2020,Kharif,710.7,26.5,60.3,113.9,52.4,142.1,6.22,277.3,0,1,2.28
Soybean,2019,Kharif,770.8,24.4,63.7,158.5,45.1,100.0,7.39,226.58,1,1,2.92
Soybean,2024,Kharif,764.1,27.9,57.9,151.7,53.6,100.0,6.68,297.8,1,1,3.51
Cotton,2021,Kharif,731.9,30.4,44.0,215.2,50.9,220.7,6.27,421.53,1,1,2.26
Wheat,2023,Rabi,485.6,22.4,30.0,205.1,32.7,254.9,7.66,109.13,1,1,2.81
Sugarcane,2019,Summer,1083.9,32.5,82.7,300.0,80.0,279.1,6.66,217.26,1,1,108.85
Soybean,2019,Kharif,736.6,28.7,55.1,152.7,60.3,146.1,7.13,240.03,1,1,3.12
Soybean,2020,Kharif,701.1,25.9,61.8,107.6,57.4,181.2,7.27,249.39,1,0,2.83
Wheat,2019,Rabi,583.6,22.4,58.1,259.6,46.2,217.6,7.63,291.97,1,1,3.91
Wheat,2019,Rabi,458.5,24.0,49.8,245.5,66.1,176.8,7.2,276.7,0,1,3.67
Soybean,2022,Kharif,815.2,28.6,65.2,80.0,62.2,210.4,6.56,428.25,0,1,2.82
Cotton,2023,Kharif,682.7,29.0,56.6,132.6,54.3,226.8,6.89,197.73,1,0,2.52
Wheat,2019,Rabi,506.5,24.0,56.7,172.4,46.5,185.1,6.94,378.13,0,1,2.48
Sugarcane,2015,Summer,989.3,31.6,83.4,206.9,56.3,296.4,7.11,89.07,1,0,57.1
Cotton,2020,Kharif,933.5,27.3,63.8,182.3,52.0,259.3,7.86,229.64,0,1,2.32
Cotton,2024,Kharif,764.7,23.0,54.6,147.4,27.8,200.0,7.22,338.7,1,0,1.51
Wheat,2015,Rabi,550.3,25.0,61.3,244.0,55.8,183.6,7.38,5.48,0,1,3.68
Cotton,2020,Kharif,790.1,27.8,55.8,212.3,27.9,216.0,7.41,147.43,1,1,2.48
Maize,2015,Kharif,669.8,29.3,60.1,194.1,62.7,227.3,6.56,155.41,0,0,4.2
Sugarcane,2021,Summer,1151.4,30.4,77.2,268.0,63.8,309.2,6.5,285.3,0,1,78.23
Maize,2015,Kharif,836.1,28.5,77.8,147.4,37.5,219.6,6.49,51.6,0,1,3.42
Cotton,2023,Kharif,701.5,23.4,56.2,204.2,46.2,242.4,7.34,226.58,1,1,2.27
Soybean,2021,Kharif,783.1,23.5,76.2,108.5,47.5,252.2,6.46,405.99,0,0,2.0
Wheat,2022,Rabi,564.3,19.5,61.2,215.3,67.1,211.1,7.55,247.53,0,1,3.74
Cotton,2018,Kharif,819.8,27.3,63.5,180.6,28.8,203.7,7.49,478.8,0,0,1.87
Cotton,2018,Kharif,806.7,32.1,68.0,195.2,54.0,238.3,7.81,409.13,1,1,2.5
Wheat,2022,Rabi,541.3,19.7,58.7,177.1,63.2,135.6,6.91,236.44,0,1,2.76
Cotton,2024,Kharif,828.8,25.5,63.4,131.6,36.3,116.6,5.7,214.99,1,1,1.3
Cotton,2015,Kharif,790.5,24.8,53.5,156.3,44.1,256.8,6.55,89.88,1,1,2.43
Wheat,2015,Rabi,523.3,22.8,55.6,269.3,69.5,224.9,6.79,21.23,1,0,4.46
Sugarcane,2016,Summer,1196.3,28.1,83.1,265.5,44.8,331.4,7.08,376.67,0,0,49.53
Rice,2024,Kharif,1400.4,30.1,76.8,203.2,43.5,274.2,5.85,198.68,0,0,3.78
Wheat,2015,Rabi,519.1,23.4,49.6,250.4,62.3,112.8,7.01,94.98,0,1,2.94
Maize,2024,Kharif,666.1,28.8,71.9,210.4,43.0,196.2,6.8,64.4,0,1,4.79
Cotton,2021,Kharif,807.5,27.5,53.6,208.5,35.6,205.3,6.96,480.71,1,1,2.59
Maize,2015,Kharif,637.6,28.0,61.1,186.7,56.9,157.7,6.69,192.48,1,1,4.63
Cotton,2018,Kharif,880.7,29.3,60.8,223.9,33.1,265.2,6.74,372.35,0,1,2.54
Rice,2018,Kharif,1112.3,31.3,88.2,174.2,68.0,271.8,7.05,332.43,1,0,4.1
Cotton,2016,Kharif,846.1,26.2,55.6,188.6,40.5,231.9,6.48,39.37,0,0,2.06
Cotton,2019,Kharif,800.8,28.6,66.8,149.8,45.5,151.9,6.4,483.7,0,0,1.61
Maize,2022,Kharif,696.5,26.3,68.4,174.1,53.9,227.5,6.49,170.69,1,1,7.12
Sugarcane,2022,Summer,1003.7,29.8,82.5,300.0,57.3,307.6,7.13,438.08,1,1,94.52
Soybean,2016,Kharif,828.9,23.6,61.5,124.4,47.3,219.9,6.68,115.19,0,0,2.29
Maize,2019,Kharif,960.1,29.0,57.3,180.8,53.0,204.6,6.53,402.11,0,1,3.69
Rice,2021,Kharif,1384.6,29.0,74.3,157.7,49.9,166.3,7.03,433.24,0,1,3.19
Rice,2018,Kharif,1212.9,28.3,87.0,237.1,34.5,237.7,7.07,365.36,0,1,3.57
Turmeric,2020,Kharif,840.4,28.6,73.1,128.3,37.8,172.8,7.15,166.0,1,0,5.61
Rice,2020,Kharif,1214.7,29.1,78.5,203.7,37.3,195.6,6.49,175.6,0,0,3.63
Sugarcane,2020,Summer,914.5,33.6,67.9,280.6,66.2,248.7,7.14,132.76,0,1,69.5
Rice,2023,Kharif,1378.5,31.7,86.9,217.0,52.9,181.1,6.45,59.87,0,1,3.48
Cotton,2022,Kharif,828.0,25.2,61.2,148.4,48.3,239.0,7.05,111.26,1,1,2.55
Wheat,2023,Rabi,465.4,23.4,66.5,196.7,60.7,226.3,6.78,56.74,0,1,3.11
Soybean,2020,Kharif,714.3,29.6,57.2,119.6,52.0,220.2,7.31,418.31,1,1,2.82
Soybean,2024,Kharif,708.1,29.1,64.5,121.1,55.3,196.6,7.14,92.04,1,1,3.53
Cotton,2023,Kharif,860.2,26.4,55.8,201.8,45.6,264.0,7.07,272.19,0,1,2.69
Maize,2023,Kharif,697.8,29.6,56.8,218.0,48.0,166.1,6.74,352.69,0,0,4.38
Wheat,2018,Rabi,687.6,23.8,56.2,245.0,45.1,244.2,7.06,497.41,0,1,3.39
Sugarcane,2018,Summer,974.2,28.7,74.4,216.3,70.2,274.6,6.5,248.95,0,1,65.52
Maize,2019,Kharif,693.5,27.3,60.4,203.0,55.7,218.0,7.24,79.64,1,1,5.94
Wheat,2019,Rabi,549.0,24.8,43.5,213.2,68.6,201.6,7.16,111.09,0,1,3.54
Cotton,2024,Kharif,782.2,27.9,52.4,177.8,41.8,212.1,7.49,439.33,0,0,1.83
Maize,2020,Kharif,646.9,25.9,64.0,221.7,31.3,252.6,6.17,142.66,0,0,3.68
Turmeric,2021,Kharif,813.6,32.0,77.3,206.7,55.1,227.7,7.01,54.19,0,0,7.38
Wheat,2019,Rabi,475.8,22.1,56.1,181.4,41.4,226.3,7.19,339.7,1,1,3.74
Soybean,2021,Kharif,698.9,26.1,55.6,80.0,55.1,120.8,6.75,489.98,0,1,2.0
Cotton,2017,Kharif,831.0,26.0,49.9,137.9,44.2,246.3,6.98,78.29,0,1,2.23
Wheat,2021,Rabi,553.1,20.8,46.1,244.2,63.6,157.3,7.54,113.78,1,1,4.1
Cotton,2023,Kharif,774.6,28.5,56.6,171.1,49.2,266.4,6.44,112.04,0,1,2.59
Sugarcane,2015,Summer,922.0,31.7,80.4,260.5,74.4,282.0,6.85,161.19,0,1,84.5
Sugarcane,2017,Summer,1095.4,31.9,83.5,252.8,60.9,326.4,6.53,445.53,0,0,70.36
Cotton,2022,Kharif,834.7,29.3,65.2,171.7,55.3,281.3,7.03,369.13,1,1,3.12
Rice,2019,Kharif,1393.5,27.4,79.2,217.2,51.8,221.1,6.26,340.57,1,1,4.94
Soybean,2024,Kharif,742.9,22.6,64.2,156.5,60.2,187.9,6.93,236.65,1,1,3.85
Wheat,2022,Rabi,615.2,24.2,58.3,161.2,37.9,202.9,7.23,496.01,0,0,2.54
Soybean,2024,Kharif,738.2,25.6,68.8,143.7,59.0,212.5,6.35,310.22,0,0,2.99
Wheat,2016,Rabi,555.4,23.9,62.7,239.2,54.1,197.3,7.81,405.38,0,1,2.35
Maize,2018,Kharif,790.4,27.9,52.7,221.5,55.8,113.3,6.89,146.46,1,0,3.9
Soybean,2017,Kharif,779.0,28.1,67.5,121.3,40.9,266.8,6.76,320.09,0,1,3.13
Soybean,2018,Kharif,735.6,27.7,66.0,129.4,64.6,160.4,7.52,88.64,1,0,3.04
Maize,2019,Kharif,668.5,25.0,52.3,215.2,40.9,137.2,6.73,416.41,1,1,4.01
Cotton,2019,Kharif,790.3,29.4,57.9,188.9,51.8,169.7,6.31,337.74,0,1,2.25
Soybean,2018,Kharif,873.8,23.7,80.7,126.3,30.4,204.9,6.16,102.04,0,1,1.88
Turmeric,2023,Kharif,950.1,28.6,72.4,132.3,48.4,259.1,6.17,265.32,0,1,7.75
Wheat,2023,Rabi,523.5,18.3,60.0,224.7,34.6,170.1,7.08,94.1,1,1,3.21
Soybean,2018,Kharif,674.3,26.7,68.7,131.8,55.8,198.1,6.84,327.46,1,1,4.0
Maize,2018,Kharif,750.5,22.2,77.4,176.7,45.9,259.2,6.91,314.04,0,1,3.48
Soybean,2021,Kharif,631.2,27.3,57.7,83.5,56.6,139.1,7.13,12.18,1,1,2.62
Wheat,2018,Rabi,683.4,20.2,61.8,184.0,72.9,157.6,7.72,87.8,1,1,3.22
Rice,2018,Kharif,1382.6,25.8,88.1,227.9,53.6,240.8,6.56,305.7,0,0,3.67
Cotton,2022,Kharif,740.9,26.2,56.5,204.3,38.9,236.0,7.45,11.24,1,0,2.42
Soybean,2022,Kharif,671.5,32.0,51.0,138.4,31.9,174.8,7.16,24.72,0,1,2.0
Soybean,2019,Kharif,761.9,25.9,65.1,145.6,48.0,211.9,6.81,116.25,0,1,2.9
Soybean,2015,Kharif,836.6,27.1,53.6,119.9,58.2,164.8,6.83,270.37,0,0,2.61
Cotton,2023,Kharif,952.7,25.6,61.7,191.6,34.9,126.5,6.88,267.06,1,1,2.22
Rice,2024,Kharif,1068.8,29.5,88.0,215.0,41.9,287.0,6.76,40.87,0,0,4.02
Rice,2021,Kharif,1320.7,32.4,87.7,176.1,38.6,282.9,6.58,375.7,0,0,3.51
Wheat,2024,Rabi,536.9,19.8,59.4,233.3,43.1,171.1,7.32,91.68,1,1,3.66
Rice,2015,Kharif,1277.1,29.5,85.2,191.2,29.2,233.5,6.04,413.7,0,1,3.49
Rice,2015,Kharif,1064.5,32.6,77.4,207.7,39.3,273.4,7.02,79.3,0,1,3.14
Sugarcane,2018,Summer,1000.9,32.0,78.5,266.0,65.8,369.3,6.35,301.93,0,1,88.51
Cotton,2015,Kharif,795.8,30.5,59.9,96.2,44.6,244.4,7.63,14.91,1,1,1.9
Cotton,2020,Kharif,726.1,30.0,69.8,215.7,45.3,202.1,7.72,350.23,0,0,1.68
Soybean,2022,Kharif,698.8,27.8,61.6,111.9,65.4,189.6,6.09,183.55,0,0,2.24
Maize,2022,Kharif,651.4,25.5,75.7,193.2,60.2,268.9,6.96,111.9,1,1,5.69
Maize,2021,Kharif,850.7,27.1,63.5,231.2,66.4,230.0,6.91,149.35,0,1,6.45
Cotton,2020,Kharif,735.3,29.4,67.0,182.6,43.5,252.4,7.08,294.31,1,1,2.75
Rice,2021,Kharif,1122.8,31.7,88.7,149.2,44.6,197.4,7.29,413.89,0,1,2.46
Sugarcane,2020,Summer,1130.7,29.7,86.2,224.0,77.8,349.4,7.32,372.49,1,0,71.85
Cotton,2022,Kharif,769.2,27.1,55.1,154.5,57.3,165.4,7.02,462.42,0,1,2.43
Sugarcane,2019,Summer,1289.5,36.0,86.6,205.7,65.2,261.7,6.25,251.81,0,1,54.31
Rice,2022,Kharif,1282.0,28.5,82.2,159.0,48.7,196.3,6.05,289.32,0,1,3.55
Wheat,2015,Rabi,516.9,19.9,59.7,232.9,44.4,168.3,7.92,403.71,1,1,3.02
Turmeric,2016,Kharif,801.7,31.5,82.9,154.3,49.7,209.7,6.27,185.31,0,1,5.22
Turmeric,2024,Kharif,944.9,26.1,75.7,171.6,61.1,176.2,6.42,320.78,1,1,9.97
Wheat,2023,Rabi,525.9,22.2,51.1,175.2,33.2,219.1,6.7,380.18,0,1,2.75
Wheat,2019,Rabi,578.0,22.4,70.3,268.9,58.9,230.7,7.59,258.94,1,1,4.08
Rice,2015,Kharif,1413.6,28.3,82.8,176.9,46.6,244.1,7.19,20.36,1,0,3.88
Soybean,2021,Kharif,720.2,26.7,69.3,123.7,54.1,227.2,6.45,164.39,1,0,3.46
Rice,2019,Kharif,1116.7,28.8,83.2,225.7,54.2,299.2,6.75,424.39,1,0,4.8
Maize,2016,Kharif,630.0,25.9,50.9,196.0,53.0,233.1,6.74,246.61,0,1,4.27
Maize,2021,Kharif,611.4,27.0,50.7,171.8,62.5,210.3,7.04,312.81,0,0,3.67
Wheat,2016,Rabi,510.1,20.0,48.8,200.8,61.8,211.7,6.45,10.32,1,1,3.51
Soybean,2024,Kharif,709.3,29.7,64.6,96.5,34.9,163.7,7.18,335.09,1,1,2.74
Cotton,2023,Kharif,691.7,26.1,50.3,154.7,35.7,170.7,7.27,375.55,0,0,1.39
Maize,2017,Kharif,760.8,26.6,63.2,193.8,65.4,190.4,6.73,32.62,0,1,5.76
Rice,2022,Kharif,1388.6,28.3,87.2,199.5,36.0,294.8,6.5,427.45,1,1,4.59
Rice,2024,Kharif,1326.0,26.0,78.8,163.8,48.6,169.2,6.92,326.96,0,1,3.22
Cotton,2018,Kharif,784.5,27.3,70.9,197.5,39.3,189.5,7.3,436.76,0,0,1.99
Cotton,2016,Kharif,933.3,26.4,49.2,172.5,31.1,229.4,6.88,133.08,0,1,1.71
Soybean,2022,Kharif,726.4,26.7,57.2,176.4,54.1,189.5,6.88,202.82,1,1,4.0
Rice,2018,Kharif,1194.2,29.1,83.8,192.4,50.6,248.2,6.3,240.32,0,1,4.23
Soybean,2016,Kharif,670.2,24.7,67.8,133.6,67.8,238.5,6.27,445.5,0,1,2.75
Rice,2020,Kharif,1116.7,28.3,78.2,184.4,41.1,228.4,6.57,335.93,0,1,4.21
Wheat,2022,Rabi,546.9,22.0,58.4,149.4,37.2,132.6,7.59,364.83,0,1,2.36
Sugarcane,2020,Summer,1063.9,32.8,64.4,300.0,80.0,306.7,6.98,295.89,1,0,82.71
Wheat,2016,Rabi,570.0,22.9,40.3,159.0,58.5,174.4,7.17,142.29,0,1,2.95
Cotton,2021,Kharif,833.5,26.6,62.9,209.1,59.0,289.1,6.25,162.28,0,1,2.7
Cotton,2018,Kharif,772.0,28.5,60.4,207.4,50.5,220.1,7.05,222.8,1,0,2.59
Maize,2024,Kharif,625.2,25.6,51.5,218.5,44.8,208.7,7.54,486.4,0,1,3.24
Soybean,2018,Kharif,746.2,27.7,54.9,83.7,41.3,222.0,7.24,126.33,1,1,2.38
Cotton,2018,Kharif,734.9,30.6,62.7,221.6,46.5,201.4,7.07,335.67,0,1,2.52
Cotton,2024,Kharif,816.3,25.4,54.6,204.9,35.0,147.8,6.51,221.48,0,1,1.82
Soybean,2020,Kharif,743.9,29.4,54.9,124.7,60.0,243.6,6.31,25.65,1,0,2.72
Cotton,2016,Kharif,622.5,27.4,47.1,183.1,51.7,165.3,7.33,132.31,0,0,1.67
Maize,2022,Kharif,674.1,26.5,72.0,132.7,56.5,261.7,6.71,431.31,0,1,4.28
Wheat,2021,Rabi,592.3,19.5,64.7,261.9,55.0,249.8,6.98,106.54,0,1,4.12
Cotton,2021,Kharif,742.2,30.6,58.1,149.3,32.8,206.3,7.22,334.71,1,1,1.87
Wheat,2019,Rabi,502.5,20.3,51.1,259.8,40.9,184.6,7.36,345.82,0,1,3.22
Cotton,2021,Kharif,668.8,27.3,50.5,163.3,44.5,220.4,7.18,384.63,1,1,2.38
Cotton,2021,Kharif,767.7,28.6,59.9,118.2,48.6,240.9,7.21,162.21,0,1,2.45
Maize,2023,Kharif,596.1,26.8,48.2,176.9,32.0,188.2,6.94,458.86,1,0,3.39
Rice,2016,Kharif,1115.6,26.6,89.3,250.5,44.9,237.2,5.97,249.7,1,0,3.45
Cotton,2022,Kharif,760.9,30.7,69.8,182.6,35.1,257.8,7.24,387.91,0,0,1.65
Rice,2023,Kharif,1243.7,31.0,88.7,127.5,48.4,283.0,6.04,204.37,1,1,4.46
Cotton,2024,Kharif,788.7,26.0,43.6,175.5,46.2,268.1,7.44,250.57,0,0,1.91
Soybean,2023,Kharif,644.1,27.1,62.7,143.5,41.4,160.0,6.4,231.92,0,1,2.81
Turmeric,2016,Kharif,874.1,29.4,86.2,210.7,34.3,266.0,5.5,173.21,1,0,7.11
Wheat,2018,Rabi,580.7,24.5,54.4,244.1,50.8,213.3,7.43,106.62,0,0,3.38
Soybean,2015,Kharif,633.3,26.4,71.7,130.7,55.3,187.0,5.72,218.71,0,1,2.53
Rice,2017,Kharif,1188.5,30.7,74.2,206.0,48.9,283.4,6.14,104.7,0,0,4.07
Soybean,2023,Kharif,732.9,27.8,63.8,122.1,56.0,109.3,7.88,135.84,1,1,2.55
Soybean,2021,Kharif,847.0,22.8,68.7,80.0,56.3,254.8,7.34,195.32,1,1,2.89
Cotton,2017,Kharif,741.3,24.8,58.3,179.1,37.2,211.6,6.6,135.18,1,1,2.16
Wheat,2017,Rabi,474.7,22.3,57.3,259.6,54.3,237.1,7.22,177.32,1,1,4.94
Cotton,2019,Kharif,769.5,28.3,56.5,134.1,31.5,247.0,7.39,150.17,0,0,1.61
Sugarcane,2024,Summer,1004.5,33.1,74.9,242.4,57.2,349.7,6.44,314.67,1,1,85.99
Maize,2023,Kharif,740.2,28.9,71.7,236.9,53.5,248.1,6.43,48.1,1,1,5.97
Maize,2016,Kharif,623.6,28.1,70.5,215.8,49.2,224.1,7.16,474.38,0,0,3.98
Sugarcane,2024,Summer,1080.9,35.8,79.7,214.2,55.0,385.1,6.24,385.33,1,1,90.37
Maize,2016,Kharif,732.6,24.1,61.1,190.4,38.9,280.8,6.93,344.09,0,1,4.06
Wheat,2020,Rabi,637.1,22.2,60.9,298.6,46.4,199.5,7.31,117.0,0,1,3.84
Cotton,2024,Kharif,861.3,28.6,58.8,162.8,47.2,162.5,6.09,6.32,0,1,2.01
Wheat,2017,Rabi,583.0,26.1,61.1,229.9,50.8,175.8,7.41,162.67,0,1,2.65
Soybean,2019,Kharif,781.6,26.0,76.0,169.1,53.5,155.1,6.6,375.76,0,1,2.66
Soybean,2023,Kharif,754.3,24.8,62.4,112.0,47.0,185.6,6.88,374.97,0,1,2.9
Wheat,2022,Rabi,474.1,20.3,42.9,204.0,53.7,189.2,6.62,143.86,0,1,2.43
Sugarcane,2023,Summer,1207.5,31.8,81.3,259.5,48.7,262.8,6.8,5.43,0,0,57.64
Sugarcane,2023,Summer,1051.2,31.6,80.9,273.7,70.2,345.4,7.05,62.05,0,0,90.53
Wheat,2023,Rabi,621.8,20.4,61.1,203.3,56.5,224.7,7.34,42.69,0,0,2.99
Wheat,2016,Rabi,631.6,22.4,48.7,275.4,53.1,222.2,6.79,281.63,0,1,4.16
Wheat,2015,Rabi,568.6,19.7,50.5,194.3,59.6,172.6,7.02,162.05,0,1,3.11
Maize,2023,Kharif,662.5,28.7,59.5,192.1,43.4,195.3,7.18,147.47,1,1,4.97
Rice,2018,Kharif,1274.0,28.4,88.7,126.9,50.4,218.0,6.72,102.56,1,1,3.77
Wheat,2024,Rabi,619.6,21.2,64.1,190.0,74.2,209.8,7.59,66.74,0,1,3.66
Wheat,2024,Rabi,567.1,23.6,49.9,227.7,51.0,189.2,6.68,124.55,1,1,4.19
Soybean,2015,Kharif,823.0,28.4,62.7,108.5,53.1,179.4,6.98,318.39,1,1,2.96
Soybean,2015,Kharif,673.4,27.9,64.9,131.6,50.3,211.3,6.7,339.19,0,1,3.46
Wheat,2022,Rabi,581.2,23.1,53.1,186.0,48.0,198.0,7.1,345.91,1,0,3.5
Maize,2022,Kharif,639.6,26.9,72.5,209.3,75.8,246.5,6.74,384.24,0,0,5.2
Rice,2018,Kharif,1277.1,31.3,88.1,190.7,42.2,264.5,6.64,174.95,0,1,3.71
Soybean,2016,Kharif,817.2,27.2,61.3,88.8,28.9,241.0,7.53,93.7,0,1,1.99
Soybean,2015,Kharif,707.6,25.4,58.7,99.2,47.6,134.0,6.69,353.58,0,1,2.12
Cotton,2018,Kharif,866.7,25.0,51.5,205.6,32.2,279.6,6.79,392.01,0,1,1.94
Wheat,2016,Rabi,583.5,19.7,52.1,268.5,49.1,171.0,6.83,250.04,1,0,3.26
Rice,2015,Kharif,1057.1,29.6,90.0,199.0,54.5,338.5,6.27,198.51,1,1,5.3
Rice,2016,Kharif,991.7,29.4,82.6,153.2,53.8,256.0,7.39,36.44,0,0,2.79
Wheat,2017,Rabi,646.3,20.4,59.5,209.2,41.2,223.8,7.35,450.56,1,1,3.81
Wheat,2021,Rabi,595.5,21.8,50.9,218.9,45.4,176.0,7.34,21.3,1,0,3.68
Rice,2018,Kharif,1287.1,32.3,84.7,185.4,42.0,232.3,6.8,184.08,1,1,4.54
Soybean,2016,Kharif,696.6,25.5,70.0,137.6,45.3,166.3,7.17,379.22,1,1,2.77
Soybean,2024,Kharif,722.0,28.8,67.7,93.8,62.8,179.5,7.35,220.47,0,1,2.83
Wheat,2023,Rabi,503.7,22.0,49.5,249.7,42.1,213.7,7.28,431.11,0,1,4.06
Turmeric,2016,Kharif,780.4,29.0,71.5,166.2,55.0,201.1,6.31,236.53,1,1,8.96
Cotton,2016,Kharif,891.3,27.0,49.9,218.2,20.6,245.7,7.45,389.72,0,0,1.62
Wheat,2021,Rabi,599.2,21.4,63.3,212.5,62.9,173.8,7.35,49.07,1,0,3.67
Rice,2018,Kharif,1382.3,31.7,78.6,245.0,48.7,247.7,6.16,248.75,0,1,4.74
Wheat,2024,Rabi,528.8,20.6,49.2,249.6,67.6,185.1,7.5,343.87,0,1,4.27
Wheat,2019,Rabi,495.9,21.3,56.2,178.3,46.7,250.5,7.0,100.36,1,1,4.07
Wheat,2015,Rabi,613.6,22.2,58.1,251.2,63.1,186.7,6.34,126.63,0,1,3.47
Soybean,2022,Kharif,711.7,24.6,71.1,131.6,62.1,122.2,7.21,95.04,0,0,2.48
Rice,2017,Kharif,1323.7,36.6,90.0,107.8,38.7,212.6,6.67,342.57,0,1,2.06
Cotton,2023,Kharif,931.8,28.4,54.2,195.8,57.9,192.8,6.2,490.15,0,1,2.38
Cotton,2021,Kharif,820.5,24.4,57.5,158.2,37.9,268.7,7.43,6.85,0,0,1.91
Cotton,2021,Kharif,794.6,28.0,61.5,203.1,31.7,196.3,7.67,69.41,1,1,2.68
Soybean,2022,Kharif,755.1,27.9,67.9,140.2,40.2,205.4,6.89,244.28,1,1,3.87
Wheat,2020,Rabi,464.9,21.8,51.1,221.2,57.8,177.0,6.91,274.49,1,1,4.15
Wheat,2023,Rabi,571.3,21.2,69.7,231.1,54.8,183.7,6.94,48.71,1,1,3.75
Wheat,2023,Rabi,586.6,19.9,61.0,220.1,58.0,184.8,7.41,281.13,0,0,3.17
Soybean,2023,Kharif,696.2,29.9,58.1,110.3,50.0,176.6,6.71,414.32,0,1,2.74
Cotton,2021,Kharif,1033.4,28.2,57.0,207.1,52.8,255.9,7.12,267.25,0,0,2.73
Wheat,2015,Rabi,416.4,26.4,65.9,213.9,52.4,196.9,7.52,421.05,1,1,2.65
Soybean,2016,Kharif,793.7,24.5,59.8,138.7,61.7,167.6,6.91,146.17,0,0,2.64
Maize,2015,Kharif,663.2,26.8,67.1,193.9,51.2,210.0,7.03,332.01,0,1,4.31
Cotton,2021,Kharif,890.1,28.2,44.9,219.6,40.5,208.2,6.9,408.65,0,0,1.75
Soybean,2015,Kharif,703.9,22.9,61.7,80.8,66.6,244.1,6.97,52.9,0,0,2.22
Soybean,2015,Kharif,737.1,26.4,64.2,142.7,71.1,202.7,6.99,307.01,1,0,3.54
Cotton,2022,Kharif,704.4,29.6,63.7,178.8,39.3,199.4,7.8,289.38,0,1,1.74
Wheat,2017,Rabi,528.5,22.1,56.7,186.6,43.6,230.8,6.55,82.33,1,1,4.37
Soybean,2016,Kharif,712.1,27.5,63.7,86.7,59.0,142.9,6.69,484.74,0,1,2.59
Cotton,2024,Kharif,778.7,27.0,61.9,183.5,35.4,263.2,7.11,18.53,0,0,2.54
Wheat,2015,Rabi,575.9,21.4,52.9,210.0,57.5,201.5,8.17,381.26,0,1,3.05
Soybean,2024,Kharif,734.1,21.2,73.9,96.9,49.0,200.8,7.14,235.42,1,1,2.07
Cotton,2015,Kharif,773.3,31.9,57.6,198.6,48.6,193.8,6.81,277.75,0,1,1.78
Cotton,2015,Kharif,729.0,26.4,63.7,205.9,43.1,227.2,7.12,163.17,1,1,2.68
Rice,2022,Kharif,1180.6,26.9,86.1,162.8,41.3,111.5,6.72,120.58,1,1,2.99
Rice,2019,Kharif,1333.5,32.2,86.9,173.4,39.1,258.1,6.74,24.54,0,1,4.09
Sugarcane,2021,Summer,1282.5,34.7,73.3,267.1,53.9,309.4,7.21,316.16,0,1,61.72
Soybean,2018,Kharif,682.4,29.0,71.4,134.4,38.5,182.3,6.99,41.97,0,1,2.35
Wheat,2016,Rabi,527.1,21.3,62.7,161.1,48.1,175.8,7.48,133.85,0,1,2.58
Rice,2018,Kharif,1224.6,31.4,79.4,253.5,58.7,200.2,6.75,494.04,0,0,4.05
Soybean,2017,Kharif,775.1,26.7,70.7,116.0,69.0,175.7,7.21,96.67,0,1,2.96
Maize,2020,Kharif,669.7,27.5,58.5,217.4,45.1,246.4,7.2,25.77,1,1,5.69
Cotton,2022,Kharif,784.7,26.3,65.6,157.4,46.0,225.2,6.87,90.62,1,1,2.81
Cotton,2015,Kharif,819.3,28.4,50.7,181.5,43.8,216.4,7.34,226.19,1,1,2.48
Turmeric,2016,Kharif,919.1,28.5,86.5,183.4,43.7,230.0,6.11,311.58,1,0,7.13
Rice,2015,Kharif,1105.4,32.4,80.1,144.6,56.1,250.2,6.64,375.63,0,1,4.05
Rice,2023,Kharif,1445.1,29.8,84.3,176.2,40.2,229.4,5.92,65.06,0,1,3.55
Wheat,2016,Rabi,641.1,22.8,67.1,149.5,48.7,217.6,7.56,101.02,0,1,2.61
Cotton,2020,Kharif,883.9,28.8,65.1,131.6,34.2,304.5,6.73,465.03,1,1,2.53
Sugarcane,2015,Summer,1142.8,29.9,83.3,186.6,62.7,300.6,7.2,403.32,0,1,63.34
Rice,2017,Kharif,1324.8,31.2,75.5,185.3,56.2,217.3,6.6,369.9,0,1,4.14
Turmeric,2019,Kharif,877.3,24.4,74.3,170.2,45.0,345.0,6.68,443.63,1,1,8.33
Rice,2019,Kharif,1295.9,30.0,81.4,199.3,41.5,247.1,6.52,95.17,1,1,5.91
Maize,2016,Kharif,681.6,29.5,64.7,179.2,28.6,265.3,7.36,186.72,0,0,3.19
Cotton,2021,Kharif,738.5,31.8,61.9,160.2,45.6,146.7,7.45,143.99,1,1,2.16
Soybean,2022,Kharif,754.7,29.7,68.1,142.3,55.1,183.7,6.83,323.41,0,0,2.35
Maize,2017,Kharif,823.2,26.0,72.2,209.2,62.1,180.7,6.31,492.76,0,1,4.65
Soybean,2017,Kharif,694.8,26.7,65.9,122.8,53.2,151.4,6.68,240.11,1,0,2.85
Soybean,2018,Kharif,832.7,25.2,67.8,142.4,59.0,174.2,7.04,64.52,0,1,3.37
Cotton,2017,Kharif,676.5,27.6,48.3,204.1,48.3,286.7,7.27,299.5,1,1,3.08
Rice,2024,Kharif,1500.0,29.7,89.4,212.5,47.6,245.4,6.68,224.4,1,1,4.67
Maize,2018,Kharif,637.6,24.8,63.9,243.1,42.0,241.5,6.32,495.75,1,1,5.21
Soybean,2020,Kharif,686.5,29.5,62.5,87.0,49.3,147.1,6.49,398.0,0,1,2.14
Rice,2021,Kharif,1130.1,31.4,74.4,225.4,35.2,263.9,6.7,264.57,0,1,4.17
Rice,2022,Kharif,1285.9,33.5,86.3,192.8,43.2,235.3,6.61,368.79,1,1,3.72
Sugarcane,2024,Summer,1063.3,31.1,82.9,235.3,63.4,337.0,7.11,365.11,0,1,85.37
Rice,2015,Kharif,1278.6,29.6,76.9,171.5,27.9,231.3,6.76,237.77,0,1,3.13
Cotton,2016,Kharif,719.1,29.4,64.8,184.1,30.0,170.7,7.2,180.39,0,1,1.65
Rice,2020,Kharif,1306.0,29.7,85.7,143.0,35.2,215.8,6.54,58.14,0,0,3.24
Soybean,2015,Kharif,796.3,27.7,62.4,128.7,44.2,179.7,6.5,88.13,1,1,3.22
Turmeric,2019,Kharif,909.4,29.3,70.4,217.6,44.4,280.1,6.72,294.02,1,1,12.46
Rice,2015,Kharif,1116.1,28.9,78.9,198.7,52.3,288.8,6.33,267.78,1,1,5.55
Rice,2016,Kharif,1230.0,30.3,85.8,129.3,24.2,223.9,6.2,5.52,0,1,2.9
Cotton,2024,Kharif,773.4,29.9,54.5,188.7,43.7,281.3,7.15,304.82,1,1,2.91
Sugarcane,2020,Summer,1171.8,31.6,75.9,253.6,52.8,229.4,7.04,37.76,0,0,60.03
Cotton,2015,Kharif,931.9,26.2,67.4,199.2,42.5,247.2,8.05,101.99,0,0,1.43
Wheat,2023,Rabi,525.2,23.3,45.9,267.8,56.3,234.4,6.99,250.29,0,1,3.86
Soybean,2021,Kharif,682.4,24.9,68.5,132.3,52.2,163.1,7.0,359.96,0,1,2.59
Soybean,2020,Kharif,721.8,24.2,62.8,119.0,71.5,189.2,6.53,298.11,1,0,3.35
Soybean,2016,Kharif,686.8,26.5,73.7,102.0,49.5,172.7,6.63,347.79,1,0,2.59
Rice,2020,Kharif,1341.7,29.7,87.4,173.1,32.9,194.7,6.67,138.12,1,0,3.23
Wheat,2019,Rabi,585.9,22.7,58.3,184.5,55.6,238.0,7.23,336.97,0,1,4.01
Sugarcane,2021,Summer,1094.5,34.5,83.0,228.4,65.7,310.2,6.93,227.54,0,0,57.08
Cotton,2021,Kharif,654.6,29.4,58.3,169.2,27.8,286.4,6.72,254.99,0,1,1.74
Rice,2016,Kharif,1187.4,28.7,88.7,229.8,66.6,310.0,6.17,242.65,1,0,4.07
Rice,2016,Kharif,1058.2,30.2,88.5,189.2,48.6,249.0,6.52,157.09,1,1,4.47
Soybean,2016,Kharif,767.8,30.8,79.8,143.1,35.4,166.2,7.35,97.6,0,1,1.88
Wheat,2020,Rabi,606.4,19.4,68.8,242.9,53.8,204.3,7.13,57.68,0,1,2.81
Cotton,2024,Kharif,760.0,27.2,75.6,147.7,33.8,204.9,7.12,284.63,0,0,1.55
Rice,2019,Kharif,1367.0,31.7,89.2,229.5,46.4,267.5,6.67,465.27,1,1,5.07
Wheat,2015,Rabi,541.8,20.6,56.4,251.2,63.2,207.9,7.17,411.98,1,0,3.93
Soybean,2023,Kharif,651.7,25.9,58.7,115.1,44.8,182.8,6.54,145.77,0,1,2.36
Cotton,2019,Kharif,867.9,28.4,66.8,192.9,42.5,207.4,7.09,153.02,0,0,2.13
Turmeric,2018,Kharif,890.8,25.8,77.4,209.4,59.8,269.8,6.37,251.5,0,1,8.96
Maize,2016,Kharif,692.1,25.5,55.6,211.5,50.7,190.0,6.26,148.84,1,0,3.87
Wheat,2019,Rabi,497.8,22.8,50.2,216.3,35.1,183.4,7.48,366.67,0,1,3.05
Cotton,2024,Kharif,815.4,23.8,57.9,221.9,38.1,222.3,6.72,71.67,0,0,2.09
Wheat,2017,Rabi,423.6,22.4,44.2,237.0,69.8,230.3,7.99,461.9,0,0,2.86
Maize,2023,Kharif,729.8,26.3,61.2,177.1,54.5,169.7,6.97,312.05,1,0,4.7
Soybean,2023,Kharif,796.3,26.1,61.5,130.4,56.7,136.1,6.67,299.81,1,1,3.14
Maize,2020,Kharif,630.2,25.1,70.4,201.0,61.4,192.8,6.83,301.61,0,0,4.49
Soybean,2023,Kharif,838.1,24.0,55.8,115.9,45.2,174.3,6.72,112.33,0,1,2.28
Maize,2016,Kharif,613.2,27.0,72.9,197.5,60.4,205.0,6.62,54.74,0,0,4.54
Rice,2021,Kharif,1314.4,28.6,80.4,208.7,38.0,200.3,7.28,27.24,0,0,3.46
Sugarcane,2019,Summer,952.4,29.4,68.0,253.2,29.7,348.4,7.08,455.99,0,1,49.06
Soybean,2024,Kharif,676.9,32.6,55.6,136.3,53.9,182.6,7.04,419.12,0,0,1.93
Maize,2018,Kharif,755.0,27.6,74.8,218.6,73.2,203.6,6.57,480.91,1,1,5.59
Turmeric,2020,Kharif,946.6,32.4,68.5,167.3,48.6,205.9,6.52,465.3,1,1,8.88
Rice,2018,Kharif,1346.1,30.9,85.7,190.2,43.1,295.1,5.95,463.27,1,1,5.51
Cotton,2022,Kharif,826.2,27.0,68.0,193.5,29.5,164.1,6.62,418.03,1,1,2.09
Sugarcane,2024,Summer,994.3,32.1,80.7,262.6,76.2,231.4,7.25,243.64,1,1,97.3
Cotton,2018,Kharif,795.8,31.2,61.3,182.5,39.8,253.0,7.27,38.31,0,0,1.78
Cotton,2019,Kharif,813.8,28.5,47.5,168.7,31.5,278.8,8.07,28.93,0,1,1.5
Wheat,2024,Rabi,522.7,20.0,56.4,242.9,62.7,229.6,7.19,383.1,1,0,4.01
Wheat,2016,Rabi,545.6,19.7,62.0,174.9,63.0,217.8,7.38,408.14,0,1,3.24
Rice,2016,Kharif,1266.0,28.0,79.9,168.6,46.7,208.7,6.46,84.96,1,1,4.54
Rice,2020,Kharif,1266.1,30.4,81.9,147.4,59.4,295.4,5.8,78.21,1,0,4.65
Cotton,2016,Kharif,722.2,31.6,60.2,168.0,35.2,205.2,7.09,8.64,1,1,2.14
Rice,2023,Kharif,1250.3,29.7,73.6,202.7,37.6,243.7,6.48,25.16,0,1,4.31
Sugarcane,2019,Summer,1087.9,29.3,73.4,218.2,66.9,283.8,7.32,327.14,1,1,58.1
Cotton,2018,Kharif,579.4,28.0,66.6,174.4,33.5,226.5,8.2,159.22,0,1,1.28
Maize,2022,Kharif,634.2,26.2,71.0,172.2,40.5,272.4,7.12,250.46,1,0,4.14
Wheat,2021,Rabi,536.2,23.2,55.2,177.4,42.0,180.1,7.02,92.53,1,0,2.99
Cotton,2023,Kharif,930.3,28.2,62.8,190.6,42.5,293.4,6.74,401.86,0,1,2.97
Rice,2015,Kharif,1258.2,29.5,78.2,200.1,44.4,298.2,6.32,282.05,0,1,4.17
Cotton,2015,Kharif,810.7,24.6,45.7,220.8,44.2,222.1,7.16,65.23,0,0,1.98
Cotton,2016,Kharif,846.3,30.4,80.3,178.6,29.3,215.6,6.78,254.8,1,1,1.49
Cotton,2019,Kharif,921.5,28.8,72.5,144.4,46.3,222.3,6.56,3.09,0,1,1.77
Wheat,2015,Rabi,514.5,23.3,61.0,211.6,62.8,237.2,7.32,242.66,0,0,3.11
Wheat,2015,Rabi,567.9,18.0,49.5,257.0,33.9,213.0,6.99,212.93,0,0,2.46
Maize,2015,Kharif,662.8,29.2,64.4,161.6,54.4,250.9,6.83,343.79,1,1,5.66
Maize,2018,Kharif,719.3,27.7,69.4,216.3,66.7,252.4,6.83,77.26,0,0,5.73
Cotton,2015,Kharif,863.4,28.2,70.1,119.7,56.3,193.9,6.96,447.49,1,1,2.27
Rice,2015,Kharif,1060.6,30.7,82.6,170.4,45.9,261.6,5.92,229.41,1,1,3.5
Wheat,2022,Rabi,589.2,18.5,58.6,198.1,71.2,114.3,7.1,349.95,1,1,3.02
Maize,2022,Kharif,650.2,24.9,68.0,171.3,58.9,100.0,6.56,200.8,0,1,3.58
Soybean,2017,Kharif,836.0,27.9,66.4,80.0,39.4,218.9,7.2,374.79,1,0,2.46
Wheat,2020,Rabi,581.8,23.4,39.1,163.7,57.1,226.4,6.34,17.37,0,1,2.6
Sugarcane,2019,Summer,1187.5,32.7,76.4,277.9,73.5,322.2,6.91,207.87,1,1,104.95
Cotton,2021,Kharif,860.9,27.8,59.5,202.7,20.9,194.0,7.43,102.8,1,1,2.38
Soybean,2016,Kharif,915.7,26.9,67.6,132.1,41.0,248.3,7.03,239.77,1,1,3.19
Sugarcane,2021,Summer,1033.8,31.7,81.8,217.3,45.7,369.8,7.1,205.98,1,1,94.2
Cotton,2017,Kharif,685.4,26.7,63.4,117.3,50.4,197.6,6.5,474.3,1,0,1.57
Soybean,2017,Kharif,859.5,24.5,66.0,105.9,49.4,107.0,6.96,141.61,0,1,1.92
Rice,2022,Kharif,1444.4,30.1,86.0,199.9,66.1,244.7,6.8,45.89,0,0,4.52
Wheat,2023,Rabi,583.4,23.0,72.0,216.7,70.5,195.2,7.22,36.65,1,0,3.82
Sugarcane,2023,Summer,1048.8,32.8,73.1,294.0,74.8,388.1,6.82,121.74,0,1,106.51
Cotton,2015,Kharif,775.4,24.9,45.1,187.4,41.0,182.6,7.14,417.24,1,0,1.91
Rice,2023,Kharif,1245.3,33.5,78.4,228.1,56.0,191.6,7.31,135.74,0,0,3.43
Soybean,2018,Kharif,743.4,28.2,51.8,120.2,56.6,212.9,6.67,204.72,0,0,2.37
Soybean,2018,Kharif,606.2,26.1,58.0,127.5,44.9,157.1,7.34,488.36,0,0,2.02
Cotton,2021,Kharif,882.3,29.2,61.1,142.6,43.8,224.1,6.4,187.71,1,0,1.84
Rice,2019,Kharif,1203.0,29.4,81.3,154.7,34.2,257.8,6.08,404.58,0,0,2.93
Rice,2023,Kharif,1127.7,31.2,81.2,203.8,42.2,249.4,6.81,468.91,1,0,3.93
Soybean,2024,Kharif,646.8,28.3,65.2,80.0,49.0,212.2,6.64,152.23,0,0,2.55
Rice,2022,Kharif,1207.2,30.0,74.1,205.9,39.8,245.7,7.18,51.79,0,1,4.65
Rice,2019,Kharif,1237.6,31.8,78.8,216.4,42.7,201.2,7.17,249.65,1,1,4.76
Soybean,2015,Kharif,733.9,28.4,65.7,149.7,60.5,144.1,7.26,266.66,0,1,3.11
Rice,2017,Kharif,1323.9,28.0,79.7,193.1,53.0,249.3,6.46,469.05,1,1,5.41
Rice,2016,Kharif,1236.7,32.2,82.6,291.9,44.1,215.8,6.33,230.79,0,1,4.32
Maize,2019,Kharif,706.8,27.2,63.6,229.6,31.0,189.9,7.46,67.51,0,1,4.41
Maize,2019,Kharif,659.3,27.2,53.8,226.5,70.2,194.3,6.92,164.73,1,1,6.41
Wheat,2018,Rabi,606.4,18.4,58.3,203.2,47.7,199.7,7.15,34.3,0,1,2.95
Soybean,2016,Kharif,774.7,30.8,52.2,114.5,61.1,215.7,6.98,218.58,1,0,2.43
Cotton,2016,Kharif,837.5,28.5,69.3,199.8,54.0,245.6,6.76,363.16,1,1,2.91
Wheat,2016,Rabi,604.8,19.9,63.9,280.6,66.0,205.8,6.71,108.32,1,1,3.88
Wheat,2021,Rabi,664.7,19.3,53.5,233.6,56.8,194.6,6.66,472.11,1,1,3.55
Rice,2024,Kharif,1178.6,30.9,84.9,155.0,48.8,214.8,5.8,460.54,0,1,3.52
Cotton,2016,Kharif,880.4,29.8,69.2,165.2,40.1,148.4,6.97,421.84,1,1,2.16
Wheat,2024,Rabi,493.5,19.6,37.6,245.8,69.9,206.7,7.05,472.62,1,1,4.33
Rice,2018,Kharif,1234.5,27.2,81.5,185.6,53.1,235.7,7.14,46.89,0,1,4.47
Rice,2019,Kharif,1232.2,27.4,84.3,212.0,36.4,294.8,6.66,464.1,0,1,4.68
Cotton,2017,Kharif,880.8,26.4,63.9,168.5,37.7,267.3,7.89,459.66,0,0,1.75
Rice,2020,Kharif,1466.3,29.9,77.2,220.5,25.8,239.3,6.85,43.95,1,0,3.75
Soybean,2016,Kharif,821.0,29.5,78.4,138.8,41.9,188.2,6.88,53.67,1,1,2.85
Soybean,2021,Kharif,801.0,26.7,57.1,147.1,43.8,170.1,6.92,255.06,0,1,3.21
Soybean,2020,Kharif,674.9,25.0,54.9,101.3,37.2,171.2,6.49,305.81,1,0,1.63
Cotton,2016,Kharif,815.4,28.7,64.5,232.0,45.1,249.7,6.62,430.47,0,0,2.1
Soybean,2020,Kharif,684.4,25.6,59.9,143.8,60.1,208.0,6.73,334.23,1,1,3.45
Cotton,2021,Kharif,717.7,31.5,53.3,175.6,23.2,200.5,6.16,430.08,0,0,0.94
Wheat,2023,Rabi,564.2,21.3,47.3,220.6,39.6,163.2,7.08,109.39,1,0,2.92
Soybean,2021,Kharif,678.8,26.6,77.7,135.0,27.2,189.3,7.78,254.46,1,1,2.15
Wheat,2015,Rabi,580.1,26.0,66.9,201.1,55.2,247.0,6.74,491.31,1,1,2.71
Wheat,2017,Rabi,506.5,21.6,58.1,231.7,59.2,213.3,7.44,426.83,1,1,4.97
Cotton,2024,Kharif,895.0,25.0,60.9,159.6,40.6,129.0,6.06,81.13,0,1,1.41
Cotton,2018,Kharif,745.0,27.9,63.6,177.6,29.0,197.8,6.55,482.09,1,1,2.07
Soybean,2018,Kharif,770.6,27.4,61.3,128.7,58.7,149.3,7.13,462.58,0,1,3.23
Soybean,2022,Kharif,773.8,26.0,77.9,147.4,59.0,202.9,6.33,461.75,0,0,2.75
Wheat,2019,Rabi,539.0,23.1,50.3,100.0,62.3,142.7,6.83,269.7,0,1,2.25
Cotton,2024,Kharif,850.4,31.4,48.8,132.7,42.7,160.5,7.32,224.94,1,1,1.97
Cotton,2015,Kharif,826.8,24.7,59.0,195.1,39.6,230.6,7.32,172.2,0,1,2.2
Cotton,2021,Kharif,736.2,28.7,70.1,132.6,32.1,200.4,7.24,228.2,0,1,1.8
Sugarcane,2021,Summer,1013.6,34.7,77.0,226.1,74.2,282.1,7.08,347.3,0,1,72.74
Cotton,2020,Kharif,754.4,27.9,49.2,126.7,50.8,240.1,6.86,255.5,0,1,2.03
Rice,2015,Kharif,1428.2,31.5,81.1,198.0,61.1,252.7,6.04,251.43,0,1,4.11
Cotton,2017,Kharif,822.4,21.8,60.6,193.1,32.3,155.7,6.61,172.9,1,1,1.84
Soybean,2020,Kharif,658.7,27.3,67.3,161.7,60.0,170.6,6.81,498.86,0,0,3.12
Rice,2017,Kharif,1333.9,28.1,84.6,178.1,41.1,272.3,7.06,226.73,0,1,3.47
Soybean,2024,Kharif,748.2,24.2,61.2,97.6,52.2,131.3,7.43,113.87,1,1,2.79
Soybean,2018,Kharif,853.2,29.8,63.4,112.5,44.5,224.8,6.85,308.07,0,1,2.44
Cotton,2022,Kharif,678.0,30.0,57.3,140.7,46.9,233.6,6.71,334.51,0,1,2.09
Sugarcane,2017,Summer,1215.1,27.0,75.2,249.0,69.8,290.8,7.43,314.79,1,0,72.63
Rice,2017,Kharif,1386.2,30.8,81.2,186.5,33.2,178.4,7.11,194.17,1,0,2.95
Cotton,2021,Kharif,871.2,25.4,66.3,84.9,27.7,184.7,7.9,477.73,1,1,1.27
Soybean,2018,Kharif,736.2,27.3,55.5,148.2,33.6,155.0,6.69,49.73,0,1,2.31
Cotton,2019,Kharif,812.0,27.9,59.7,158.0,48.6,295.3,6.76,81.65,1,0,2.93
Turmeric,2018,Kharif,842.0,25.7,82.0,166.5,44.7,241.2,6.56,79.46,0,1,6.78
Rice,2017,Kharif,1201.6,28.9,83.3,227.4,35.1,180.8,6.2,63.13,1,1,4.36
Cotton,2016,Kharif,834.6,25.3,62.8,149.2,45.8,236.5,7.39,293.34,1,1,2.38
Wheat,2017,Rabi,592.4,19.6,45.8,265.3,64.7,217.8,7.29,137.79,0,1,3.77
Wheat,2017,Rabi,476.1,23.5,62.1,292.1,64.8,234.6,7.09,58.57,0,1,4.22
Cotton,2019,Kharif,729.8,25.4,61.9,209.0,29.3,217.3,6.94,351.17,1,1,2.4
Rice,2023,Kharif,1095.4,26.0,80.1,200.1,49.9,226.5,6.7,145.92,1,1,4.0
Rice,2021,Kharif,1195.7,31.1,90.0,175.4,43.8,209.4,6.35,89.89,1,1,4.49
Sugarcane,2017,Summer,1182.0,32.4,82.9,207.5,63.6,304.0,7.4,493.75,0,1,61.39
Soybean,2020,Kharif,782.3,25.3,68.5,157.7,38.4,134.5,6.18,262.27,1,1,2.2
Soybean,2022,Kharif,806.3,28.5,71.4,88.0,60.1,190.7,6.37,317.44,1,0,2.67
Soybean,2015,Kharif,874.1,28.4,69.2,119.5,57.9,179.7,6.52,366.99,1,1,3.26
Wheat,2019,Rabi,541.9,21.2,51.2,265.6,45.0,160.0,8.12,115.96,1,0,3.33
Rice,2024,Kharif,1207.5,26.6,76.8,169.7,50.0,267.0,6.93,111.31,0,0,3.13
Soybean,2021,Kharif,649.3,26.2,65.4,102.3,61.7,190.0,7.45,28.54,0,0,2.02
Wheat,2020,Rabi,486.2,21.6,54.7,231.3,54.4,205.4,6.59,478.6,0,1,3.73
Cotton,2019,Kharif,743.5,27.4,49.9,223.8,36.9,197.5,7.18,491.2,1,1,2.76
Rice,2022,Kharif,1428.3,30.0,75.2,187.4,52.6,152.6,6.69,277.99,0,1,3.75
Sugarcane,2016,Summer,1244.6,33.2,89.6,263.5,41.4,269.3,7.08,22.78,0,1,49.79
Maize,2024,Kharif,741.5,28.6,63.9,189.2,53.7,296.2,6.34,443.92,1,0,5.2
Cotton,2023,Kharif,814.2,26.8,59.0,119.3,38.7,219.3,7.96,50.15,1,1,2.08
Wheat,2021,Rabi,568.4,18.0,52.3,208.0,54.8,192.6,7.89,79.05,0,1,2.88
Cotton,2015,Kharif,792.4,27.5,60.4,162.4,43.3,175.5,7.04,483.58,0,0,2.01
Soybean,2016,Kharif,769.2,28.4,60.0,118.2,44.1,191.0,6.69,342.28,0,1,2.88
Turmeric,2015,Kharif,918.7,30.4,82.3,153.2,51.5,258.4,6.44,196.98,0,0,7.51
Cotton,2020,Kharif,645.5,26.4,57.5,167.4,31.4,242.5,6.88,379.07,0,0,1.79
Cotton,2019,Kharif,895.8,27.7,66.7,219.5,55.2,261.3,6.3,394.39,1,0,2.95
Cotton,2019,Kharif,854.3,31.3,57.2,171.5,47.8,148.3,7.09,383.5,1,1,2.25
Wheat,2015,Rabi,544.3,21.6,52.7,169.5,50.1,133.2,7.29,359.98,1,1,3.2
Maize,2016,Kharif,503.1,28.1,68.6,214.2,38.2,226.5,6.69,470.84,1,1,5.26
Cotton,2015,Kharif,823.7,28.3,55.5,147.6,45.0,225.3,7.34,429.34,1,1,2.32
Maize,2017,Kharif,854.2,26.3,62.9,232.5,51.3,158.0,6.63,2.19,0,1,5.06
Cotton,2016,Kharif,824.0,31.8,64.6,144.5,45.0,176.3,6.66,246.81,1,1,1.97
Wheat,2015,Rabi,453.0,20.4,61.0,152.2,66.6,217.7,6.91,363.08,1,0,3.11
Cotton,2019,Kharif,802.3,28.6,68.5,145.3,48.0,202.3,7.85,301.86,1,1,2.27
Maize,2016,Kharif,767.4,25.2,68.2,172.7,50.9,195.0,6.78,384.35,1,1,5.48
Wheat,2018,Rabi,488.5,22.1,54.5,225.3,54.6,228.4,7.07,388.98,0,1,3.91
Wheat,2016,Rabi,635.8,24.1,56.9,203.5,66.7,228.8,6.64,163.49,1,0,3.21
Cotton,2016,Kharif,840.2,27.2,59.4,180.4,48.2,296.9,6.87,482.43,0,1,2.99
Wheat,2016,Rabi,580.1,19.1,60.6,205.8,57.3,172.7,7.08,360.66,1,1,3.83
Cotton,2021,Kharif,904.0,28.7,73.5,177.6,47.8,186.5,7.25,11.06,0,1,2.06
Cotton,2018,Kharif,806.3,28.9,57.8,153.7,37.7,262.4,6.81,475.62,1,0,2.09
Wheat,2015,Rabi,552.5,23.0,54.8,258.7,60.3,243.2,7.43,448.88,1,1,5.17
Cotton,2020,Kharif,827.1,29.1,47.3,193.1,44.5,221.9,7.18,398.27,0,1,2.24
Cotton,2021,Kharif,859.9,29.7,62.3,146.6,33.1,231.9,6.26,164.37,0,1,1.71
Cotton,2022,Kharif,771.2,30.1,53.4,168.6,32.8,218.6,6.38,122.32,1,1,2.0
Cotton,2015,Kharif,841.4,30.9,64.3,207.7,51.4,243.5,7.4,83.87,0,1,2.35
Cotton,2019,Kharif,851.3,28.6,52.0,198.3,39.2,144.9,6.82,111.76,0,0,1.87
Soybean,2020,Kharif,747.6,27.0,55.5,125.1,56.2,135.5,7.38,244.12,0,1,2.86
Cotton,2021,Kharif,820.4,31.3,67.6,186.6,46.5,220.5,7.51,358.41,0,1,1.94
Rice,2021,Kharif,1140.1,30.5,72.2,182.1,40.7,258.9,6.82,214.44,1,1,4.22
Cotton,2018,Kharif,781.0,27.7,61.1,234.1,30.7,268.1,7.39,250.62,1,1,3.27
Soybean,2019,Kharif,804.1,32.4,77.8,124.0,44.0,145.8,7.2,403.04,0,1,1.88
Turmeric,2023,Kharif,871.0,29.3,81.2,151.5,60.9,206.8,6.04,133.35,1,1,8.02
Rice,2021,Kharif,1310.2,28.4,87.1,219.5,44.3,285.4,6.38,311.17,0,1,4.72
Cotton,2016,Kharif,917.5,27.7,69.8,184.5,45.1,257.6,6.62,347.89,1,1,2.49
Maize,2018,Kharif,643.5,25.6,62.9,197.5,54.6,148.7,6.32,292.14,0,1,3.9
Wheat,2017,Rabi,616.5,23.9,58.8,203.0,57.2,203.0,7.22,320.31,0,0,3.1
Cotton,2018,Kharif,794.5,31.9,63.4,175.8,42.2,172.6,7.0,35.02,0,1,1.55
Cotton,2015,Kharif,801.0,25.1,69.8,186.1,39.8,211.6,7.0,387.65,1,1,2.79
Soybean,2021,Kharif,763.1,24.7,61.8,120.2,36.3,224.0,6.38,260.18,0,0,2.46
Wheat,2015,Rabi,558.5,19.5,61.1,241.9,61.5,219.6,7.16,465.01,1,1,4.31
Soybean,2018,Kharif,790.6,27.4,65.9,82.0,58.7,140.5,7.06,319.26,0,0,2.36
Cotton,2015,Kharif,758.1,28.7,56.4,196.8,41.2,191.2,7.14,177.68,1,1,2.79
Turmeric,2019,Kharif,1039.4,31.1,79.7,156.3,58.6,259.6,6.41,242.12,0,0,6.76
Wheat,2015,Rabi,607.4,22.0,57.1,260.5,60.1,157.9,7.2,295.1,0,1,4.1
Soybean,2015,Kharif,712.8,27.0,61.4,153.2,36.8,190.9,6.87,442.44,1,0,2.91
Sugarcane,2020,Summer,1074.0,28.7,87.3,261.9,53.3,286.3,6.78,224.36,0,1,68.56
Rice,2024,Kharif,1058.7,30.5,80.9,203.0,53.2,174.3,6.31,354.19,1,1,4.82
Soybean,2021,Kharif,774.9,28.7,61.7,86.3,36.0,158.9,6.75,462.31,1,1,2.76
Sugarcane,2019,Summer,1177.0,34.9,83.7,300.0,60.3,268.4,6.71,281.97,1,1,89.05
Turmeric,2015,Kharif,893.4,28.8,85.2,193.3,48.4,260.7,6.6,169.05,0,1,8.29
Cotton,2020,Kharif,846.4,28.2,55.6,183.2,48.4,215.9,7.1,41.23,0,1,2.69
Rice,2015,Kharif,1155.1,34.0,81.6,266.3,26.4,245.8,5.85,72.14,0,0,2.51
Soybean,2016,Kharif,786.1,27.4,71.6,80.0,65.0,151.2,6.21,293.41,0,1,2.21
Cotton,2022,Kharif,860.2,28.9,64.5,171.7,22.3,250.5,7.23,327.7,0,0,1.54
Wheat,2022,Rabi,556.5,20.4,54.6,209.0,48.6,241.0,6.95,83.31,1,0,3.65
Soybean,2024,Kharif,687.5,22.9,62.8,117.5,47.2,159.9,6.86,386.52,0,1,2.46
Rice,2021,Kharif,1276.2,32.2,87.1,267.7,50.6,267.8,7.16,481.53,0,0,4.05
Soybean,2023,Kharif,742.0,29.6,60.6,177.2,49.7,197.5,7.31,445.43,1,1,3.54
Soybean,2019,Kharif,858.3,27.7,57.6,160.0,41.2,177.1,6.97,472.28,0,1,2.55
Wheat,2016,Rabi,629.1,18.6,41.2,206.9,72.8,200.9,6.89,195.94,0,0,2.42
Turmeric,2016,Kharif,939.3,23.8,80.4,190.8,50.4,246.8,6.87,339.2,1,0,6.32
Maize,2016,Kharif,707.6,23.6,75.6,151.6,48.2,240.8,7.41,447.95,1,1,3.86
Soybean,2015,Kharif,673.7,27.5,74.1,146.3,46.9,201.8,6.15,311.43,0,1,2.73
Soybean,2015,Kharif,691.7,28.5,81.4,80.0,66.9,207.3,6.49,279.11,1,0,2.34
Sugarcane,2017,Summer,1142.6,27.4,87.0,256.8,75.7,334.2,6.85,164.04,1,0,68.83
Cotton,2020,Kharif,873.4,26.2,71.8,144.2,50.4,208.5,5.89,436.17,0,0,1.53
Cotton,2016,Kharif,824.4,28.4,58.7,216.6,41.2,226.8,6.98,360.09,1,1,3.19
Cotton,2023,Kharif,660.4,32.2,68.6,206.9,47.1,185.8,6.73,361.55,1,1,2.19
Cotton,2023,Kharif,824.0,27.2,76.8,194.1,27.0,202.5,6.82,288.11,0,0,1.63
Cotton,2022,Kharif,889.6,26.5,64.5,195.8,44.9,161.4,7.84,187.65,0,1,1.97
Sugarcane,2024,Summer,1202.5,32.4,78.7,267.3,41.1,294.2,7.12,374.55,0,1,74.31
Sugarcane,2018,Summer,1016.5,33.0,75.7,300.0,73.7,275.8,6.59,458.52,1,1,97.51
Soybean,2021,Kharif,651.0,27.7,65.1,130.6,36.2,202.7,7.21,157.54,1,1,3.22
Rice,2021,Kharif,1360.9,32.1,85.4,217.7,54.8,237.9,6.61,56.72,0,1,4.87
Wheat,2019,Rabi,524.4,21.7,44.3,231.1,69.4,213.0,7.28,473.03,1,1,4.59
Maize,2023,Kharif,750.4,25.2,76.8,188.9,60.3,160.5,7.02,40.36,1,0,4.38
Turmeric,2021,Kharif,1010.0,28.6,72.6,149.6,58.0,315.1,6.69,427.44,1,1,11.42
Wheat,2019,Rabi,459.0,25.5,52.3,168.7,42.8,193.6,7.55,423.75,0,1,2.38
Sugarcane,2021,Summer,1105.5,31.8,75.0,254.9,53.9,309.2,6.69,159.3,0,1,87.4
Wheat,2022,Rabi,444.6,23.5,54.6,167.7,69.7,151.5,7.07,393.48,1,1,3.6
Soybean,2019,Kharif,718.6,25.9,64.6,143.8,38.9,205.2,6.79,334.27,0,1,3.73
Cotton,2020,Kharif,1007.6,30.5,85.0,149.0,38.5,245.8,7.7,357.23,1,1,1.49
Maize,2020,Kharif,666.2,22.6,62.5,201.6,60.7,173.5,6.08,147.06,1,0,4.54
Sugarcane,2021,Summer,951.4,36.4,75.5,270.6,63.3,330.4,6.72,46.92,1,0,67.65
Maize,2024,Kharif,701.1,27.4,70.9,191.7,54.7,208.6,6.85,450.38,1,1,6.26
Maize,2024,Kharif,707.8,29.6,60.3,245.3,58.6,205.7,6.78,460.14,1,1,6.32
Wheat,2019,Rabi,561.2,18.8,51.8,259.2,33.9,275.2,6.45,499.02,1,1,3.74
Rice,2018,Kharif,1194.2,30.9,80.7,164.7,40.8,245.2,6.09,119.44,0,0,3.33
Soybean,2017,Kharif,734.6,29.0,66.5,121.1,61.1,240.0,6.65,208.3,1,1,4.31
Rice,2016,Kharif,1387.4,31.4,81.8,197.2,39.7,215.9,6.14,305.04,1,1,4.99
Cotton,2019,Kharif,735.8,29.1,50.6,132.8,34.2,252.3,6.62,387.92,1,1,1.87
Rice,2023,Kharif,1263.6,27.2,83.0,231.6,40.9,259.8,7.29,461.88,0,0,3.01
Maize,2024,Kharif,644.5,28.9,56.8,205.7,51.5,196.0,7.06,206.63,0,0,4.05
Cotton,2023,Kharif,755.9,28.7,53.9,203.8,49.2,242.1,7.21,486.86,0,1,2.62
Rice,2016,Kharif,1265.1,31.6,79.7,163.0,41.8,215.7,6.28,354.73,1,1,4.78
Rice,2024,Kharif,1183.5,30.0,79.5,133.1,47.6,164.8,6.33,342.82,0,1,3.48
Wheat,2018,Rabi,495.5,25.0,49.1,126.7,49.1,207.8,7.27,190.36,1,1,2.81
Cotton,2018,Kharif,798.1,30.7,60.8,192.7,34.6,196.8,7.3,198.22,1,0,2.07
Rice,2023,Kharif,1418.1,30.0,81.0,190.6,38.0,223.7,6.6,187.81,0,1,3.86
Cotton,2015,Kharif,885.8,26.5,69.9,172.3,36.2,216.5,7.59,202.06,1,1,2.05
Soybean,2021,Kharif,821.4,30.8,69.7,134.5,72.3,151.8,7.26,70.95,0,1,2.12
Soybean,2019,Kharif,719.3,27.1,72.1,150.1,42.4,192.3,7.2,327.71,1,0,3.3
Soybean,2022,Kharif,726.3,21.3,78.4,89.8,44.4,166.1,6.99,431.25,1,0,1.85
Rice,2015,Kharif,1282.7,28.3,90.0,257.0,47.6,278.2,6.44,307.79,0,0,3.43
Maize,2022,Kharif,682.6,25.7,54.7,208.0,52.4,227.3,6.49,141.53,0,1,4.55
Wheat,2016,Rabi,587.4,19.5,53.0,211.2,52.5,138.1,7.02,329.87,0,1,3.2
Wheat,2024,Rabi,689.9,23.3,54.5,162.6,51.4,151.0,6.61,345.91,0,1,2.54
Rice,2020,Kharif,1264.9,33.4,75.0,250.4,53.5,209.6,6.66,71.06,0,1,3.91
Soybean,2018,Kharif,793.2,25.4,70.6,131.8,53.5,216.7,7.34,372.0,0,1,2.62
Soybean,2017,Kharif,822.5,27.9,55.1,101.9,54.4,148.6,7.46,392.69,1,0,2.2
Rice,2021,Kharif,1133.9,33.3,72.4,164.2,45.0,311.9,5.99,4.34,0,1,3.49
Cotton,2019,Kharif,721.8,31.0,60.9,163.3,43.0,203.3,6.83,264.11,0,1,2.19
Wheat,2018,Rabi,633.0,18.0,60.0,253.1,49.8,106.1,7.02,250.44,0,1,2.51
Soybean,2016,Kharif,652.1,25.4,65.3,111.7,54.2,191.2,6.44,83.67,0,1,2.93
Wheat,2016,Rabi,610.2,20.3,46.6,251.8,50.2,205.3,7.34,271.39,0,1,3.1
Soybean,2017,Kharif,791.3,28.0,70.3,151.6,43.6,160.0,6.21,237.27,0,0,2.31
Maize,2017,Kharif,820.1,29.8,69.4,187.0,56.8,183.6,7.07,85.7,1,1,4.75
Wheat,2022,Rabi,556.2,24.2,56.3,220.7,56.0,200.2,7.33,181.19,0,1,3.54
Soybean,2017,Kharif,791.8,26.4,60.4,125.5,47.2,184.4,5.88,437.54,1,1,3.11
Cotton,2016,Kharif,924.8,28.8,50.4,150.2,58.6,144.3,7.24,330.9,0,1,1.53
Soybean,2023,Kharif,708.5,27.2,73.3,124.3,74.8,240.8,6.81,350.15,1,0,3.88
Cotton,2021,Kharif,816.6,29.5,64.8,205.4,30.8,198.5,7.58,373.07,1,0,1.9
Soybean,2017,Kharif,636.8,29.5,70.4,125.8,47.4,179.6,7.14,380.3,0,1,2.34
Soybean,2018,Kharif,587.4,28.7,62.8,136.6,63.8,158.6,6.44,373.53,1,0,2.57
Cotton,2020,Kharif,858.3,28.3,60.0,154.4,44.0,214.2,7.05,134.19,1,1,2.94
Sugarcane,2017,Summer,1108.9,32.2,74.1,300.0,63.0,360.5,6.79,165.43,1,0,92.52
Rice,2021,Kharif,1288.9,31.6,77.2,264.3,37.6,276.5,6.55,127.04,0,1,4.75
Soybean,2018,Kharif,712.1,28.3,59.9,98.1,57.0,240.2,7.2,241.64,1,1,3.54
Rice,2017,Kharif,1270.1,32.1,90.0,188.7,48.4,189.5,6.38,91.82,0,1,3.53
Cotton,2015,Kharif,862.4,27.9,60.4,164.5,39.6,170.6,7.2,458.16,0,1,2.16
Soybean,2015,Kharif,892.9,25.2,66.1,85.9,37.3,146.8,6.38,481.9,1,0,2.04
Sugarcane,2018,Summer,1016.2,35.9,80.5,208.3,43.4,374.3,6.93,149.86,0,1,64.83
Soybean,2023,Kharif,615.4,29.4,76.1,120.6,50.3,177.3,6.85,275.74,1,1,2.45
Soybean,2023,Kharif,815.0,24.6,57.4,113.7,46.3,192.4,6.29,61.34,1,0,2.47
Rice,2017,Kharif,1315.8,28.3,79.7,154.6,38.4,259.6,6.7,354.95,0,1,3.19
Rice,2022,Kharif,1126.2,31.0,88.2,171.8,44.3,378.8,6.64,379.97,0,1,4.22
Maize,2021,Kharif,876.9,30.8,78.1,182.8,34.2,221.5,6.52,304.57,0,1,3.11
Cotton,2020,Kharif,847.4,30.6,44.2,193.1,40.3,221.5,6.85,49.75,0,1,1.73
Soybean,2020,Kharif,605.6,30.6,73.5,81.7,40.5,128.2,6.36,356.5,1,1,1.87
Wheat,2016,Rabi,586.4,20.5,53.6,186.1,57.7,202.5,7.53,309.8,1,1,4.04
Wheat,2017,Rabi,463.1,22.9,55.0,191.7,65.0,208.2,7.25,54.98,0,1,3.66
Maize,2021,Kharif,738.5,29.1,68.9,203.3,46.7,202.2,6.48,241.66,1,0,4.54
Rice,2015,Kharif,1164.4,32.4,76.5,130.4,62.6,243.6,6.1,396.5,0,0,2.76
Cotton,2020,Kharif,801.5,28.7,53.1,177.6,48.0,236.1,7.14,440.6,0,1,2.36
Rice,2021,Kharif,1443.4,31.0,83.7,161.8,46.1,254.3,6.06,413.83,0,0,3.35
Rice,2018,Kharif,1363.0,30.9,88.2,235.3,57.7,198.0,6.09,14.95,0,1,4.1
Soybean,2018,Kharif,800.5,30.7,63.4,105.9,51.1,221.8,6.97,445.49,1,1,3.12
Soybean,2017,Kharif,816.5,27.5,60.5,104.0,47.7,173.1,7.07,442.54,0,0,2.41
Soybean,2017,Kharif,798.3,28.6,62.4,109.0,40.3,239.5,7.01,216.32,0,1,2.6
Maize,2020,Kharif,702.5,26.0,55.9,139.9,47.8,264.7,6.19,396.35,1,1,4.98
Soybean,2020,Kharif,781.4,29.7,58.3,155.6,53.1,224.5,6.79,391.63,1,0,4.02
Cotton,2023,Kharif,780.2,22.0,70.2,131.5,48.9,270.1,6.44,66.42,1,1,1.73
Wheat,2023,Rabi,644.2,21.4,57.9,191.2,47.1,178.4,7.3,470.75,1,1,3.72
Rice,2021,Kharif,1275.6,31.0,74.1,195.1,39.8,224.8,6.64,247.83,0,1,3.5
Soybean,2021,Kharif,698.1,26.7,64.8,101.9,46.5,207.6,7.42,326.76,0,1,2.48
Wheat,2024,Rabi,468.8,26.1,55.3,255.2,53.3,200.3,7.34,237.87,1,1,3.79
Rice,2020,Kharif,1223.9,27.6,90.0,300.0,50.2,327.8,6.22,158.52,0,0,4.0
Soybean,2018,Kharif,805.8,28.7,78.3,162.7,50.6,229.0,7.09,89.29,0,1,3.38
Cotton,2020,Kharif,764.3,29.1,66.1,239.5,43.9,230.2,6.7,13.66,0,1,2.43
Turmeric,2021,Kharif,946.8,26.0,86.9,192.6,32.5,176.6,5.96,230.73,0,1,6.09
Soybean,2022,Kharif,786.7,25.3,61.4,132.8,66.4,254.1,6.65,46.42,0,0,3.41
Maize,2023,Kharif,725.1,24.8,67.4,271.5,40.0,129.1,6.3,122.79,1,1,5.12
Cotton,2019,Kharif,858.6,30.1,60.3,220.8,31.9,259.2,6.79,11.9,0,1,2.18
Rice,2022,Kharif,1333.4,35.1,75.7,288.7,51.2,269.8,6.45,104.25,0,1,4.25
Cotton,2017,Kharif,757.4,31.0,56.8,150.5,43.3,221.3,6.46,361.51,1,0,1.81
Wheat,2020,Rabi,489.5,21.0,41.5,141.8,51.0,127.6,7.14,276.62,0,0,2.13
Wheat,2023,Rabi,499.5,18.5,56.5,157.4,64.0,169.7,7.33,493.95,1,1,3.15
Wheat,2016,Rabi,606.1,22.1,51.6,186.9,60.0,229.4,7.72,184.49,1,1,4.35
Cotton,2020,Kharif,808.9,29.9,52.7,155.0,34.7,205.5,7.23,225.85,1,1,1.87
Wheat,2023,Rabi,489.7,22.7,55.3,262.2,60.8,173.1,7.1,5.64,1,0,4.52
Sugarcane,2023,Summer,1040.8,35.1,78.0,211.4,62.3,375.5,6.75,227.94,0,1,72.78
Maize,2023,Kharif,807.8,26.7,70.2,162.5,31.8,221.4,7.23,298.16,1,1,3.77
Cotton,2019,Kharif,896.7,27.4,63.1,185.1,43.1,228.2,6.41,294.57,0,1,2.21
Rice,2021,Kharif,1162.5,24.9,84.6,217.0,52.2,231.2,6.69,245.87,1,1,4.15
Maize,2022,Kharif,764.2,25.3,62.2,236.0,47.6,185.7,7.27,147.61,0,0,3.89
Turmeric,2021,Kharif,894.9,31.3,76.7,147.6,41.9,211.2,6.11,359.36,0,1,5.49
Rice,2019,Kharif,1182.1,30.0,90.0,228.2,51.3,245.2,6.97,135.66,0,1,5.0
Rice,2017,Kharif,1001.1,30.9,82.7,193.9,51.2,213.9,5.84,138.93,0,1,3.31
Sugarcane,2015,Summer,1182.7,31.3,71.9,226.2,57.2,291.8,6.79,124.97,0,1,60.74
Wheat,2023,Rabi,553.2,23.4,59.4,185.0,47.2,183.0,8.08,229.77,0,1,2.39
Cotton,2022,Kharif,750.2,28.4,54.2,183.2,27.4,209.7,6.83,402.79,1,0,1.92
Wheat,2019,Rabi,599.6,22.9,61.5,250.4,46.4,219.8,7.45,252.03,1,1,4.32
Wheat,2019,Rabi,579.3,24.7,47.1,248.6,40.4,166.1,7.24,336.71,1,0,2.59
Rice,2020,Kharif,1156.0,28.1,85.7,212.7,42.7,272.4,6.8,63.19,1,1,4.85
Rice,2020,Kharif,1294.3,26.2,73.5,206.0,57.4,209.5,7.17,175.35,1,1,3.95
Rice,2020,Kharif,975.9,26.6,82.1,231.9,34.8,203.3,6.92,40.46,0,1,2.83
Sugarcane,2017,Summer,1127.2,32.9,85.7,250.0,61.0,310.6,6.97,418.11,0,0,67.86
Rice,2021,Kharif,1314.2,29.5,81.7,159.9,43.9,163.6,6.65,247.33,0,1,3.64
Turmeric,2021,Kharif,884.9,29.0,86.5,170.3,56.9,347.6,6.5,390.84,0,1,9.1
Cotton,2021,Kharif,726.0,30.6,58.9,164.0,31.7,181.8,6.55,466.05,0,1,1.71
Rice,2022,Kharif,1387.3,31.2,77.4,187.6,55.2,207.5,5.89,46.93,0,1,4.24
Rice,2017,Kharif,1220.3,26.6,78.8,208.9,43.1,269.6,6.51,273.13,1,1,5.43
Soybean,2018,Kharif,729.6,27.9,69.6,104.8,44.0,291.7,7.25,198.16,1,1,2.99
Soybean,2017,Kharif,649.0,26.9,63.4,128.7,33.4,214.3,6.4,452.07,0,1,2.46
Sugarcane,2021,Summer,1107.9,31.0,78.7,201.4,61.5,351.0,6.15,137.84,0,1,66.82
Maize,2021,Kharif,638.3,25.9,68.9,149.4,67.3,198.1,6.83,499.88,0,0,4.17
Cotton,2017,Kharif,707.9,27.1,58.8,177.2,42.6,193.6,6.48,326.28,0,1,2.17
Cotton,2015,Kharif,899.6,27.2,61.9,180.3,44.3,231.4,7.01,319.0,0,1,2.39
Soybean,2022,Kharif,861.2,25.9,71.4,119.0,44.8,100.0,6.85,102.86,1,0,2.3
Soybean,2019,Kharif,860.2,28.2,60.8,117.7,52.4,206.9,6.75,230.65,1,1,4.04
Wheat,2020,Rabi,432.6,22.7,65.6,187.7,79.2,215.3,7.28,334.65,1,0,3.81
Sugarcane,2023,Summer,1094.3,30.6,73.2,263.5,58.6,229.1,6.53,493.33,1,1,74.83
Rice,2020,Kharif,1201.6,27.7,70.7,260.2,39.4,261.5,5.85,491.9,0,1,3.74
Turmeric,2017,Kharif,1032.5,24.5,75.1,169.4,46.5,239.0,6.83,489.53,0,1,6.42
Wheat,2024,Rabi,546.7,20.5,48.3,266.4,66.7,212.6,7.34,466.6,1,0,4.44
Maize,2023,Kharif,603.3,27.0,67.4,220.8,50.6,232.6,7.2,459.37,1,1,6.21
Rice,2022,Kharif,1106.4,28.8,90.0,192.6,34.3,264.7,6.27,364.28,0,1,3.32
Cotton,2023,Kharif,856.1,29.9,61.5,222.7,34.1,205.7,7.08,272.69,0,0,2.02
Wheat,2015,Rabi,478.2,24.4,48.3,156.3,45.0,227.7,7.45,384.0,0,0,1.91
Rice,2024,Kharif,1325.9,31.1,73.2,199.5,51.0,205.9,6.85,348.86,0,1,3.57
Cotton,2022,Kharif,888.1,28.3,70.7,194.2,36.9,231.0,7.69,279.03,1,1,2.35
Sugarcane,2016,Summer,1214.7,28.7,86.5,217.2,56.8,300.1,7.05,347.52,0,1,51.92
Cotton,2020,Kharif,712.9,27.2,67.2,209.2,32.1,194.4,6.93,128.69,0,1,1.93
Cotton,2016,Kharif,839.4,30.4,47.1,154.4,30.4,263.7,6.83,208.7,1,1,1.99
Wheat,2019,Rabi,518.3,24.1,54.5,271.4,68.2,212.0,7.25,432.66,0,1,4.22
Wheat,2016,Rabi,592.7,25.8,44.6,276.8,54.9,198.7,6.46,315.81,0,1,2.7
Cotton,2016,Kharif,945.4,27.5,70.2,201.7,48.4,152.9,6.52,428.44,1,1,2.24
Maize,2023,Kharif,609.1,26.5,75.1,265.9,29.3,222.5,6.79,1.56,1,0,4.19
Soybean,2017,Kharif,814.6,27.3,48.3,154.8,51.8,233.9,7.22,237.08,1,0,3.05
Wheat,2019,Rabi,632.0,22.4,65.8,171.0,56.6,196.4,8.16,32.77,0,0,1.88
Rice,2018,Kharif,1309.6,28.8,81.5,175.7,51.0,268.5,7.0,395.58,0,1,4.26
Sugarcane,2024,Summer,1109.3,35.9,76.8,199.2,56.6,333.9,6.35,43.04,0,1,63.88
Cotton,2018,Kharif,771.3,31.0,64.0,228.1,37.3,181.4,7.23,262.45,1,1,2.55
Cotton,2017,Kharif,717.9,29.9,68.1,225.2,39.0,162.2,7.02,338.87,1,0,2.05
Soybean,2017,Kharif,721.0,27.2,56.2,119.4,49.4,185.3,6.55,138.01,1,1,3.59
Maize,2020,Kharif,747.5,25.2,66.0,228.8,54.9,219.5,5.89,375.05,1,1,5.37
Wheat,2018,Rabi,551.6,21.7,51.1,226.6,66.8,213.1,7.85,7.06,1,0,4.31
Rice,2024,Kharif,1106.9,30.4,77.0,195.4,46.4,195.7,6.21,5.93,0,1,3.8
Soybean,2017,Kharif,846.7,27.1,64.3,156.7,45.5,183.3,6.31,334.16,1,1,3.64
Soybean,2022,Kharif,746.4,25.3,49.3,136.7,69.0,146.3,7.17,348.21,0,1,2.46
Wheat,2023,Rabi,639.2,20.3,66.3,300.0,62.0,251.5,7.1,84.15,0,1,4.28
Cotton,2015,Kharif,869.1,25.7,70.8,193.4,42.9,231.9,6.94,155.59,0,0,1.67
Sugarcane,2024,Summer,1063.9,32.0,82.7,234.3,59.9,337.3,6.47,23.79,0,1,78.61
Soybean,2018,Kharif,683.2,27.7,68.5,100.0,38.1,151.6,6.94,223.21,1,0,2.3
Maize,2018,Kharif,724.7,25.3,59.2,211.5,48.2,217.1,6.78,41.09,0,0,4.3
Maize,2015,Kharif,666.4,25.0,59.1,192.4,47.9,261.3,7.39,54.75,1,1,4.46
Wheat,2018,Rabi,578.2,21.5,61.8,229.7,64.0,217.9,6.66,484.17,1,1,4.33
Cotton,2016,Kharif,869.1,28.0,49.9,138.8,57.9,220.5,6.63,342.23,1,1,2.4
Soybean,2023,Kharif,826.6,24.0,54.2,152.7,38.7,185.2,6.53,456.82,0,1,2.61
Cotton,2023,Kharif,716.6,30.4,44.6,168.3,31.9,242.2,7.28,476.17,1,0,1.37
Wheat,2019,Rabi,572.8,25.5,52.5,231.9,35.6,171.8,7.01,332.94,1,1,2.97
Wheat,2018,Rabi,585.6,24.1,61.8,262.5,68.3,241.8,7.24,266.29,0,1,4.09
Cotton,2020,Kharif,870.7,29.0,50.5,177.7,36.8,239.2,6.39,143.7,0,1,1.99
Wheat,2017,Rabi,625.7,20.3,57.8,230.0,37.6,213.1,7.13,178.84,0,1,3.53
Rice,2016,Kharif,1068.6,26.8,85.6,236.6,55.8,219.3,6.78,481.6,1,1,5.07
Rice,2018,Kharif,1423.8,30.3,83.9,224.3,49.9,210.9,6.37,436.72,0,1,4.59
Rice,2019,Kharif,1008.7,32.3,87.9,168.1,50.6,277.1,6.05,441.8,0,0,2.92
Maize,2022,Kharif,737.6,30.7,78.9,300.0,64.8,191.9,7.25,253.31,0,1,4.83
Rice,2018,Kharif,1045.5,30.2,90.0,256.0,56.5,345.8,6.95,391.77,1,1,5.56
Soybean,2016,Kharif,707.1,25.5,54.9,112.0,45.1,157.0,6.23,303.86,0,0,1.9
Rice,2018,Kharif,1144.2,28.8,76.0,165.4,37.8,185.6,6.22,7.13,0,1,2.56
Wheat,2023,Rabi,529.8,23.1,74.6,211.8,64.4,164.8,6.89,348.13,1,0,2.87
Turmeric,2017,Kharif,1086.6,28.7,69.8,202.9,48.2,188.0,7.09,148.97,1,1,9.36
Rice,2015,Kharif,1057.3,26.9,82.2,176.3,31.6,195.0,6.75,125.6,1,1,3.73
Maize,2016,Kharif,651.8,29.6,73.1,300.0,64.2,285.1,7.2,213.03,1,1,7.77
Cotton,2022,Kharif,753.8,27.1,57.6,195.8,34.3,290.0,7.84,187.64,1,1,2.75
Sugarcane,2020,Summer,1220.0,31.2,82.0,266.1,71.0,295.1,6.71,122.81,1,1,97.08
Cotton,2024,Kharif,671.5,24.6,63.2,165.8,35.6,231.7,7.11,490.04,0,1,1.62
Soybean,2024,Kharif,682.5,23.2,56.1,106.6,46.7,139.0,5.82,152.97,0,0,1.39
Sugarcane,2015,Summer,1105.0,33.8,78.4,290.6,67.6,324.7,6.83,73.01,1,1,112.91
Maize,2020,Kharif,727.3,27.7,80.5,235.5,45.8,226.6,7.22,97.51,1,0,3.96
Cotton,2018,Kharif,847.5,25.5,61.2,142.2,29.5,179.4,7.79,177.29,1,1,1.45
Soybean,2015,Kharif,680.0,21.2,66.5,119.3,50.9,222.3,6.87,2.2,1,1,2.92
Wheat,2018,Rabi,573.6,22.3,62.9,218.5,50.5,251.9,6.55,26.12,0,1,3.89
Cotton,2020,Kharif,766.6,30.5,65.4,166.9,32.6,290.9,6.93,287.0,1,0,2.0
Cotton,2017,Kharif,561.4,24.0,62.1,128.7,44.2,267.6,7.4,488.28,1,1,1.91
Wheat,2015,Rabi,578.7,23.8,40.2,249.6,54.5,219.5,7.12,367.87,1,1,3.65
Maize,2024,Kharif,546.3,31.0,70.0,173.3,40.3,196.4,7.04,460.65,0,1,2.82
Wheat,2015,Rabi,477.9,19.5,56.8,253.5,50.7,126.5,7.56,431.27,1,1,2.86
Cotton,2018,Kharif,902.9,31.3,67.1,219.4,35.8,201.1,7.43,390.22,1,0,1.92
Wheat,2022,Rabi,691.2,22.4,58.9,216.2,43.3,243.1,7.08,425.6,1,0,3.74
Cotton,2018,Kharif,775.7,28.0,50.1,208.6,39.2,185.7,6.11,433.98,1,0,2.19
Wheat,2018,Rabi,525.2,21.2,51.0,257.6,57.8,184.4,7.64,4.28,1,1,4.35
Wheat,2023,Rabi,552.2,21.5,38.6,205.6,51.2,194.9,7.33,283.74,1,0,2.74
Rice,2016,Kharif,1360.9,30.6,72.5,239.5,44.1,300.8,6.53,196.9,0,1,5.36
Cotton,2019,Kharif,828.1,26.5,64.4,160.4,39.4,223.3,6.55,197.15,0,1,2.11
Rice,2016,Kharif,1216.2,31.8,82.3,210.1,46.2,207.0,6.73,75.7,0,1,3.74
Cotton,2019,Kharif,833.6,29.5,64.8,220.8,35.4,118.8,7.29,404.69,1,0,1.78
Turmeric,2022,Kharif,718.1,29.1,71.8,169.9,65.8,263.5,6.69,432.49,0,1,9.85
Cotton,2023,Kharif,801.2,27.9,69.9,174.8,40.0,260.6,7.35,431.14,1,0,2.48
Wheat,2018,Rabi,596.8,21.7,61.0,148.5,44.5,191.9,7.58,394.39,1,1,3.21
Soybean,2023,Kharif,689.8,29.9,61.5,83.2,34.5,164.9,6.84,449.6,0,1,2.1
Soybean,2017,Kharif,912.8,28.3,71.2,89.3,51.6,207.1,6.92,364.42,1,1,2.89
Maize,2024,Kharif,735.8,26.3,69.5,164.6,53.7,171.2,7.01,151.85,1,1,4.61
Wheat,2022,Rabi,520.6,21.4,55.1,300.0,72.5,208.6,7.46,85.58,1,1,5.66
Cotton,2016,Kharif,792.4,31.1,54.9,197.8,29.8,294.6,6.81,367.19,1,0,2.28
Cotton,2018,Kharif,760.4,27.3,69.1,200.0,31.1,226.8,6.76,300.91,0,0,1.73
Maize,2020,Kharif,704.6,28.0,68.5,162.0,43.2,151.9,6.94,385.36,1,1,5.16
Turmeric,2022,Kharif,856.6,27.3,79.7,165.5,53.6,242.9,7.21,56.13,0,1,7.84
Cotton,2024,Kharif,792.0,27.0,51.2,207.6,40.1,167.5,6.9,429.82,0,1,2.32
Wheat,2016,Rabi,508.3,28.3,59.4,260.2,54.3,270.0,7.41,120.58,1,1,3.51
Cotton,2020,Kharif,937.8,30.0,60.8,210.7,42.7,124.1,6.93,425.86,0,1,2.14
Soybean,2024,Kharif,823.1,27.0,62.7,129.5,47.7,229.1,6.68,20.85,0,1,3.63
Wheat,2019,Rabi,571.3,20.0,58.9,250.2,67.7,168.8,6.81,420.75,0,1,4.01
Cotton,2017,Kharif,665.3,27.9,60.4,182.7,39.0,210.4,6.74,105.79,0,1,2.05
Rice,2024,Kharif,1208.0,30.1,86.6,195.3,46.6,269.7,6.77,474.67,0,0,4.35
Maize,2021,Kharif,779.3,29.4,55.6,135.5,34.4,137.8,6.53,395.31,1,1,2.63
Maize,2022,Kharif,683.9,27.9,54.2,164.1,57.4,238.2,7.01,116.94,0,0,4.03
Cotton,2015,Kharif,735.0,29.8,47.4,219.2,27.1,164.2,7.23,425.58,1,1,1.71
Wheat,2021,Rabi,442.3,22.6,57.2,215.3,72.9,202.7,7.29,301.54,0,1,4.08
Wheat,2024,Rabi,559.1,23.6,56.4,190.0,66.9,206.0,7.67,45.39,1,1,4.39
Maize,2022,Kharif,533.8,26.7,77.0,207.5,36.8,189.6,6.41,446.79,1,1,3.96
Cotton,2015,Kharif,831.4,28.3,53.0,156.5,44.9,182.1,7.06,133.67,1,1,2.27
Maize,2021,Kharif,671.3,28.1,52.0,226.1,58.4,251.6,7.88,45.12,0,1,4.85
Wheat,2015,Rabi,570.3,21.2,58.8,224.8,70.3,254.5,7.22,243.62,0,1,4.82
Rice,2023,Kharif,1174.6,31.4,89.6,195.6,44.2,188.3,6.49,437.86,0,1,3.72
Soybean,2022,Kharif,593.6,27.5,66.6,111.2,34.3,149.1,6.38,433.07,0,1,2.08
Sugarcane,2024,Summer,1163.7,33.3,73.1,226.0,55.8,346.2,6.78,180.39,0,1,69.89
Cotton,2016,Kharif,841.2,28.1,63.2,169.1,42.1,270.0,7.04,176.45,1,0,2.53
Rice,2017,Kharif,1398.1,31.9,72.2,226.7,43.6,281.1,5.98,437.52,0,1,3.96
Cotton,2023,Kharif,733.9,25.0,71.8,161.4,44.4,174.0,7.46,141.18,0,0,1.65
Soybean,2015,Kharif,842.4,25.5,55.5,88.2,55.0,166.6,6.93,346.07,0,0,1.76
Maize,2022,Kharif,822.7,26.4,80.3,197.1,58.5,270.8,7.4,69.57,0,1,4.45
Cotton,2024,Kharif,745.8,29.7,60.5,150.8,24.8,233.6,6.75,194.22,0,1,1.31
Rice,2018,Kharif,1353.0,31.4,80.1,268.3,46.7,231.8,6.58,296.17,1,1,5.43
Wheat,2019,Rabi,560.3,20.1,58.6,224.4,45.0,242.2,7.38,275.57,1,1,4.18
Soybean,2022,Kharif,751.7,28.7,74.6,127.8,61.1,198.0,6.13,252.09,1,1,2.87
Wheat,2017,Rabi,528.9,22.6,51.5,192.4,53.5,225.5,7.48,256.05,1,1,3.86
Soybean,2022,Kharif,699.5,28.2,63.1,144.3,53.4,164.2,6.64,362.1,0,1,3.0
Cotton,2023,Kharif,914.0,28.1,65.8,170.4,54.0,193.5,6.98,284.3,1,1,2.8
Maize,2022,Kharif,629.2,24.9,43.5,203.8,48.3,247.6,7.47,179.4,0,1,3.62
Cotton,2021,Kharif,860.0,26.7,52.1,244.4,37.5,194.7,7.14,302.26,0,1,2.09
Cotton,2019,Kharif,703.5,24.8,61.3,199.7,53.4,180.7,6.68,222.82,1,1,2.38
Cotton,2019,Kharif,720.6,22.6,53.9,210.8,26.1,254.0,6.99,78.54,1,1,2.13
Soybean,2017,Kharif,928.3,30.3,54.6,96.6,49.4,161.5,6.08,196.44,1,1,2.22
Soybean,2021,Kharif,655.5,27.1,68.2,80.0,42.7,169.5,6.95,200.43,0,1,2.23
Rice,2019,Kharif,1340.9,28.9,83.2,200.2,55.4,233.1,6.35,297.57,1,1,6.26
Cotton,2019,Kharif,937.2,25.5,54.2,188.5,21.5,169.6,7.44,231.74,1,0,1.4
Soybean,2019,Kharif,687.5,25.1,71.6,134.0,46.9,199.6,6.13,211.81,1,1,3.2
Soybean,2022,Kharif,808.8,29.8,71.3,86.2,55.1,180.6,6.45,244.82,1,1,2.84
Maize,2017,Kharif,630.0,25.7,75.6,286.3,36.6,213.9,6.75,71.5,0,0,3.94
Cotton,2021,Kharif,881.3,30.7,53.3,158.0,33.2,208.9,6.94,2.82,1,1,2.01
Wheat,2020,Rabi,585.0,20.7,69.2,254.2,77.4,254.8,6.96,25.45,0,1,3.94
Rice,2015,Kharif,1191.2,29.8,88.5,217.1,36.3,313.7,6.39,366.77,0,1,4.61
Rice,2015,Kharif,1258.6,32.0,81.1,158.4,58.7,259.1,6.26,450.7,1,1,4.62
Maize,2017,Kharif,737.3,25.4,59.5,155.0,66.6,207.9,6.58,74.22,0,1,4.57
Maize,2015,Kharif,680.0,25.2,64.1,249.2,49.0,273.8,6.77,191.98,0,0,4.68
Rice,2021,Kharif,1229.4,30.4,78.6,163.7,28.5,291.5,6.87,195.8,0,0,2.93
Cotton,2022,Kharif,896.1,27.1,74.6,166.1,39.7,170.1,7.08,362.26,0,0,1.52
Rice,2017,Kharif,1131.1,33.4,78.9,189.7,43.6,287.8,5.9,340.25,0,1,3.23
Wheat,2020,Rabi,470.8,25.5,55.0,274.1,54.9,203.6,7.47,218.52,0,1,3.89
Cotton,2022,Kharif,857.1,27.3,62.0,165.4,45.6,198.9,6.98,483.59,1,1,3.15
Rice,2021,Kharif,1288.4,31.2,81.0,246.3,44.3,225.9,6.43,451.79,0,1,4.67
Cotton,2023,Kharif,759.0,28.8,62.7,167.2,28.8,178.8,7.07,429.32,1,1,2.05
Rice,2023,Kharif,1375.7,31.3,90.0,195.1,55.2,285.0,6.42,232.94,1,0,5.21
Sugarcane,2019,Summer,1144.1,30.3,66.3,244.0,72.7,372.9,5.98,150.66,1,1,68.28
Rice,2019,Kharif,1263.7,32.8,88.4,162.7,45.1,269.6,6.18,450.32,1,1,4.72
Cotton,2024,Kharif,856.9,28.0,66.1,127.7,42.8,209.7,7.02,243.76,1,1,2.87
Maize,2022,Kharif,613.3,27.2,60.2,207.0,62.0,243.9,7.1,255.15,1,1,6.51
Rice,2020,Kharif,1212.1,28.6,74.2,206.0,47.4,236.5,7.0,62.87,0,1,3.9
Cotton,2018,Kharif,800.7,28.1,61.3,185.6,48.9,261.8,7.59,143.58,1,1,3.07
Cotton,2021,Kharif,739.1,26.7,63.2,222.4,38.3,160.1,7.18,57.53,1,1,2.55
Wheat,2019,Rabi,653.6,21.7,43.9,263.7,37.5,238.5,6.29,315.13,1,1,3.0
Cotton,2019,Kharif,755.0,27.6,68.3,196.7,37.7,177.5,6.77,258.63,1,1,2.3
Wheat,2017,Rabi,597.7,25.7,45.5,167.4,54.4,182.4,7.46,344.56,0,1,2.41
Soybean,2021,Kharif,664.5,27.9,60.9,155.9,34.6,193.4,6.92,161.58,0,1,2.63
Cotton,2024,Kharif,744.8,26.3,69.4,190.9,36.0,207.6,7.09,61.99,1,0,2.08
Sugarcane,2021,Summer,1215.8,33.3,75.4,296.0,58.1,348.8,6.66,74.58,0,1,82.04
Rice,2015,Kharif,1419.4,28.9,79.8,192.8,55.8,203.8,6.07,125.54,0,1,3.87
Rice,2016,Kharif,1333.9,31.8,76.9,191.3,60.0,224.7,7.0,121.8,0,1,3.87
Cotton,2018,Kharif,814.7,30.4,58.7,161.0,32.9,140.1,6.67,261.71,0,0,1.27
Wheat,2018,Rabi,556.2,20.2,59.6,223.4,57.6,199.9,7.01,109.6,0,1,3.62
Maize,2023,Kharif,706.1,28.3,64.4,173.2,41.0,195.9,6.32,260.96,1,1,5.05
Sugarcane,2020,Summer,1142.8,30.2,76.1,270.5,67.3,399.4,7.3,136.99,1,1,105.37
Wheat,2018,Rabi,504.2,22.0,62.3,228.3,43.0,217.3,7.4,257.27,1,1,3.71
Soybean,2016,Kharif,770.0,25.4,66.1,127.6,37.3,160.9,7.32,41.88,1,1,2.95
Wheat,2020,Rabi,510.5,20.7,66.5,204.7,38.4,182.1,7.23,430.89,0,0,2.14
Maize,2023,Kharif,677.0,24.6,75.7,166.7,30.3,195.2,6.86,313.97,0,0,2.91
Cotton,2018,Kharif,894.7,26.8,70.9,198.4,51.1,233.7,7.37,344.65,0,1,2.33
Rice,2023,Kharif,1274.3,29.3,72.7,226.3,59.9,243.1,6.94,220.4,1,1,5.25
Wheat,2019,Rabi,451.9,25.6,58.5,188.0,68.4,169.3,7.06,207.8,1,1,3.18
Maize,2016,Kharif,689.0,32.1,78.2,134.9,64.9,253.0,7.26,185.68,1,1,4.04
Maize,2024,Kharif,748.9,28.8,58.1,252.0,55.7,195.1,6.97,459.94,0,0,4.59
Cotton,2015,Kharif,748.3,28.6,70.0,178.0,39.1,195.1,7.29,259.85,1,1,2.37
Sugarcane,2016,Summer,1058.3,31.1,88.7,280.7,49.7,332.3,6.98,1.51,1,1,88.65
Maize,2021,Kharif,724.6,29.3,60.8,182.6,48.1,210.1,7.01,328.82,0,1,5.09
Cotton,2020,Kharif,787.6,26.9,62.2,145.9,30.3,183.5,6.84,311.99,0,0,1.65
Soybean,2022,Kharif,602.6,28.7,67.1,94.8,56.2,223.7,6.29,7.22,0,1,2.65
Soybean,2024,Kharif,753.2,27.2,61.0,85.2,63.9,176.7,6.69,310.86,1,0,3.54
Cotton,2019,Kharif,859.8,26.9,64.3,210.0,35.7,170.7,6.12,208.36,1,1,2.03
Cotton,2022,Kharif,880.6,26.7,64.6,187.4,43.0,177.4,6.65,36.79,1,1,2.24
Cotton,2019,Kharif,855.5,27.1,58.2,180.4,39.5,224.9,7.28,364.55,0,0,2.04
Soybean,2017,Kharif,654.2,26.2,66.1,151.2,55.3,209.5,6.1,432.1,1,1,3.41
Cotton,2019,Kharif,677.5,26.8,55.0,124.8,40.8,242.9,6.96,106.66,1,1,2.11
Cotton,2021,Kharif,807.3,27.8,72.6,118.9,41.3,290.6,7.23,163.44,1,1,2.42
Wheat,2020,Rabi,665.3,20.6,55.0,208.4,41.9,237.1,7.13,39.45,0,1,2.95
Soybean,2022,Kharif,772.6,28.0,62.4,118.7,61.6,183.9,6.45,431.02,0,1,3.21
Maize,2016,Kharif,725.7,25.8,69.7,268.2,49.6,228.4,6.04,478.61,1,0,5.33
Cotton,2017,Kharif,709.8,26.4,63.9,169.6,29.2,272.7,6.97,68.1,1,0,2.16
Maize,2015,Kharif,730.3,25.4,73.0,195.7,36.9,182.4,6.79,181.69,0,1,3.32
Sugarcane,2023,Summer,1177.5,28.4,75.8,222.8,55.0,341.7,7.0,455.7,0,1,63.44
Sugarcane,2022,Summer,1006.2,30.4,70.5,234.3,54.0,361.7,6.93,149.46,1,0,55.76
Cotton,2021,Kharif,721.6,26.0,55.2,178.8,49.1,252.3,7.33,302.27,1,0,2.25
Maize,2022,Kharif,826.3,29.4,67.5,158.7,55.7,232.6,7.12,252.58,0,1,4.54
Wheat,2017,Rabi,467.9,22.3,57.0,240.2,43.6,267.0,6.91,170.45,0,1,3.37
Wheat,2024,Rabi,591.7,24.1,55.0,238.8,52.8,211.1,7.24,414.19,0,1,4.07
Cotton,2016,Kharif,909.4,28.1,65.2,224.2,59.7,218.6,6.65,263.84,0,1,2.57
Rice,2022,Kharif,1355.8,31.5,75.4,191.6,49.7,247.2,7.21,458.02,0,1,3.88
Cotton,2018,Kharif,767.3,31.1,55.7,147.1,38.1,229.4,7.22,388.24,1,1,1.97
Wheat,2017,Rabi,544.0,20.4,53.4,220.3,67.7,236.2,8.24,16.75,1,1,4.13
Turmeric,2024,Kharif,838.0,28.1,76.5,211.0,67.1,203.0,6.93,4.79,1,1,11.7
Soybean,2022,Kharif,741.8,24.7,64.9,136.1,79.4,187.2,7.52,201.3,0,0,2.83
Soybean,2021,Kharif,679.8,25.7,64.4,114.8,54.8,273.9,6.69,34.2,0,1,3.37
Rice,2019,Kharif,1093.2,31.4,90.0,256.2,51.0,329.7,5.97,106.89,0,1,3.77
Wheat,2022,Rabi,460.0,19.3,55.4,232.8,70.1,236.6,6.65,446.95,1,1,5.01
Cotton,2023,Kharif,849.0,28.7,52.5,177.5,40.6,198.8,7.03,39.34,0,1,2.15
Rice,2022,Kharif,1240.4,31.5,84.5,198.8,38.9,340.5,5.9,447.23,0,1,4.38
Sugarcane,2024,Summer,999.3,31.2,78.8,256.8,57.2,342.3,6.63,224.82,0,1,83.89
Soybean,2020,Kharif,790.5,28.2,63.2,80.0,39.9,188.9,7.85,167.48,1,0,1.92
Wheat,2021,Rabi,641.0,21.0,43.1,261.9,52.0,211.0,7.36,102.15,0,1,3.09
Wheat,2019,Rabi,557.3,26.2,60.8,135.2,51.0,157.3,7.4,283.07,0,0,2.19
Wheat,2016,Rabi,571.5,26.7,50.5,259.0,62.0,199.9,7.63,325.73,1,1,4.1
Wheat,2022,Rabi,518.1,20.7,41.7,231.0,53.7,190.2,7.38,249.36,1,1,3.91
Cotton,2017,Kharif,821.0,30.3,72.1,206.0,45.1,283.6,7.21,457.3,1,1,2.7
Cotton,2017,Kharif,810.2,28.5,47.1,168.2,30.7,138.4,6.61,99.87,0,0,1.35
Rice,2018,Kharif,1056.9,34.1,90.0,202.9,39.9,285.7,7.03,272.88,0,1,3.17
Maize,2019,Kharif,676.6,27.2,62.8,191.8,71.4,228.2,6.17,133.7,0,1,5.3
Maize,2021,Kharif,734.7,28.7,66.8,200.7,48.4,185.5,7.14,225.64,0,1,4.92
Sugarcane,2024,Summer,1005.0,33.7,80.4,287.2,71.4,276.5,7.07,263.47,1,0,87.91
Soybean,2017,Kharif,775.3,26.1,61.0,128.5,44.6,193.2,7.41,426.98,0,1,2.4
Rice,2020,Kharif,1077.8,30.0,82.2,249.3,59.5,192.3,6.69,496.82,0,1,5.07
Cotton,2022,Kharif,911.2,28.7,66.4,168.2,31.0,216.8,7.28,44.5,1,0,1.79
Soybean,2019,Kharif,664.1,27.5,66.9,80.0,41.0,210.3,7.34,410.17,0,1,2.17
Maize,2024,Kharif,583.5,27.1,57.6,204.0,45.3,138.9,6.71,142.08,1,0,3.92
Wheat,2015,Rabi,602.1,22.1,60.9,221.2,47.0,211.7,7.65,96.08,0,1,2.89
Cotton,2016,Kharif,744.7,28.5,51.6,210.8,41.7,251.2,7.37,391.08,1,1,2.35
Rice,2021,Kharif,1394.1,33.1,79.5,271.5,57.5,257.5,6.86,289.93,0,1,5.62
Maize,2018,Kharif,544.8,28.2,68.7,185.8,53.6,234.6,7.27,471.69,1,1,4.74
Soybean,2016,Kharif,722.0,26.4,70.0,100.7,58.0,156.6,5.91,252.1,0,1,2.06
Cotton,2016,Kharif,841.3,30.6,58.7,205.8,30.5,223.4,6.74,251.67,1,1,2.15
Rice,2020,Kharif,1235.3,29.4,81.2,181.4,52.4,201.1,6.19,262.99,0,1,4.23
Maize,2015,Kharif,697.2,24.4,62.3,235.2,57.5,217.7,6.24,483.21,1,1,5.09
Wheat,2016,Rabi,605.1,21.7,44.9,239.7,66.5,224.8,7.37,383.6,1,1,4.69
Cotton,2020,Kharif,876.8,28.5,65.9,140.7,44.8,259.7,7.12,95.55,0,1,2.39
Rice,2017,Kharif,1296.3,33.0,80.6,249.2,47.8,240.5,6.74,416.87,0,1,4.51
Rice,2016,Kharif,1240.2,30.0,84.1,243.4,44.8,214.9,6.57,346.93,0,1,5.25
Sugarcane,2016,Summer,1188.8,33.0,77.6,293.9,50.7,375.3,6.79,413.71,1,1,100.83
Rice,2017,Kharif,1269.5,29.5,90.0,252.6,40.3,212.7,6.03,48.86,0,0,3.81
Cotton,2018,Kharif,787.6,29.3,47.9,176.2,33.5,201.8,7.4,296.34,1,1,2.08
Maize,2015,Kharif,819.1,27.5,54.4,150.2,52.5,218.4,7.1,65.84,1,1,4.78
Wheat,2016,Rabi,612.7,20.9,58.7,237.7,64.2,151.7,7.11,174.19,0,1,3.64
Rice,2017,Kharif,1312.9,31.2,76.5,155.2,39.2,295.8,6.78,51.0,0,1,4.17
Cotton,2022,Kharif,905.4,27.2,53.4,130.6,41.4,220.3,6.23,115.53,1,1,2.23
Cotton,2020,Kharif,731.4,29.5,68.0,118.4,36.4,217.8,6.93,242.57,1,1,1.73
Cotton,2018,Kharif,628.0,28.2,67.0,179.4,29.4,246.7,7.32,112.02,0,1,1.76
Turmeric,2020,Kharif,894.1,29.8,65.5,108.0,57.0,266.2,6.33,194.28,1,1,8.7
Wheat,2015,Rabi,611.5,22.1,54.1,241.1,42.8,184.9,7.32,159.22,0,1,3.14
Maize,2021,Kharif,765.0,25.4,77.0,225.1,36.7,183.7,6.3,279.44,0,1,3.73
Wheat,2021,Rabi,601.1,20.8,50.1,194.4,58.8,226.3,7.53,205.17,0,1,2.77
Rice,2019,Kharif,907.0,28.4,85.0,235.7,48.4,299.9,6.62,217.82,1,1,5.48
Rice,2016,Kharif,1332.8,29.8,81.1,192.4,38.2,248.1,5.92,211.35,0,1,3.8
Soybean,2021,Kharif,691.6,28.2,68.3,128.6,50.2,174.6,7.1,451.18,1,0,3.25
Wheat,2021,Rabi,504.0,23.7,39.3,300.0,49.0,238.4,6.54,381.03,0,1,2.82
Sugarcane,2024,Summer,1162.1,35.6,82.0,300.0,52.7,321.5,6.48,443.12,0,1,73.08
Wheat,2019,Rabi,552.3,20.5,57.1,196.3,42.2,240.5,6.69,253.92,0,1,3.01
Turmeric,2015,Kharif,941.8,28.1,66.3,193.2,50.8,185.0,6.77,8.37,1,1,9.18
Soybean,2017,Kharif,744.5,24.8,68.4,147.1,50.4,155.8,7.42,395.24,0,0,2.36
Wheat,2020,Rabi,560.8,20.2,64.3,174.0,56.0,139.6,7.33,483.12,1,1,3.04
Soybean,2022,Kharif,814.0,27.3,85.7,115.4,52.9,143.1,7.79,331.44,1,1,2.34
Cotton,2024,Kharif,846.8,28.9,59.2,178.1,36.6,179.4,6.54,65.73,1,1,2.52
Maize,2019,Kharif,670.7,22.4,68.2,239.4,32.6,218.3,7.09,91.44,1,1,4.6
Rice,2016,Kharif,1274.5,30.4,90.0,193.3,59.4,234.8,6.62,215.69,0,1,3.98
Turmeric,2023,Kharif,877.5,27.8,71.0,229.2,40.8,305.5,5.57,208.03,1,1,9.31
Sugarcane,2015,Summer,1181.7,30.4,83.6,263.4,60.9,373.3,6.48,194.95,0,1,73.2
Cotton,2016,Kharif,885.6,27.0,61.1,152.3,41.4,138.8,7.39,233.93,1,1,2.21
Soybean,2017,Kharif,712.4,26.9,45.0,118.9,50.2,180.0,7.01,160.76,0,1,2.49
Wheat,2024,Rabi,544.4,23.7,65.3,155.9,44.0,204.2,7.0,412.9,0,1,2.75
Maize,2018,Kharif,629.3,27.6,59.4,184.4,50.2,178.2,6.73,352.86,0,1,4.08
Maize,2022,Kharif,668.8,25.4,60.0,204.1,57.4,258.0,7.55,471.21,1,1,5.93
Wheat,2018,Rabi,454.0,22.9,64.7,240.0,80.0,226.6,7.28,198.79,1,1,4.71
Wheat,2021,Rabi,521.0,23.4,62.5,203.0,42.0,265.0,7.7,335.49,1,1,3.43
Wheat,2022,Rabi,559.6,20.3,44.5,221.3,38.1,159.7,6.93,254.99,1,1,2.84
Turmeric,2021,Kharif,947.8,27.2,80.9,225.6,56.8,172.6,7.42,24.54,1,1,8.98
Soybean,2021,Kharif,679.8,20.6,65.1,98.5,58.3,140.8,6.37,146.6,1,0,1.85
Soybean,2017,Kharif,723.1,27.7,57.5,104.4,65.4,208.0,7.47,404.89,0,0,2.38
Wheat,2019,Rabi,530.8,23.0,49.0,238.7,55.7,136.4,6.83,325.31,1,1,3.54
Maize,2019,Kharif,776.9,28.7,58.8,214.0,54.3,284.0,6.58,459.83,1,1,6.58
Wheat,2015,Rabi,485.6,18.9,59.5,181.2,55.1,230.8,7.17,69.49,0,0,2.3
Cotton,2015,Kharif,841.3,28.2,67.1,151.0,33.4,175.8,7.16,283.92,1,1,1.8
Cotton,2022,Kharif,890.7,26.7,43.8,221.6,49.1,253.3,7.16,49.54,0,1,2.83
Wheat,2024,Rabi,604.3,22.4,56.2,217.0,40.9,210.4,6.78,129.88,1,1,3.95
Cotton,2024,Kharif,805.0,26.3,52.2,182.9,29.2,202.8,7.79,254.58,1,1,2.27
Soybean,2016,Kharif,865.6,33.2,60.5,108.4,55.2,181.5,6.41,193.93,1,1,2.32
Maize,2015,Kharif,727.5,24.8,69.7,213.1,51.7,178.8,6.86,443.57,1,1,5.11
Soybean,2019,Kharif,775.3,30.2,56.8,104.6,58.1,220.3,6.12,273.6,0,1,2.47
Cotton,2021,Kharif,793.5,25.4,56.1,189.1,45.5,239.0,7.48,208.85,0,1,2.12
Cotton,2022,Kharif,750.7,28.7,63.8,188.4,41.6,240.9,7.29,234.79,0,0,1.94
Maize,2023,Kharif,767.8,31.6,73.4,191.6,50.3,200.9,6.5,95.97,0,0,3.27
Wheat,2021,Rabi,731.6,20.7,44.4,230.2,55.9,218.7,6.18,477.95,1,0,2.15
Maize,2024,Kharif,769.0,24.9,69.8,162.9,59.0,216.7,6.07,375.16,1,1,5.03
Wheat,2018,Rabi,593.2,21.1,40.7,206.5,41.0,238.9,7.11,177.62,1,1,3.32
Rice,2020,Kharif,1230.6,30.2,86.8,220.5,48.8,236.3,6.79,312.53,1,0,5.47
Rice,2015,Kharif,1295.1,29.5,71.3,194.6,38.3,221.5,5.99,438.4,0,1,3.32
Wheat,2020,Rabi,578.5,23.7,65.4,252.2,62.2,254.3,7.27,268.78,0,1,4.32
Wheat,2019,Rabi,537.3,22.7,51.2,254.6,60.4,173.5,7.26,207.23,1,0,3.59
Cotton,2024,Kharif,759.2,28.1,50.4,171.3,45.4,227.9,7.78,35.2,1,1,2.31
Rice,2015,Kharif,1377.3,29.5,78.6,160.6,42.6,208.5,6.68,116.42,0,1,3.55
Sugarcane,2015,Summer,944.0,30.9,87.5,220.6,53.9,240.9,7.45,324.85,1,1,56.88
Turmeric,2021,Kharif,858.5,29.0,61.6,165.9,54.7,264.0,6.05,393.26,0,1,6.94
Rice,2017,Kharif,1251.3,28.2,83.1,172.1,51.0,195.4,6.7,226.09,0,1,3.92
Cotton,2021,Kharif,722.4,28.4,62.0,195.3,35.3,315.9,7.39,140.68,1,1,2.96
Rice,2016,Kharif,1020.0,27.1,76.3,212.3,52.5,174.0,6.82,213.46,1,0,3.49
Sugarcane,2019,Summer,899.0,32.4,69.9,300.0,54.3,370.0,7.52,183.74,0,1,72.65
Wheat,2015,Rabi,523.1,22.9,52.0,234.5,50.3,202.8,7.57,466.38,0,0,2.87
Soybean,2018,Kharif,854.1,29.7,63.5,108.5,68.4,166.4,6.93,280.49,1,1,3.06
Cotton,2020,Kharif,796.1,26.7,48.6,187.8,29.9,273.1,7.21,35.44,1,0,2.02
Wheat,2024,Rabi,561.1,22.3,60.9,176.8,60.7,194.1,7.92,30.13,0,1,3.87
Soybean,2022,Kharif,698.7,24.8,72.1,113.4,42.8,161.6,6.42,40.9,0,1,2.24
Cotton,2015,Kharif,840.9,26.5,51.9,176.5,37.5,267.2,7.53,222.94,0,0,1.88
Rice,2017,Kharif,1229.1,28.6,74.6,147.8,41.8,271.4,7.24,336.09,1,1,3.63
Wheat,2023,Rabi,570.1,20.0,49.0,260.4,61.5,180.8,7.15,23.88,0,1,3.56
Wheat,2016,Rabi,543.9,24.6,43.6,272.2,49.9,208.1,7.22,267.89,1,0,3.11
Turmeric,2023,Kharif,880.5,29.5,69.1,188.9,57.2,226.6,7.0,22.78,1,0,8.86
Rice,2020,Kharif,1306.7,31.1,76.7,175.4,35.0,283.4,5.93,187.89,1,1,4.38
Wheat,2015,Rabi,568.9,20.0,54.0,245.5,51.8,212.8,7.45,56.04,1,0,3.57
Wheat,2024,Rabi,553.1,22.7,80.3,201.3,52.1,231.6,7.49,226.82,0,1,2.9
Maize,2023,Kharif,572.5,26.1,62.9,252.5,48.8,260.6,6.81,352.08,0,0,5.56
Cotton,2021,Kharif,771.2,27.1,48.1,178.9,53.7,181.0,6.15,411.29,1,1,2.16
Cotton,2016,Kharif,791.1,26.0,73.0,190.8,32.8,254.9,7.73,71.93,1,1,1.99
Wheat,2015,Rabi,634.9,18.8,57.0,170.6,56.7,236.7,7.14,382.58,0,0,2.82
Maize,2019,Kharif,768.0,30.8,60.6,186.0,40.2,174.1,7.3,260.29,1,1,4.27
Maize,2018,Kharif,712.8,25.9,59.2,266.6,35.8,236.7,6.54,322.93,0,0,5.37
Wheat,2020,Rabi,471.9,24.3,58.2,292.2,50.3,235.8,7.53,94.57,1,1,4.64
Soybean,2023,Kharif,791.1,27.2,72.1,106.1,44.1,157.1,6.83,62.1,0,1,3.03
Maize,2019,Kharif,647.4,27.5,69.8,221.2,57.8,247.4,7.1,172.13,1,1,6.63
Sugarcane,2015,Summer,1046.4,31.3,80.9,268.2,66.5,266.0,7.28,242.9,0,0,61.62
Wheat,2022,Rabi,556.4,19.4,59.8,256.9,48.1,169.7,6.53,419.87,1,1,3.44
Maize,2018,Kharif,800.9,27.7,67.6,143.8,63.8,187.3,6.49,24.51,1,0,4.89
Soybean,2024,Kharif,842.8,31.5,64.7,96.6,44.0,136.4,7.07,380.54,0,0,1.76
Maize,2022,Kharif,717.5,25.9,77.5,166.2,38.3,274.4,7.15,234.75,1,1,5.13
Sugarcane,2016,Summer,1142.9,30.5,85.7,232.9,52.1,279.3,6.93,318.99,0,1,67.6
Soybean,2017,Kharif,636.1,30.5,56.4,101.8,63.6,173.2,6.45,354.98,0,0,2.23
Wheat,2024,Rabi,516.2,21.4,57.8,300.0,55.9,153.6,7.31,120.39,0,0,3.45
Cotton,2016,Kharif,881.4,26.9,55.6,156.9,37.8,124.0,7.24,290.07,0,0,1.43
Cotton,2024,Kharif,724.2,29.2,52.2,226.4,49.7,233.3,7.31,45.08,0,1,2.33
Wheat,2022,Rabi,553.7,23.3,49.4,251.0,43.5,249.6,6.41,388.68,0,1,3.14
Cotton,2022,Kharif,666.1,28.1,67.4,185.6,39.0,264.2,7.62,103.95,1,0,2.22
Maize,2019,Kharif,687.5,25.2,64.2,228.0,52.2,242.5,6.4,293.87,0,1,5.68
Wheat,2022,Rabi,646.7,19.6,48.1,268.2,50.9,208.2,7.13,241.64,1,1,4.53
Rice,2015,Kharif,1184.8,29.6,79.0,248.7,42.6,258.3,7.11,244.91,1,1,5.44
Soybean,2015,Kharif,805.2,27.3,62.4,116.7,52.0,194.5,7.0,385.22,0,1,2.93
Wheat,2016,Rabi,545.5,23.3,43.7,145.6,43.7,140.5,6.97,46.35,0,1,2.56
Wheat,2020,Rabi,653.6,22.5,54.7,219.3,51.8,225.6,7.39,200.76,0,1,3.53
Soybean,2021,Kharif,698.7,26.6,72.3,152.1,55.8,231.3,6.58,210.24,1,1,3.97
Cotton,2018,Kharif,822.8,29.1,54.8,206.0,33.6,270.1,7.75,24.76,0,1,2.04
Maize,2022,Kharif,710.5,21.5,62.3,159.5,48.2,217.3,6.83,417.4,1,1,4.38
Wheat,2019,Rabi,583.8,22.3,45.1,242.0,50.7,211.4,7.07,160.66,1,1,4.11
Cotton,2021,Kharif,740.6,30.1,44.2,203.9,36.2,215.1,7.09,79.32,1,0,1.68
Maize,2024,Kharif,696.8,26.5,86.5,176.4,57.9,247.5,6.61,458.6,1,1,5.62
Wheat,2021,Rabi,537.5,22.9,59.1,207.8,58.5,161.9,6.66,183.65,0,1,3.24
Wheat,2017,Rabi,567.4,21.2,73.1,219.4,51.3,219.9,6.77,29.99,0,1,2.98
Wheat,2023,Rabi,465.0,22.9,60.6,244.5,61.0,249.7,6.61,134.45,0,1,3.52
Rice,2015,Kharif,1057.5,28.0,79.2,190.1,34.4,216.5,6.55,152.81,0,1,3.43
Wheat,2022,Rabi,503.6,26.6,39.4,261.9,67.4,166.5,6.67,230.73,0,1,2.49
Cotton,2016,Kharif,647.6,27.8,65.5,141.2,30.7,255.3,7.23,443.96,1,1,2.26
Wheat,2015,Rabi,627.0,22.2,53.2,127.7,48.8,299.6,7.63,270.77,1,1,3.95
Wheat,2016,Rabi,470.4,22.1,64.8,214.4,43.4,217.8,7.18,446.62,1,1,3.67
Sugarcane,2018,Summer,935.1,30.3,72.9,212.6,43.5,316.0,7.23,303.75,1,1,64.38
Cotton,2024,Kharif,834.2,32.3,71.8,188.8,44.1,247.7,6.48,119.07,1,1,2.11
Rice,2018,Kharif,1119.9,29.4,71.9,252.4,41.4,240.1,6.65,403.25,0,1,3.77
Soybean,2018,Kharif,749.9,24.5,63.4,142.0,75.3,168.1,6.91,188.32,1,1,4.53
Wheat,2024,Rabi,466.5,22.0,69.1,221.5,48.6,216.1,6.86,237.35,0,1,3.04
Maize,2024,Kharif,590.4,24.0,53.2,149.2,59.9,242.4,7.08,392.08,0,1,3.61
Maize,2020,Kharif,870.1,24.0,70.4,182.6,52.5,208.1,5.72,32.14,1,1,3.48
Wheat,2015,Rabi,534.6,20.5,60.1,274.0,50.2,180.1,7.25,133.04,1,0,3.99
Cotton,2021,Kharif,694.5,30.3,61.5,153.6,41.2,238.8,6.89,462.02,1,1,1.88
Rice,2017,Kharif,1244.2,27.1,76.1,249.6,45.8,227.6,7.18,63.48,0,1,4.13
Rice,2019,Kharif,1413.8,32.1,77.7,248.2,46.6,300.0,7.61,262.11,0,1,3.86
Sugarcane,2016,Summer,1038.6,30.8,84.1,238.4,66.0,275.6,7.47,294.19,0,1,61.74
Turmeric,2021,Kharif,839.7,24.1,71.1,186.8,42.0,240.3,7.26,105.54,0,0,5.27
Cotton,2024,Kharif,737.8,29.1,67.6,135.9,47.1,194.3,7.54,143.51,1,0,1.61
Sugarcane,2022,Summer,1209.9,29.6,87.6,243.7,64.2,323.4,6.43,256.3,0,0,55.01
Cotton,2015,Kharif,697.3,30.5,54.8,183.1,44.6,209.6,7.59,245.38,0,1,2.02
Soybean,2017,Kharif,772.8,30.1,64.5,125.7,42.6,188.6,7.05,251.62,0,0,2.11
Wheat,2016,Rabi,668.8,21.5,39.3,259.4,45.3,218.7,7.38,176.13,0,0,2.49
Wheat,2023,Rabi,462.1,21.6,48.1,248.3,59.1,205.9,7.56,247.76,0,0,2.72
Wheat,2019,Rabi,606.0,24.3,51.9,250.4,39.2,222.8,7.24,116.94,1,1,4.4
Sugarcane,2015,Summer,1021.9,30.7,90.0,170.6,52.1,348.7,6.72,266.39,0,1,57.15
Turmeric,2021,Kharif,820.2,29.2,70.0,145.9,44.2,283.1,6.75,340.4,1,1,8.75
Soybean,2021,Kharif,730.6,26.2,64.8,129.5,45.1,251.8,7.5,236.52,1,1,3.68
Wheat,2024,Rabi,466.1,20.2,45.0,164.2,47.6,152.8,7.83,271.28,0,0,1.75
Rice,2023,Kharif,1336.4,32.0,82.3,180.3,42.2,246.3,7.14,367.59,0,1,4.0
Wheat,2023,Rabi,574.2,25.7,67.3,225.3,46.7,222.9,7.31,239.64,0,1,3.18
Wheat,2015,Rabi,604.1,21.0,62.0,215.1,78.7,201.2,7.34,313.88,0,1,3.68
Turmeric,2016,Kharif,936.4,33.0,76.3,179.0,45.0,206.5,6.63,56.16,0,0,6.39
Soybean,2020,Kharif,706.5,30.3,59.0,113.2,38.4,175.9,6.81,186.82,0,1,2.29
Wheat,2018,Rabi,618.4,19.9,58.8,245.8,46.9,235.8,6.99,489.49,0,0,2.84
Maize,2019,Kharif,789.3,25.9,59.7,189.6,47.5,170.6,6.35,199.35,1,1,4.54
Wheat,2023,Rabi,601.7,23.7,50.1,223.2,44.4,137.3,6.72,271.84,1,1,3.05
Cotton,2017,Kharif,727.8,25.0,52.8,205.9,42.2,292.4,6.33,232.33,1,1,2.31
Wheat,2018,Rabi,478.4,18.9,49.4,148.7,59.7,177.6,7.58,478.13,0,1,2.51
Wheat,2024,Rabi,575.1,20.8,69.9,251.7,33.4,189.5,7.53,107.96,0,1,3.13
Soybean,2022,Kharif,736.6,27.8,70.2,122.0,31.1,187.1,7.74,397.67,0,1,2.18
Wheat,2022,Rabi,566.9,20.0,61.6,217.3,60.4,200.0,7.11,386.51,1,1,4.21
Soybean,2018,Kharif,663.6,29.4,62.5,100.7,56.0,215.0,6.69,175.87,1,0,3.36
Wheat,2020,Rabi,505.8,19.8,57.8,224.6,52.1,189.6,6.77,350.76,0,1,3.3
Wheat,2020,Rabi,442.7,24.8,44.3,224.6,48.2,235.6,6.95,333.45,0,1,3.0
Rice,2015,Kharif,1205.0,32.7,84.8,224.7,58.4,267.0,6.58,120.19,0,1,5.58
Wheat,2022,Rabi,521.5,23.9,54.8,146.9,45.5,228.2,7.84,48.2,0,1,2.68
Rice,2020,Kharif,1413.7,28.9,80.7,191.0,53.7,217.1,6.34,193.95,1,1,5.31
Sugarcane,2022,Summer,1029.8,34.5,70.5,267.9,58.4,294.7,7.04,46.78,1,1,74.46
Cotton,2015,Kharif,744.0,28.4,63.0,210.9,30.9,248.7,6.93,373.35,0,1,2.4
Sugarcane,2020,Summer,1002.5,33.6,74.9,223.4,63.6,289.7,7.1,466.31,1,1,82.94
Rice,2018,Kharif,1346.0,32.2,81.5,221.9,43.1,273.5,6.52,215.55,1,1,5.62
Soybean,2023,Kharif,676.4,28.7,71.0,159.5,49.7,153.5,6.25,110.37,0,0,2.46
Sugarcane,2016,Summer,897.0,26.5,75.6,193.1,64.2,325.4,6.89,266.78,1,1,59.37
Soybean,2019,Kharif,726.5,26.9,70.9,104.2,42.6,146.7,6.68,311.44,1,0,2.57
Sugarcane,2019,Summer,1301.9,34.3,83.9,204.6,54.9,252.0,6.68,9.09,1,1,65.81
Maize,2022,Kharif,714.1,28.7,64.0,187.5,47.3,244.4,6.7,428.64,1,1,6.85
Rice,2017,Kharif,1108.1,35.0,70.8,234.5,34.8,189.0,6.74,321.78,1,1,3.21
Wheat,2019,Rabi,585.0,20.1,47.8,172.2,56.1,208.7,6.72,278.09,0,1,3.32
Sugarcane,2016,Summer,1185.0,29.9,83.5,231.3,54.4,322.9,6.52,448.07,1,0,78.0
Wheat,2018,Rabi,572.4,19.4,53.0,240.0,62.1,211.8,7.0,368.21,0,1,3.67
Maize,2017,Kharif,488.8,29.7,69.0,257.9,47.6,195.1,6.91,38.65,0,1,3.85
Cotton,2021,Kharif,835.5,26.9,51.9,125.8,36.2,207.6,7.82,226.7,1,1,1.83
Soybean,2021,Kharif,662.9,31.0,62.0,153.7,80.0,221.1,7.02,357.43,1,0,3.19
Rice,2022,Kharif,1414.1,34.5,86.4,168.4,37.2,262.3,6.75,407.98,0,0,3.1
Wheat,2017,Rabi,597.7,20.8,55.6,254.1,55.0,152.0,6.91,374.46,0,0,2.83
Rice,2019,Kharif,1220.7,32.0,90.0,223.9,51.0,258.0,6.44,87.19,0,1,4.62
Sugarcane,2018,Summer,1061.3,30.5,90.0,236.7,56.5,271.5,5.6,97.06,0,1,48.26
Sugarcane,2020,Summer,1001.0,30.0,80.3,263.4,62.6,248.9,7.44,97.73,0,0,64.1
Maize,2016,Kharif,702.2,26.2,61.4,192.9,45.0,248.7,7.24,367.91,1,0,4.61
Cotton,2023,Kharif,842.4,26.0,52.8,179.4,57.8,207.3,6.69,241.02,0,1,2.44
Maize,2022,Kharif,680.3,25.7,65.4,202.3,40.2,163.7,7.53,33.25,1,1,4.33
Rice,2024,Kharif,1241.4,30.1,82.9,200.1,34.0,250.3,6.99,222.19,0,1,4.11
Soybean,2016,Kharif,823.9,24.2,66.8,103.9,55.1,208.5,6.67,472.58,0,1,2.57
Turmeric,2015,Kharif,847.9,29.0,80.1,134.5,43.4,158.8,6.41,342.39,1,0,7.73
Soybean,2019,Kharif,751.7,29.2,62.7,163.7,49.4,135.6,6.71,103.33,0,1,3.38
Cotton,2019,Kharif,724.5,25.1,59.2,165.4,45.1,171.0,6.36,155.81,0,0,1.65
Cotton,2017,Kharif,881.9,29.5,45.9,140.4,40.8,262.1,6.71,442.12,1,0,1.83
Cotton,2016,Kharif,868.4,26.4,55.6,115.3,27.0,250.3,6.89,120.03,1,1,1.89
Wheat,2021,Rabi,545.2,22.5,64.0,210.9,66.4,192.4,7.92,390.19,1,1,3.84
Maize,2022,Kharif,500.1,28.2,69.3,136.5,46.8,256.6,6.94,483.1,0,1,3.57
Wheat,2020,Rabi,561.7,22.1,61.1,258.6,66.5,200.6,7.34,472.61,0,1,4.05
Rice,2018,Kharif,1045.6,30.1,77.3,161.1,42.6,231.3,5.91,43.22,0,0,2.84
Wheat,2020,Rabi,569.0,22.0,38.1,195.6,46.4,177.0,7.03,295.77,1,0,2.66
Wheat,2019,Rabi,555.2,18.8,49.6,223.2,44.1,204.1,6.86,249.56,0,1,3.03
Rice,2018,Kharif,1217.6,29.1,88.7,159.0,39.1,268.5,6.53,44.17,0,1,3.73
Wheat,2018,Rabi,518.7,20.6,52.1,223.2,72.9,228.7,8.19,354.9,0,0,2.45
Wheat,2015,Rabi,487.3,21.1,56.5,176.3,57.8,224.2,7.23,320.22,0,1,3.89
Wheat,2015,Rabi,542.3,25.0,54.2,150.0,58.7,178.0,6.91,375.68,1,1,2.7
Cotton,2022,Kharif,717.2,24.2,54.2,189.4,37.7,179.6,6.68,186.07,1,1,2.52
Soybean,2017,Kharif,713.4,24.6,64.4,85.0,65.6,181.1,6.6,17.5,0,0,2.6
Soybean,2018,Kharif,652.2,30.3,59.5,124.1,43.7,166.6,6.43,321.7,1,1,2.73
Cotton,2018,Kharif,878.7,29.9,65.0,143.5,58.0,262.4,7.54,6.04,0,1,2.06
Soybean,2015,Kharif,598.2,25.1,67.6,127.6,41.1,199.4,6.33,58.2,0,1,2.38
Wheat,2018,Rabi,465.1,19.8,52.3,207.3,75.3,164.3,7.51,245.16,1,1,3.66
Wheat,2022,Rabi,569.3,22.0,53.8,205.5,53.7,170.2,7.33,38.14,1,0,3.49
Rice,2020,Kharif,1052.4,29.8,77.7,270.4,48.0,246.3,6.47,99.43,0,1,5.8
Maize,2020,Kharif,636.5,27.7,74.6,169.2,56.3,203.8,7.71,466.05,0,1,3.9
Cotton,2020,Kharif,747.0,26.7,53.2,150.2,48.9,161.2,6.78,329.72,1,1,2.62
Soybean,2021,Kharif,706.2,27.0,63.8,138.8,51.7,125.1,7.48,165.27,1,1,3.23
Rice,2022,Kharif,1336.8,30.2,81.3,234.0,54.3,253.0,5.7,143.27,0,0,4.25
Maize,2018,Kharif,530.3,27.1,51.0,223.1,42.0,254.6,7.14,169.72,0,0,3.92
Wheat,2020,Rabi,499.6,23.3,63.6,300.0,58.9,152.9,6.69,199.57,0,1,2.71
Maize,2019,Kharif,691.5,27.3,54.7,207.6,48.1,222.7,6.45,397.15,0,1,4.37
Soybean,2021,Kharif,815.5,26.0,69.1,148.8,45.8,135.0,6.62,159.13,0,1,2.77
Wheat,2021,Rabi,563.9,24.7,50.2,227.2,68.5,178.7,7.55,209.7,0,1,3.24
Rice,2023,Kharif,1384.7,31.6,81.5,157.8,50.4,278.8,6.13,76.24,1,1,5.34
Soybean,2016,Kharif,545.1,29.6,67.1,152.5,41.7,194.0,7.26,232.02,1,0,2.25
Maize,2017,Kharif,788.7,23.7,61.5,199.6,33.9,260.7,7.03,220.33,0,1,4.37
Cotton,2019,Kharif,914.2,29.8,61.0,112.6,40.5,204.1,6.46,368.71,0,1,1.49
Rice,2018,Kharif,1119.5,30.9,90.0,136.9,24.6,259.9,6.62,266.1,0,1,2.71
Cotton,2020,Kharif,726.7,22.1,56.2,180.5,36.7,186.5,6.39,321.18,1,1,1.91
Rice,2016,Kharif,1277.4,31.4,83.1,201.0,41.3,326.7,5.76,133.06,0,1,3.79
Sugarcane,2021,Summer,1106.7,34.1,88.5,277.6,59.6,248.7,7.22,139.49,0,1,57.13
Wheat,2022,Rabi,489.4,22.5,55.4,248.1,59.2,219.1,7.29,269.18,1,1,4.94
Rice,2017,Kharif,1248.5,31.4,86.9,205.6,45.1,270.1,6.08,430.11,1,1,4.74
Cotton,2018,Kharif,899.2,28.0,75.7,168.5,53.6,169.5,7.26,236.35,1,1,2.07
Wheat,2016,Rabi,598.5,21.2,68.9,243.4,35.3,140.2,6.89,211.81,0,0,2.09
Rice,2015,Kharif,1204.7,29.7,77.7,165.8,57.4,180.1,6.52,125.51,1,1,4.55
Soybean,2018,Kharif,739.0,25.8,61.9,125.2,63.9,206.9,7.22,120.88,1,1,3.81
Maize,2023,Kharif,687.7,26.7,64.4,208.3,51.7,162.9,6.28,452.96,0,0,4.3
Cotton,2016,Kharif,624.6,30.5,75.1,202.7,26.4,165.4,7.03,310.46,1,0,1.23
Wheat,2023,Rabi,503.0,23.8,63.9,189.7,63.5,225.4,7.83,183.04,1,1,3.09
Wheat,2015,Rabi,569.8,22.4,51.7,183.3,55.8,155.4,7.27,400.51,0,1,3.4
Rice,2024,Kharif,958.7,31.0,78.9,186.6,27.7,275.6,6.3,138.3,0,1,2.97
Soybean,2023,Kharif,750.7,29.9,67.7,107.1,44.9,181.5,7.07,431.55,0,1,2.24
Wheat,2023,Rabi,538.0,26.2,66.1,258.5,68.4,166.1,6.94,101.53,0,1,3.05
Maize,2020,Kharif,832.1,27.8,60.2,197.1,52.1,211.1,7.27,343.43,1,0,5.32
Rice,2018,Kharif,1187.0,31.6,90.0,233.1,42.2,193.4,6.27,305.81,1,1,4.24
Wheat,2020,Rabi,523.8,24.8,58.2,265.5,58.3,188.9,7.48,62.96,0,1,3.41
Cotton,2023,Kharif,900.7,30.5,58.4,207.6,36.4,167.8,7.2,50.3,1,0,2.14
Rice,2015,Kharif,1298.1,32.7,81.4,182.8,42.4,246.7,6.84,381.5,0,0,3.59
Rice,2023,Kharif,1311.1,31.1,77.4,292.5,51.6,326.5,6.33,390.6,1,1,6.96
Rice,2016,Kharif,1128.3,29.3,86.8,214.1,35.1,310.3,5.98,98.58,0,1,3.89
Soybean,2023,Kharif,676.1,30.2,67.3,92.5,52.8,202.8,7.1,29.52,0,1,2.06
Sugarcane,2016,Summer,1200.4,28.0,82.1,177.0,67.4,310.9,7.06,322.11,1,1,62.35
Maize,2015,Kharif,694.4,26.0,71.6,193.7,53.9,264.5,7.31,499.26,0,0,4.11
Soybean,2017,Kharif,796.6,27.4,66.5,127.5,56.9,190.4,5.86,432.55,0,1,3.07
Rice,2023,Kharif,1160.0,28.8,79.7,160.7,37.3,260.4,6.33,47.6,1,1,3.7
Rice,2023,Kharif,1460.5,30.3,90.0,91.8,40.2,218.1,7.25,230.23,1,1,3.42
Cotton,2020,Kharif,921.7,27.4,55.2,176.9,45.3,242.5,6.79,489.61,0,0,1.82
Rice,2020,Kharif,1348.1,32.0,88.0,225.8,47.3,166.3,7.0,340.24,0,1,3.58
Wheat,2023,Rabi,449.9,20.5,58.1,215.8,50.1,193.5,6.74,191.26,0,1,3.21
Wheat,2021,Rabi,573.5,21.1,54.3,216.7,42.0,200.0,6.74,136.93,0,1,3.6
Rice,2020,Kharif,1373.9,28.6,84.8,144.6,43.9,268.0,6.4,173.41,0,1,4.31
Wheat,2016,Rabi,486.9,25.6,57.0,219.4,66.6,155.5,7.29,201.75,0,1,3.28
Maize,2015,Kharif,641.7,28.2,62.8,199.5,51.5,157.8,6.71,72.49,0,1,4.45
Maize,2021,Kharif,774.5,27.5,65.8,256.1,40.3,216.0,6.84,140.98,0,1,5.83
Wheat,2018,Rabi,538.9,21.3,59.8,239.5,54.1,240.5,7.37,72.51,1,1,4.46
Soybean,2023,Kharif,681.1,26.0,66.4,135.3,43.2,176.8,6.85,303.09,0,0,2.52
Soybean,2017,Kharif,692.6,25.9,70.5,100.8,51.8,216.7,6.6,379.5,1,0,2.33
Soybean,2019,Kharif,813.0,27.0,80.3,98.1,40.1,196.7,6.62,190.75,0,1,2.05
Cotton,2018,Kharif,909.1,29.1,61.7,180.7,38.0,201.3,6.98,308.54,1,0,2.03
Cotton,2021,Kharif,802.7,28.7,63.7,168.1,34.3,177.9,6.92,282.79,1,0,2.12
Turmeric,2023,Kharif,957.3,30.8,84.5,232.4,44.6,297.6,6.83,478.21,1,1,9.37
Wheat,2015,Rabi,599.7,22.5,52.0,246.2,62.2,230.6,6.97,251.42,0,0,3.82
Wheat,2017,Rabi,535.7,21.0,49.0,231.9,72.6,163.6,8.3,480.58,1,1,3.57
Sugarcane,2021,Summer,1126.8,33.0,81.8,287.9,76.3,336.9,7.26,79.78,0,1,100.02
Maize,2023,Kharif,658.6,26.9,61.9,159.7,47.3,220.7,7.14,191.73,0,1,4.62
Sugarcane,2021,Summer,997.9,32.2,82.3,283.1,59.0,392.3,6.83,393.32,1,0,92.37
Wheat,2022,Rabi,539.6,20.6,50.1,204.3,49.8,224.7,7.43,393.43,0,0,2.74
Rice,2022,Kharif,1262.5,27.9,86.3,205.5,35.5,189.2,6.28,417.89,0,1,3.42
Turmeric,2015,Kharif,891.7,27.7,73.8,175.3,40.3,263.8,6.55,101.57,1,0,7.89
Wheat,2021,Rabi,587.9,24.1,59.5,198.4,56.3,192.5,6.46,153.48,0,0,2.43
Rice,2024,Kharif,1307.8,26.0,84.5,228.5,49.1,256.6,6.83,437.19,1,1,4.79
Maize,2022,Kharif,771.8,27.8,63.7,201.5,41.2,155.7,6.22,485.32,1,1,4.97
Turmeric,2018,Kharif,1052.9,27.1,69.4,189.8,43.0,222.9,6.44,475.8,0,0,6.04
Maize,2020,Kharif,650.3,29.8,53.2,254.5,49.3,207.6,6.73,118.38,1,1,4.79
Cotton,2016,Kharif,778.2,26.0,60.1,158.0,39.7,296.6,7.18,409.58,1,1,3.03
Wheat,2015,Rabi,550.6,23.2,60.9,207.2,47.2,140.0,7.46,90.12,1,1,3.17
Wheat,2019,Rabi,574.3,23.5,58.2,188.1,60.0,176.0,7.03,384.23,1,0,3.25
Turmeric,2022,Kharif,884.8,29.2,79.6,162.3,47.7,210.3,6.88,85.23,0,0,6.47
Sugarcane,2020,Summer,1048.1,33.0,80.2,300.0,41.4,400.7,6.76,481.96,0,1,91.68
Cotton,2020,Kharif,742.0,27.6,53.5,185.6,53.0,171.0,7.27,19.34,0,1,2.01
Cotton,2020,Kharif,773.9,28.6,58.8,226.4,42.0,227.1,6.26,185.51,1,0,2.52
Wheat,2019,Rabi,534.0,18.2,48.7,261.7,54.8,194.2,7.47,74.47,1,1,3.91
Cotton,2019,Kharif,879.3,24.9,57.8,122.5,31.9,244.3,6.62,40.69,0,1,1.73
Cotton,2016,Kharif,794.3,28.2,45.5,159.9,36.2,169.8,7.69,117.67,0,1,1.59
Rice,2020,Kharif,1228.1,30.7,75.2,213.6,37.6,184.1,6.41,187.25,0,1,3.39
Rice,2017,Kharif,1143.2,29.1,86.1,159.6,45.2,260.3,6.34,392.1,0,1,3.84
Wheat,2021,Rabi,478.7,20.4,62.7,202.3,42.4,213.5,7.56,107.22,1,1,3.43
Cotton,2021,Kharif,835.2,26.0,65.1,190.9,60.2,219.2,6.65,146.76,0,1,2.46
Rice,2018,Kharif,1390.3,27.7,90.0,152.1,41.0,262.3,5.98,139.75,0,0,2.55
Maize,2021,Kharif,884.6,27.7,59.3,241.1,68.7,184.6,6.26,60.23,1,1,6.63
Maize,2024,Kharif,566.8,31.1,58.9,205.1,41.3,221.2,7.13,395.32,0,1,3.45
Rice,2019,Kharif,1248.5,31.0,85.1,238.1,52.8,228.0,6.14,390.23,0,1,4.66
Soybean,2018,Kharif,800.4,25.9,50.4,91.7,30.3,155.6,6.71,129.32,1,1,2.07
Rice,2024,Kharif,1144.7,29.8,83.3,120.9,47.7,269.0,6.95,409.98,0,1,3.95
Wheat,2020,Rabi,559.0,23.9,51.9,205.6,61.4,194.2,7.25,3.79,0,0,2.92
Sugarcane,2023,Summer,947.6,31.0,72.3,225.8,72.4,318.1,7.16,190.8,1,0,64.78
Cotton,2023,Kharif,863.5,26.6,59.9,122.2,38.9,241.3,6.31,420.74,0,1,1.92
Rice,2015,Kharif,1033.6,32.1,90.0,206.8,38.3,200.4,6.41,314.59,0,1,3.27
Cotton,2024,Kharif,642.1,26.1,69.1,174.1,39.3,264.6,6.99,373.95,0,1,2.21
Wheat,2016,Rabi,502.5,19.8,47.3,166.3,53.1,224.3,6.84,315.6,1,1,3.05
Rice,2015,Kharif,1252.1,32.1,85.8,205.8,38.1,246.5,6.67,311.43,1,1,3.83
Rice,2018,Kharif,1383.1,31.6,90.0,144.6,46.8,271.1,6.74,16.91,0,1,3.8
Maize,2023,Kharif,667.4,25.4,61.6,190.2,52.7,227.2,6.84,374.02,0,0,4.99
Cotton,2018,Kharif,901.4,29.7,57.3,208.2,28.5,280.9,7.17,369.13,0,1,2.15
Rice,2022,Kharif,1383.1,28.8,90.0,286.3,45.1,214.7,6.2,99.93,1,1,5.08
Maize,2024,Kharif,797.6,30.0,61.5,162.2,68.6,198.1,6.62,466.58,0,0,4.13
Maize,2015,Kharif,786.9,24.5,76.5,224.7,51.0,232.5,7.27,25.04,0,1,4.3
Wheat,2016,Rabi,542.1,20.4,59.1,257.8,48.4,229.1,6.89,201.4,1,1,4.66
Maize,2024,Kharif,708.0,28.0,72.5,166.9,51.0,167.5,7.55,316.66,0,1,3.75
Cotton,2022,Kharif,820.8,25.1,67.1,160.8,31.0,229.8,7.1,208.36,0,1,1.88
Wheat,2022,Rabi,499.3,21.1,53.1,213.5,47.1,164.5,7.06,216.05,1,0,3.53
Cotton,2024,Kharif,854.0,29.8,53.4,189.2,40.4,254.5,6.65,188.83,1,1,2.83
Soybean,2015,Kharif,697.9,23.7,60.0,111.5,54.1,227.1,6.58,171.92,0,1,2.38
Cotton,2020,Kharif,761.9,30.9,59.1,226.8,41.0,165.2,6.5,300.57,1,1,2.65
Soybean,2015,Kharif,804.7,29.2,69.3,106.3,49.6,156.3,7.12,265.45,0,1,2.28
Turmeric,2023,Kharif,894.1,25.2,78.8,124.8,43.6,251.3,6.06,252.33,0,1,7.03
Maize,2022,Kharif,574.1,27.5,71.4,243.3,54.0,200.6,6.62,74.84,0,1,5.63
Soybean,2015,Kharif,798.2,26.9,71.5,112.2,55.2,209.4,7.31,375.83,1,1,3.32
Wheat,2016,Rabi,529.6,22.9,50.8,196.9,55.5,194.5,6.95,98.05,0,1,3.4
Wheat,2018,Rabi,575.4,24.4,59.4,208.5,47.8,170.9,7.17,234.44,0,1,2.62
Maize,2015,Kharif,736.1,28.2,70.1,174.5,45.9,203.0,6.26,83.26,1,1,4.02
Sugarcane,2019,Summer,1049.1,31.7,82.0,283.2,43.8,322.7,6.77,28.88,0,0,75.87
Rice,2023,Kharif,1392.5,34.7,84.8,159.3,45.0,195.5,6.61,162.75,0,1,3.04
Cotton,2021,Kharif,730.7,27.7,66.5,171.7,38.8,219.1,7.06,413.12,1,1,2.31
Rice,2022,Kharif,1403.6,32.8,69.6,156.1,57.7,238.1,6.03,464.65,0,1,3.23
Rice,2022,Kharif,1384.2,33.2,82.3,271.0,37.8,212.1,6.84,442.52,0,1,4.08
Cotton,2017,Kharif,646.4,31.6,59.1,138.5,34.1,252.7,6.85,489.03,1,0,1.59
Wheat,2017,Rabi,570.6,19.6,47.4,251.8,57.7,151.3,7.64,247.33,1,0,3.02
Sugarcane,2023,Summer,1021.8,31.0,74.5,272.7,71.0,426.8,7.02,270.14,1,1,115.91
Cotton,2018,Kharif,675.8,26.1,68.0,139.2,43.1,219.1,7.04,147.76,0,1,2.07
Rice,2018,Kharif,1266.5,32.6,82.2,209.1,49.7,232.7,6.63,91.44,0,1,4.15
Rice,2018,Kharif,1251.1,28.1,81.3,213.5,50.5,232.1,6.84,299.22,0,0,4.02
Wheat,2022,Rabi,492.9,19.7,46.1,231.7,75.4,191.5,7.01,458.24,1,1,4.18
Soybean,2017,Kharif,711.8,23.3,57.8,131.1,42.4,160.6,6.93,101.54,1,1,2.64
Sugarcane,2018,Summer,1173.9,36.6,74.9,203.9,58.6,307.7,7.28,442.15,0,1,53.34
Wheat,2024,Rabi,552.7,22.7,54.7,228.4,61.3,139.5,7.1,56.26,0,1,4.05
Turmeric,2019,Kharif,893.2,28.0,73.4,207.6,53.3,269.4,6.71,135.67,0,0,8.87
Rice,2021,Kharif,1274.9,28.4,90.0,166.0,54.4,253.4,7.35,487.41,0,1,3.94
Cotton,2017,Kharif,834.5,32.8,60.2,161.4,33.7,243.0,7.34,298.8,0,0,1.54
Cotton,2016,Kharif,857.5,30.7,56.7,190.5,18.7,156.6,6.96,151.61,1,1,1.71
Wheat,2016,Rabi,529.2,23.2,49.2,239.6,39.0,123.4,7.29,156.43,1,0,3.0
Cotton,2020,Kharif,854.7,24.6,61.5,201.2,33.9,224.8,6.76,376.96,1,0,2.35
Maize,2021,Kharif,621.1,29.8,59.2,209.8,53.0,234.1,6.57,316.28,0,1,5.08
Cotton,2015,Kharif,848.7,29.1,65.4,154.2,45.3,223.7,6.55,487.15,1,0,1.89
Maize,2024,Kharif,735.0,25.8,38.9,199.5,40.5,224.6,6.64,465.87,1,0,3.53
Turmeric,2016,Kharif,859.9,28.9,76.9,172.2,48.5,198.1,6.58,46.56,0,1,8.56
Cotton,2024,Kharif,737.6,27.4,60.8,148.9,27.8,292.2,6.78,341.88,1,1,2.98
Wheat,2016,Rabi,512.2,18.7,59.0,229.8,58.8,223.6,7.77,109.49,0,1,2.72
Wheat,2020,Rabi,476.2,22.7,64.8,234.7,56.0,185.6,7.15,436.25,1,0,3.64
Maize,2019,Kharif,589.1,26.7,60.8,195.4,35.4,102.6,7.01,208.79,0,1,2.91
Rice,2018,Kharif,1357.8,29.3,70.0,165.4,52.1,232.8,6.02,259.48,1,0,3.44
Rice,2016,Kharif,1216.2,32.6,81.7,222.5,51.1,267.1,6.63,181.58,1,1,5.95
Sugarcane,2017,Summer,1330.2,30.3,67.0,282.0,68.1,324.8,7.3,44.99,1,1,85.57
Maize,2023,Kharif,731.8,30.5,60.8,210.5,51.7,211.1,6.76,16.04,1,0,5.32
Wheat,2020,Rabi,642.2,24.1,47.9,224.8,56.4,185.5,8.33,448.08,1,1,2.97
Maize,2019,Kharif,940.1,26.7,75.4,244.0,43.5,230.9,6.39,44.02,1,1,5.7
Soybean,2020,Kharif,784.8,28.5,56.1,133.3,63.6,225.9,6.25,351.12,0,0,2.61
Maize,2018,Kharif,842.3,26.9,76.8,222.4,60.8,183.6,6.84,300.41,1,1,5.69
Soybean,2015,Kharif,712.2,24.5,61.9,89.9,31.9,184.4,6.69,393.2,0,1,2.02
Maize,2015,Kharif,681.9,28.0,66.4,215.4,49.9,206.8,6.48,482.91,0,1,5.14
Wheat,2024,Rabi,572.5,20.4,60.6,239.8,48.0,223.1,7.53,394.8,0,0,3.21
Rice,2016,Kharif,1361.3,28.8,72.0,157.6,27.5,235.3,6.58,431.15,0,1,3.15
Rice,2019,Kharif,1487.1,26.8,76.1,187.9,49.6,218.4,6.68,305.97,0,1,3.79
Wheat,2017,Rabi,595.1,22.2,61.2,255.4,53.3,148.8,7.37,197.48,0,1,3.11
Turmeric,2018,Kharif,948.1,30.9,81.3,198.0,69.2,267.7,6.43,171.66,0,1,9.44
Wheat,2024,Rabi,471.4,25.1,51.9,191.6,41.1,162.6,6.67,426.73,1,1,2.9
Cotton,2015,Kharif,912.6,28.3,68.2,176.0,34.4,242.8,7.23,49.97,1,1,2.39
Cotton,2023,Kharif,882.4,28.9,63.3,128.7,39.5,215.9,7.58,30.96,1,1,2.1
Rice,2016,Kharif,1204.6,30.4,78.9,242.5,46.2,259.6,6.14,98.21,0,1,4.7
Rice,2015,Kharif,1487.9,32.3,86.9,229.9,50.0,280.4,7.41,312.47,0,1,3.45
Cotton,2022,Kharif,795.4,29.5,59.1,206.5,37.1,229.4,6.57,359.91,0,0,2.25
Wheat,2021,Rabi,468.5,23.0,55.7,281.5,60.3,200.0,6.95,190.34,1,0,3.83
Rice,2016,Kharif,1283.4,32.1,76.6,234.2,39.5,173.5,6.78,274.12,1,1,4.23
Rice,2016,Kharif,1430.3,28.8,84.6,149.5,37.0,229.8,5.9,86.78,1,0,2.76
Cotton,2016,Kharif,827.7,29.9,59.7,152.4,45.0,217.7,6.83,296.28,0,1,1.86
Sugarcane,2017,Summer,1239.1,34.6,73.8,216.3,72.8,360.7,7.03,156.08,1,1,84.72
Turmeric,2022,Kharif,883.6,30.1,64.0,200.1,30.3,149.4,7.04,378.54,0,1,5.51
Cotton,2018,Kharif,675.7,28.6,56.8,134.6,40.1,230.7,6.8,217.27,0,0,1.78
Cotton,2019,Kharif,868.3,27.6,67.0,154.0,26.5,246.4,7.06,329.77,0,1,2.1
Cotton,2018,Kharif,677.2,29.3,43.9,150.3,57.0,185.5,7.5,423.29,0,1,1.53
Soybean,2021,Kharif,642.8,28.5,68.8,113.3,54.0,239.9,6.75,323.94,0,1,2.78
Cotton,2021,Kharif,956.0,27.2,55.8,186.6,35.4,237.6,6.88,394.57,0,0,1.83
Sugarcane,2018,Summer,1157.5,33.9,73.7,241.4,76.5,263.0,6.44,257.41,0,1,68.03
Wheat,2023,Rabi,507.3,22.9,50.4,203.7,69.1,218.7,7.22,143.32,0,1,4.14
Wheat,2017,Rabi,559.7,21.8,55.6,203.4,48.4,211.1,7.19,152.09,1,0,3.86
Rice,2017,Kharif,1359.8,29.3,75.3,222.2,46.4,275.6,6.69,214.57,0,0,4.68
Soybean,2024,Kharif,892.4,26.2,69.2,112.8,43.6,246.0,6.4,396.06,1,1,3.64
Cotton,2021,Kharif,874.8,25.0,69.3,83.8,56.0,203.4,6.61,37.28,0,1,1.43
Turmeric,2024,Kharif,893.2,29.9,86.1,184.0,52.4,239.3,6.33,186.5,1,1,9.74
Turmeric,2023,Kharif,950.0,29.0,69.2,183.5,42.4,299.8,5.83,347.13,0,1,8.23
Soybean,2016,Kharif,667.0,27.8,65.1,94.3,44.7,153.9,6.23,368.84,0,1,2.18
Sugarcane,2015,Summer,1163.1,29.2,90.0,267.5,54.3,329.0,7.21,22.19,0,1,63.5
Sugarcane,2021,Summer,1171.3,30.9,87.2,255.3,75.6,339.8,6.59,254.46,1,1,99.38
Wheat,2018,Rabi,553.6,20.0,50.0,184.6,65.7,115.0,7.63,206.91,0,1,2.61
Cotton,2021,Kharif,686.7,27.2,60.4,197.4,40.6,283.8,7.15,455.69,0,1,2.42
Maize,2022,Kharif,719.7,29.4,71.6,227.2,44.9,233.4,5.95,403.4,0,1,4.44
Cotton,2023,Kharif,632.9,21.2,60.4,205.5,49.2,255.6,7.74,290.57,1,0,1.93
Wheat,2019,Rabi,598.1,22.2,67.6,191.6,67.2,259.4,7.4,225.32,1,1,3.75
Cotton,2017,Kharif,733.8,24.2,73.7,176.8,57.9,233.2,6.75,480.48,0,0,1.69
Wheat,2019,Rabi,553.2,23.7,65.4,240.5,46.2,229.7,7.24,457.63,1,1,4.65
Cotton,2016,Kharif,727.0,28.6,61.2,172.2,50.5,162.7,7.13,84.81,0,1,1.96
Rice,2018,Kharif,1341.2,29.0,80.5,215.8,24.7,285.2,6.13,381.17,0,1,3.51
Rice,2016,Kharif,1452.6,29.4,71.1,180.4,47.6,260.4,6.4,21.0,0,1,3.95
Wheat,2017,Rabi,549.7,22.1,52.2,227.7,40.5,233.5,6.95,248.36,0,1,3.66
Soybean,2016,Kharif,853.0,23.0,80.5,95.2,44.5,180.7,6.25,255.79,0,1,1.66
Rice,2021,Kharif,979.5,29.7,82.6,227.6,30.8,273.1,6.23,392.84,1,1,4.89
Sugarcane,2015,Summer,1044.3,36.1,78.5,244.4,50.7,244.0,7.37,409.43,0,0,41.05
Wheat,2024,Rabi,530.9,18.0,53.3,190.4,57.3,183.3,6.89,337.73,1,0,3.19
Wheat,2019,Rabi,521.2,22.3,52.9,201.9,73.8,206.2,6.67,74.35,0,0,3.4
Soybean,2015,Kharif,687.1,29.6,62.9,131.7,48.2,160.7,6.81,302.68,0,0,2.13
Soybean,2019,Kharif,780.5,24.9,54.1,108.3,61.0,182.3,7.31,157.02,0,1,2.51
Wheat,2023,Rabi,495.0,20.5,66.4,253.1,50.2,217.6,7.35,37.4,1,1,3.88
Soybean,2022,Kharif,749.8,29.4,62.9,138.3,45.5,175.3,7.43,179.54,0,1,2.9
Rice,2016,Kharif,1258.2,31.4,80.3,136.7,48.5,239.1,6.81,290.77,1,1,4.31
Maize,2021,Kharif,591.5,28.0,62.6,140.3,59.0,293.2,6.8,385.26,0,0,5.3
Turmeric,2023,Kharif,872.4,29.3,74.0,143.7,25.0,199.5,5.94,285.65,0,1,5.61
Wheat,2018,Rabi,634.4,23.7,52.9,184.2,55.7,203.9,7.29,121.92,1,1,4.32
Maize,2015,Kharif,820.3,29.3,60.6,188.4,70.4,267.7,7.16,15.11,0,1,5.34
Turmeric,2021,Kharif,827.4,27.5,70.4,202.9,40.5,220.1,6.43,176.84,1,1,9.07
Maize,2023,Kharif,676.1,27.4,61.2,180.7,43.3,244.0,6.57,392.52,1,1,6.48
Soybean,2019,Kharif,731.7,24.1,58.4,147.5,41.2,153.6,7.3,89.25,0,0,2.29
Sugarcane,2023,Summer,1151.2,29.8,86.8,266.0,63.6,349.4,6.47,12.02,1,1,90.87
Wheat,2016,Rabi,516.3,21.7,60.3,173.5,51.9,158.9,7.41,276.12,1,1,2.89
Sugarcane,2024,Summer,1255.6,36.5,81.7,248.5,67.6,321.8,7.02,305.99,0,0,62.74
Rice,2018,Kharif,1402.5,29.6,84.4,223.1,43.8,198.8,7.06,241.01,1,0,3.68
Sugarcane,2016,Summer,1093.6,32.2,85.7,277.5,70.1,309.1,7.41,62.59,0,1,79.44
Wheat,2017,Rabi,685.2,22.4,46.1,234.7,55.8,190.0,7.89,404.46,1,0,2.93
Wheat,2019,Rabi,556.5,23.6,64.1,206.1,38.0,214.9,7.3,496.39,1,1,3.2
Cotton,2023,Kharif,696.1,33.0,48.1,169.9,32.1,208.7,7.28,158.85,1,1,1.51
Wheat,2017,Rabi,523.1,21.8,43.8,203.0,41.7,170.8,6.96,61.19,0,0,2.3
Maize,2021,Kharif,587.8,27.9,59.5,227.2,48.2,257.8,7.08,67.49,0,1,4.46
Wheat,2022,Rabi,547.5,22.0,52.7,179.2,69.0,250.6,7.4,335.43,0,1,4.19
Sugarcane,2023,Summer,1252.0,31.6,74.4,210.4,50.3,274.2,6.37,184.6,1,1,64.3
Sugarcane,2015,Summer,1259.2,30.1,69.1,217.0,77.7,306.3,7.0,173.35,1,1,74.69
Rice,2024,Kharif,1126.9,31.4,71.2,203.6,42.6,268.2,6.0,172.75,1,1,4.05
Maize,2020,Kharif,676.6,25.4,70.0,271.4,54.2,233.0,6.61,274.58,1,1,7.56
Maize,2017,Kharif,775.7,25.2,45.3,201.6,71.7,171.0,6.79,451.92,1,1,5.02
Cotton,2022,Kharif,873.9,29.5,63.3,196.0,32.4,130.4,7.36,42.51,0,1,1.73
Soybean,2015,Kharif,784.8,27.8,59.7,160.0,36.2,143.6,6.62,149.31,0,1,2.74
Soybean,2023,Kharif,710.2,26.1,76.2,143.4,50.2,205.0,6.54,217.73,0,1,2.83
Wheat,2016,Rabi,509.0,24.6,48.8,164.0,34.6,100.0,7.41,298.07,0,0,1.7
Wheat,2022,Rabi,578.9,22.3,56.8,234.8,51.5,227.8,6.79,195.34,1,1,5.09
Wheat,2019,Rabi,556.4,25.3,66.5,271.0,50.1,244.1,6.31,427.55,0,1,3.01
Cotton,2022,Kharif,900.4,30.9,59.6,208.4,36.1,284.4,6.34,79.29,1,1,2.73
Rice,2017,Kharif,1279.4,25.5,83.3,199.8,36.3,301.0,6.8,290.16,0,1,3.59
Rice,2019,Kharif,1225.1,28.6,90.0,244.9,28.6,292.8,6.67,228.62,1,0,3.91
Soybean,2015,Kharif,653.3,28.3,67.3,132.6,54.0,161.2,7.38,381.05,1,1,2.78
Rice,2019,Kharif,1188.0,26.2,78.4,239.5,38.2,205.5,6.88,470.75,0,1,3.31
Maize,2019,Kharif,715.2,26.1,59.4,209.7,63.3,176.8,7.01,166.65,1,1,6.44
Soybean,2020,Kharif,684.5,26.6,58.5,118.4,38.1,171.2,6.56,455.49,0,1,2.3
Cotton,2023,Kharif,810.2,28.8,77.8,175.5,46.2,192.2,6.74,450.24,0,0,1.89
Turmeric,2015,Kharif,884.0,30.5,77.4,192.9,30.4,235.8,6.26,442.94,0,1,6.64
Wheat,2015,Rabi,501.1,24.7,48.5,239.0,38.2,196.2,6.62,225.39,0,1,2.6
Turmeric,2023,Kharif,858.2,31.0,70.8,175.1,56.0,230.6,6.88,101.54,0,1,8.59
Cotton,2018,Kharif,839.7,27.2,61.8,194.6,44.3,237.5,6.79,91.21,0,0,2.31
Wheat,2016,Rabi,504.8,24.1,53.7,239.6,56.1,225.7,6.69,441.05,0,1,3.44
Turmeric,2021,Kharif,1009.4,29.2,81.7,228.7,48.5,210.6,6.63,403.26,1,1,12.26
Maize,2023,Kharif,700.9,28.0,66.5,136.4,61.4,226.6,7.02,439.63,0,1,5.51
Maize,2018,Kharif,653.0,26.0,66.9,223.9,53.6,100.0,6.73,33.94,0,1,3.7
Maize,2023,Kharif,732.0,26.1,59.8,260.6,49.7,275.2,6.96,34.57,0,1,7.04
Cotton,2020,Kharif,734.3,31.2,71.7,176.6,37.6,208.9,7.01,476.11,0,1,1.54
Rice,2021,Kharif,1114.7,28.3,72.0,183.9,46.5,156.9,6.22,268.73,0,0,3.07
Turmeric,2023,Kharif,891.2,32.0,78.8,193.4,56.7,194.1,6.25,257.06,0,1,8.31
Cotton,2016,Kharif,798.4,28.4,52.9,164.8,36.0,237.2,6.5,219.14,0,0,1.52
Soybean,2020,Kharif,757.0,26.9,61.7,80.0,62.8,167.9,7.31,448.14,0,1,2.84
Turmeric,2021,Kharif,1008.0,29.5,68.0,241.4,62.8,300.2,6.33,490.61,0,1,12.19
Cotton,2021,Kharif,718.3,26.9,60.6,163.6,34.5,233.1,6.75,158.36,0,0,1.67
Cotton,2016,Kharif,721.6,29.0,61.9,143.8,41.4,175.4,7.52,475.85,1,1,1.95
Turmeric,2024,Kharif,1007.7,30.2,68.5,202.4,64.8,245.1,6.85,90.4,1,0,10.63
Wheat,2024,Rabi,561.9,24.5,59.4,229.2,67.6,143.4,7.01,77.17,0,1,3.74
Cotton,2020,Kharif,820.8,27.0,56.4,159.4,41.5,258.1,6.64,490.89,0,1,2.36
Wheat,2024,Rabi,517.3,25.1,63.0,222.3,55.7,211.2,7.58,241.99,0,1,3.14
Cotton,2021,Kharif,717.6,29.5,53.7,173.7,26.8,161.8,6.73,93.34,0,1,1.33
Sugarcane,2015,Summer,1009.8,32.3,82.1,253.4,60.7,311.3,6.96,485.72,0,1,79.32
Cotton,2018,Kharif,771.9,30.4,55.0,216.1,26.3,169.5,7.13,23.1,0,1,1.66
Rice,2023,Kharif,1279.0,31.6,85.1,154.9,43.3,263.9,5.86,131.53,1,1,4.23
Cotton,2024,Kharif,876.8,28.3,63.4,207.8,54.6,265.7,7.38,122.16,0,1,2.82
Maize,2022,Kharif,810.0,27.1,77.2,152.3,48.1,219.2,7.19,340.61,0,1,4.04
Wheat,2021,Rabi,665.3,19.5,53.9,217.8,68.2,253.8,7.72,341.52,1,0,4.05
Soybean,2023,Kharif,816.6,27.1,67.9,126.4,60.2,216.1,7.13,334.25,1,1,4.31
Cotton,2020,Kharif,805.9,26.2,56.4,204.8,38.6,317.9,6.98,291.54,1,1,2.85
Cotton,2015,Kharif,867.3,26.3,43.5,142.7,39.4,194.8,7.12,169.79,0,1,1.58
Maize,2020,Kharif,675.6,22.9,65.0,169.8,55.3,235.5,7.11,363.89,1,1,5.23
Cotton,2017,Kharif,705.1,29.0,39.2,224.0,30.0,178.0,7.06,323.03,1,1,1.86
Maize,2015,Kharif,733.3,24.6,68.4,212.7,41.7,292.3,7.24,351.09,0,0,4.3
Wheat,2016,Rabi,561.7,18.9,38.7,250.0,53.9,227.3,7.14,487.92,1,1,3.47
Sugarcane,2022,Summer,1167.1,27.2,75.4,262.5,66.6,345.1,7.15,264.1,1,1,96.02
Cotton,2022,Kharif,886.0,28.9,49.3,217.0,44.6,171.2,7.23,362.73,0,1,2.05
Cotton,2016,Kharif,900.5,28.6,44.7,164.4,38.7,243.6,7.19,205.67,1,0,2.08
Turmeric,2019,Kharif,857.6,30.1,78.0,173.6,60.2,264.1,6.67,413.54,1,1,11.67
Cotton,2022,Kharif,799.1,28.8,69.5,171.2,33.9,172.6,6.92,148.64,0,0,1.53
Maize,2017,Kharif,702.2,27.3,74.3,131.9,63.9,147.2,7.33,22.0,0,1,3.76
Wheat,2020,Rabi,526.1,23.6,65.4,298.2,49.4,199.6,7.57,167.68,0,1,3.2
Soybean,2016,Kharif,790.1,28.7,63.8,131.3,52.0,200.1,7.54,478.24,0,1,2.77
Cotton,2021,Kharif,895.9,27.8,68.5,188.8,45.6,214.3,7.15,85.52,1,1,2.85
Soybean,2017,Kharif,700.3,25.5,56.8,112.1,40.6,159.6,7.2,442.37,0,1,1.84
Cotton,2023,Kharif,837.0,27.9,57.0,181.7,39.0,222.5,7.38,29.26,0,1,2.24
Cotton,2023,Kharif,848.2,26.6,68.6,178.2,36.7,228.6,7.35,27.88,1,1,2.65
Soybean,2020,Kharif,769.7,25.8,65.9,126.8,44.7,139.2,6.84,73.05,1,0,2.84
Rice,2020,Kharif,1346.8,28.3,82.5,239.2,27.5,272.7,6.59,424.34,1,1,5.34
Turmeric,2022,Kharif,834.2,27.8,87.4,206.9,70.6,351.1,6.63,432.49,0,0,8.4
Sugarcane,2024,Summer,1138.7,28.5,80.4,233.0,66.7,260.4,6.22,19.21,0,0,52.42
Sugarcane,2016,Summer,1223.6,33.9,82.7,238.0,71.0,334.4,6.64,181.92,0,1,71.08
Soybean,2016,Kharif,764.7,25.5,72.6,134.1,48.4,208.6,7.13,158.51,0,1,2.49
Wheat,2015,Rabi,558.7,24.0,66.8,258.5,60.2,178.2,8.09,291.93,0,1,2.71
Wheat,2022,Rabi,574.8,21.4,68.7,185.0,40.5,220.1,6.78,137.13,1,1,3.24
Soybean,2017,Kharif,771.5,26.6,63.6,112.1,44.3,205.0,7.44,225.43,1,1,3.35
Cotton,2016,Kharif,898.7,23.8,76.2,231.7,33.6,259.3,6.99,156.93,0,1,1.99
Wheat,2024,Rabi,548.8,24.8,44.1,264.8,42.8,194.8,6.73,492.71,0,0,2.34
Maize,2016,Kharif,577.1,25.6,56.7,190.4,61.5,224.6,7.46,236.47,1,1,4.06
Cotton,2018,Kharif,853.9,28.6,47.3,213.2,29.5,189.6,6.56,13.78,1,1,2.09
Cotton,2020,Kharif,736.0,25.8,41.8,162.2,31.2,252.8,6.84,444.32,0,1,1.7
Maize,2022,Kharif,812.6,26.1,52.5,155.6,51.1,221.7,7.53,296.17,1,1,4.33
Maize,2018,Kharif,650.9,28.2,63.3,215.6,35.8,153.5,7.02,57.36,0,1,3.65
Maize,2020,Kharif,594.2,26.6,63.0,190.9,50.7,244.1,7.19,1.99,0,0,4.08
Soybean,2022,Kharif,675.1,21.8,72.0,148.0,70.5,171.7,6.58,386.28,0,0,2.17
Rice,2015,Kharif,1135.0,29.3,79.1,257.0,42.0,234.3,6.09,25.88,0,0,3.29
Maize,2021,Kharif,784.3,28.6,66.8,240.0,51.4,260.6,6.74,166.71,1,1,7.45
Sugarcane,2022,Summer,1136.0,30.9,76.0,207.3,47.6,321.0,7.0,145.93,0,1,67.16
Maize,2019,Kharif,556.5,24.7,74.1,124.6,41.9,202.6,6.66,86.24,1,1,4.23
Wheat,2022,Rabi,583.8,20.9,67.1,276.3,47.4,240.0,7.93,213.85,1,1,3.76
Soybean,2019,Kharif,698.1,29.0,69.3,106.1,33.3,196.1,6.72,45.99,0,1,2.13
Wheat,2024,Rabi,519.2,20.6,57.8,171.6,59.5,246.7,6.62,430.14,0,1,2.91
Maize,2018,Kharif,661.9,28.2,66.9,174.9,62.3,212.4,7.07,494.47,0,0,3.96
Soybean,2023,Kharif,726.3,27.9,57.0,107.2,56.9,169.3,6.87,197.6,0,1,2.77
Wheat,2024,Rabi,642.4,21.4,70.8,194.3,54.6,239.8,7.11,34.17,0,1,3.24
Cotton,2024,Kharif,776.9,27.0,68.3,155.6,26.3,152.2,6.38,476.74,1,1,1.61
Sugarcane,2021,Summer,1220.5,33.8,87.9,205.0,59.8,278.2,6.71,496.77,0,1,59.5
Wheat,2022,Rabi,555.1,20.3,56.5,269.2,54.1,212.7,7.36,458.7,0,1,4.21
Soybean,2017,Kharif,743.8,21.3,64.0,105.7,41.8,156.1,7.3,271.76,0,1,1.86
Wheat,2023,Rabi,490.0,21.9,48.6,275.2,62.1,179.6,7.67,85.44,1,0,4.35
Sugarcane,2023,Summer,1195.1,31.6,72.9,269.8,75.2,416.9,7.09,98.66,1,1,113.18
Wheat,2017,Rabi,540.0,20.2,55.1,187.2,50.5,176.5,6.83,29.34,0,0,2.62
Maize,2024,Kharif,802.3,26.1,69.9,193.3,61.0,185.3,6.53,475.73,0,1,4.52
Cotton,2021,Kharif,766.6,23.8,61.7,144.0,26.2,228.9,7.6,368.68,1,1,1.63
Cotton,2022,Kharif,693.8,31.1,55.1,199.3,33.9,240.2,6.64,221.93,1,1,2.34
Wheat,2015,Rabi,607.4,20.5,62.1,206.6,39.8,162.3,6.97,216.47,1,1,3.2
Cotton,2015,Kharif,742.8,26.0,68.7,150.7,40.5,206.9,6.59,452.68,0,1,1.57
Soybean,2016,Kharif,738.4,29.7,73.7,97.3,59.7,179.8,6.92,35.08,0,1,2.49
Wheat,2024,Rabi,480.7,18.7,65.6,225.4,70.3,213.4,7.56,134.5,0,0,2.81
Wheat,2019,Rabi,667.0,22.3,51.4,217.2,42.0,238.7,7.16,340.64,1,1,4.07
Cotton,2020,Kharif,802.5,27.0,53.1,234.7,29.1,286.1,7.56,401.84,0,1,2.37
Wheat,2016,Rabi,446.9,20.5,65.8,195.2,49.1,184.0,7.43,444.94,0,0,2.0
Wheat,2023,Rabi,447.0,20.4,44.1,228.0,57.4,221.4,6.56,429.18,0,0,2.72
Cotton,2022,Kharif,877.4,29.7,76.8,182.0,47.7,262.1,6.73,31.29,1,0,2.19
Soybean,2022,Kharif,745.4,26.3,52.1,116.3,54.6,197.2,6.28,409.98,1,1,3.3
Cotton,2017,Kharif,899.8,27.0,65.6,154.6,44.9,224.3,6.62,183.04,0,1,2.15
Sugarcane,2015,Summer,1167.7,32.2,80.0,287.1,58.3,335.1,6.44,19.96,0,1,88.11
Wheat,2016,Rabi,479.9,19.7,52.2,247.4,62.8,144.8,7.02,241.94,0,1,2.84
Wheat,2018,Rabi,570.0,21.6,61.7,184.7,70.3,187.6,7.43,304.29,1,0,3.39
Soybean,2023,Kharif,592.3,27.2,54.0,84.0,43.6,208.1,6.9,409.95,1,1,2.59
Cotton,2016,Kharif,768.7,25.3,64.0,199.3,43.9,322.9,7.37,67.94,1,1,2.63
Sugarcane,2022,Summer,1149.1,32.8,80.5,262.1,73.6,256.3,6.93,68.88,1,0,81.37
Cotton,2016,Kharif,865.9,25.5,71.9,162.3,33.1,251.0,6.99,89.66,1,1,2.34
Cotton,2017,Kharif,666.7,27.6,69.4,132.0,43.1,196.5,7.05,436.56,1,1,2.1
Maize,2016,Kharif,669.0,29.5,68.5,132.2,60.6,209.4,6.46,46.38,0,1,4.04
Rice,2018,Kharif,1215.0,29.5,77.2,251.5,31.5,227.9,6.67,57.08,1,0,4.24
Maize,2024,Kharif,670.0,28.7,65.0,176.6,51.8,268.8,5.82,284.2,1,1,6.36
Sugarcane,2022,Summer,1077.7,33.6,73.2,268.0,55.1,306.1,6.81,254.48,0,0,71.61
Turmeric,2016,Kharif,1019.2,29.3,75.7,175.2,44.3,327.0,7.18,36.83,1,0,9.65
Turmeric,2017,Kharif,885.5,29.1,63.1,199.6,45.1,201.2,7.09,223.55,0,1,6.31
Wheat,2019,Rabi,561.1,20.8,44.9,197.9,50.0,210.4,6.84,95.09,0,1,3.18
Cotton,2017,Kharif,750.1,26.7,59.3,148.2,38.9,252.3,6.97,397.88,1,1,2.69
Rice,2024,Kharif,1283.1,30.8,80.2,188.4,38.2,253.8,6.33,105.13,0,1,4.1
Rice,2018,Kharif,1276.0,32.7,80.6,279.9,58.6,290.7,5.62,131.41,1,1,5.96
Wheat,2020,Rabi,487.6,23.9,65.2,280.9,57.3,117.5,7.58,437.97,1,0,2.93
Maize,2017,Kharif,831.6,26.3,72.8,208.5,46.4,239.4,6.98,49.36,0,1,4.9
Turmeric,2021,Kharif,946.6,28.4,65.7,191.1,44.4,308.0,6.01,426.76,1,0,8.32
Sugarcane,2016,Summer,1200.6,30.9,74.3,294.0,64.9,259.8,7.03,499.45,0,1,74.56
Soybean,2020,Kharif,869.4,26.2,64.5,114.7,46.8,189.1,6.78,51.05,0,0,2.43
Cotton,2021,Kharif,811.8,24.8,48.5,149.0,39.4,280.3,7.99,387.11,0,1,1.62
Wheat,2020,Rabi,603.7,24.5,42.3,191.3,60.4,225.3,7.02,406.21,0,1,3.19
Wheat,2024,Rabi,592.1,23.2,34.7,208.1,48.8,142.3,7.19,107.18,0,1,2.5
Cotton,2020,Kharif,847.5,27.8,51.3,176.0,38.6,219.7,6.8,34.34,0,1,2.16
Rice,2019,Kharif,1350.6,31.2,76.5,263.3,37.6,221.8,7.19,400.25,0,0,3.38
Rice,2024,Kharif,945.4,31.8,82.0,234.4,53.0,241.6,5.7,78.83,1,0,4.26
Wheat,2024,Rabi,530.6,23.2,49.0,230.4,52.8,176.9,7.24,76.31,1,1,4.38
Soybean,2018,Kharif,679.4,28.0,77.5,147.6,37.9,181.7,5.9,326.8,1,1,2.76
Wheat,2016,Rabi,605.6,24.3,49.6,198.8,52.0,170.6,7.11,261.91,1,0,2.84
Wheat,2024,Rabi,609.1,21.3,54.7,186.3,47.1,191.7,8.11,178.91,0,1,3.11
Turmeric,2020,Kharif,866.9,28.9,76.1,179.4,47.6,217.8,6.02,195.34,1,0,7.95
Wheat,2017,Rabi,547.8,24.8,50.5,260.1,47.6,190.7,7.38,60.74,0,1,2.98
Cotton,2019,Kharif,806.6,28.3,64.3,152.0,38.2,160.4,6.97,495.21,1,0,2.17
Rice,2021,Kharif,1161.0,27.3,84.6,169.5,43.9,310.2,5.54,23.75,0,1,3.42
Maize,2023,Kharif,641.6,28.2,63.8,228.2,60.5,266.3,6.31,172.03,0,1,5.92
Rice,2022,Kharif,1350.2,30.7,81.2,167.4,54.4,314.1,6.26,76.59,0,1,5.12
Turmeric,2018,Kharif,902.2,27.2,81.9,167.2,60.7,293.0,6.38,221.91,0,0,8.44
Wheat,2023,Rabi,478.6,19.8,55.7,198.1,53.5,234.2,6.61,107.42,1,1,3.37
Cotton,2019,Kharif,714.6,26.6,53.8,151.9,44.4,207.8,7.07,196.7,1,1,2.62
Soybean,2016,Kharif,772.7,30.4,59.0,109.4,53.8,180.9,6.98,477.22,1,1,2.66
Soybean,2020,Kharif,861.2,28.1,54.5,80.0,59.1,220.7,7.31,408.3,1,0,2.71
Cotton,2015,Kharif,883.9,28.5,64.9,229.7,29.9,239.8,7.34,148.39,0,1,2.03
Wheat,2016,Rabi,414.8,19.7,57.1,262.5,64.3,192.6,7.63,223.12,1,1,3.99
Cotton,2017,Kharif,765.5,27.6,52.8,202.6,57.5,227.1,7.33,429.04,1,1,3.01
Soybean,2017,Kharif,782.2,28.9,70.6,80.2,55.0,191.3,6.77,439.1,0,0,2.35
Rice,2020,Kharif,1466.1,30.3,81.3,162.4,44.6,230.4,7.21,425.78,1,0,3.97
Wheat,2017,Rabi,501.1,20.7,60.8,238.9,45.9,230.5,8.25,185.08,1,0,3.32
Soybean,2019,Kharif,700.4,29.8,69.2,153.3,43.9,186.0,6.73,32.08,1,1,3.32
Rice,2019,Kharif,1248.5,32.0,86.9,220.0,51.6,250.0,6.39,52.86,1,1,5.19
Wheat,2019,Rabi,543.9,24.7,50.7,183.6,65.7,241.7,7.35,67.4,1,0,4.28
Cotton,2022,Kharif,796.1,26.0,65.8,188.8,44.6,223.0,7.28,188.65,0,1,2.24
Soybean,2023,Kharif,798.8,29.1,65.5,155.1,63.7,147.0,6.65,397.32,1,0,3.13
Cotton,2024,Kharif,900.2,30.8,49.0,163.6,54.8,181.0,7.19,387.5,0,1,1.87
Soybean,2016,Kharif,793.2,23.6,66.6,118.0,48.9,239.2,6.45,106.75,1,0,2.76
Sugarcane,2016,Summer,1065.4,28.7,82.2,199.1,48.1,308.0,7.51,414.13,1,0,50.79
Rice,2015,Kharif,1328.7,31.3,83.0,239.7,51.5,216.4,6.57,178.44,1,1,5.93
Soybean,2017,Kharif,772.4,29.2,67.1,126.4,39.3,148.2,6.66,418.82,0,1,2.26
Wheat,2024,Rabi,563.1,24.2,52.2,225.2,51.1,211.3,7.17,199.71,0,1,3.57
Wheat,2021,Rabi,603.1,21.7,53.8,202.0,68.9,181.7,7.54,162.53,1,0,3.96
Wheat,2021,Rabi,500.5,20.5,50.8,263.4,51.8,170.4,7.09,379.48,1,0,3.81
Rice,2023,Kharif,1126.7,29.2,77.9,187.6,40.5,222.1,6.45,353.16,0,0,3.62
Soybean,2023,Kharif,728.7,27.7,66.8,80.0,65.7,192.2,6.93,445.84,0,0,2.29
Rice,2015,Kharif,1403.3,30.1,90.0,155.2,42.5,167.5,6.6,305.1,0,0,2.7
Soybean,2015,Kharif,772.7,26.3,59.6,139.1,46.4,183.1,6.98,275.74,1,1,3.14
Wheat,2020,Rabi,611.6,21.6,64.7,244.3,58.1,235.2,7.34,58.59,1,1,4.09
Wheat,2023,Rabi,593.0,23.1,58.5,209.9,68.9,212.5,7.59,36.27,0,0,3.59
Maize,2021,Kharif,751.8,23.6,81.3,211.3,42.6,143.6,7.14,234.59,0,1,3.29
Wheat,2022,Rabi,567.4,22.4,53.2,193.6,50.8,225.8,6.94,375.35,0,1,3.61
Cotton,2023,Kharif,816.9,31.2,61.9,222.8,53.0,228.7,6.81,314.41,1,1,3.45
Soybean,2016,Kharif,844.0,29.7,60.0,80.0,40.8,190.3,6.87,25.18,1,1,2.35
Maize,2020,Kharif,813.5,23.9,58.8,214.3,42.6,258.2,6.49,33.06,0,1,5.0
Wheat,2019,Rabi,531.3,19.7,60.2,221.2,56.9,218.1,7.96,384.59,1,1,3.16
Turmeric,2021,Kharif,957.8,28.6,90.0,171.6,50.4,235.3,6.83,223.21,0,1,7.22
Wheat,2019,Rabi,551.7,23.8,45.2,208.1,48.2,227.3,7.17,153.07,1,1,3.68
Maize,2021,Kharif,715.7,30.8,68.8,194.2,53.5,194.4,6.57,339.12,1,1,5.1
Maize,2024,Kharif,610.7,28.7,78.8,195.7,64.4,140.4,7.22,337.15,0,1,3.45
Sugarcane,2018,Summer,1166.1,30.3,79.3,275.7,76.8,355.2,6.5,291.74,0,0,75.75
Cotton,2022,Kharif,748.4,30.1,59.2,166.5,37.3,233.5,7.43,37.39,1,1,2.28
Soybean,2023,Kharif,717.6,28.9,67.9,150.0,36.3,248.2,6.57,269.81,0,0,2.91
Cotton,2020,Kharif,773.8,28.5,63.2,194.4,37.4,211.6,7.19,11.46,0,0,1.89
Wheat,2023,Rabi,551.9,23.5,51.0,181.5,58.1,212.7,7.07,131.02,0,1,3.77
Cotton,2017,Kharif,824.4,27.0,66.2,173.8,36.5,212.3,6.98,14.53,1,0,2.47
Rice,2020,Kharif,1153.2,30.5,71.3,123.3,37.6,271.1,6.68,134.3,0,0,2.9
Maize,2015,Kharif,663.0,26.6,63.6,168.7,42.5,235.9,6.24,362.42,0,1,4.77
Cotton,2022,Kharif,758.3,27.9,58.4,159.4,38.3,165.7,7.54,212.68,1,0,1.71
Soybean,2020,Kharif,729.0,25.9,59.3,119.2,45.4,160.9,6.85,230.49,0,1,2.7
Soybean,2018,Kharif,864.0,30.6,57.6,80.0,40.3,160.5,6.16,181.69,0,1,1.65
Maize,2016,Kharif,674.3,23.7,55.3,223.7,59.3,197.5,6.96,362.26,1,1,5.77
Wheat,2017,Rabi,562.4,23.5,66.4,221.6,52.3,202.6,6.91,378.15,0,1,2.79
Soybean,2015,Kharif,547.7,28.9,75.6,116.1,53.1,186.7,6.7,498.65,0,1,2.21
Soybean,2016,Kharif,783.5,28.9,48.2,87.2,32.7,190.0,7.38,319.38,1,1,1.99
Soybean,2016,Kharif,662.2,24.8,60.8,117.5,49.5,191.1,7.63,96.41,0,0,1.98
Cotton,2023,Kharif,830.4,25.9,67.9,164.2,46.0,188.4,6.82,187.48,1,1,2.3
Cotton,2016,Kharif,850.7,25.7,63.7,197.9,43.3,243.3,7.58,74.64,1,1,2.56
Sugarcane,2016,Summer,1153.3,28.1,86.8,299.7,55.6,350.5,6.27,342.6,0,1,65.94
Maize,2024,Kharif,727.2,27.1,67.5,180.2,42.1,194.2,6.46,199.83,1,0,4.1
Wheat,2021,Rabi,709.9,22.2,44.9,217.3,41.1,186.8,7.56,88.48,1,1,2.83
Cotton,2024,Kharif,764.7,27.7,67.0,154.9,45.4,217.6,6.54,268.7,1,1,2.83
Soybean,2020,Kharif,884.6,28.7,67.1,123.6,51.3,248.4,8.03,408.45,1,0,2.58
Wheat,2022,Rabi,538.8,21.5,48.6,173.5,48.0,187.2,7.52,364.59,0,1,3.52
Rice,2020,Kharif,1174.6,30.9,90.0,156.5,50.4,250.4,6.42,429.41,0,1,4.38
Maize,2018,Kharif,690.7,21.7,66.4,223.0,49.4,202.3,7.38,234.01,1,0,3.24
Wheat,2017,Rabi,556.3,20.0,52.9,221.8,65.4,150.0,7.34,298.45,1,1,4.25
Soybean,2016,Kharif,773.6,27.5,75.7,118.8,59.6,219.5,7.36,239.75,0,1,2.9
Maize,2024,Kharif,732.7,27.1,63.5,195.1,42.7,170.4,6.44,305.85,1,0,5.17
Soybean,2015,Kharif,766.5,24.8,69.0,135.9,42.3,161.3,6.53,263.59,0,1,1.99
Soybean,2021,Kharif,793.0,24.7,61.5,80.0,42.2,220.9,7.16,190.82,1,0,2.34
Wheat,2024,Rabi,674.0,22.2,43.2,300.0,66.1,133.3,6.83,343.41,0,1,3.28
Sugarcane,2022,Summer,1237.7,31.5,68.1,300.0,69.8,331.6,6.64,228.37,1,0,77.97
Wheat,2023,Rabi,549.0,23.5,54.5,256.9,71.5,158.3,7.19,273.1,0,1,4.4
Wheat,2023,Rabi,515.2,21.8,54.3,278.2,62.8,273.4,6.64,207.37,0,0,4.15
Maize,2017,Kharif,576.1,28.9,71.8,161.1,30.4,228.6,7.33,455.85,0,0,2.88
Cotton,2022,Kharif,763.9,30.2,62.3,126.8,34.6,183.5,5.63,143.86,0,1,1.36
Rice,2018,Kharif,1216.8,27.3,82.3,205.7,43.6,199.7,6.23,1.06,0,1,3.57
Rice,2017,Kharif,1485.3,32.0,88.0,218.8,58.0,179.3,6.01,50.37,1,1,4.38
Wheat,2017,Rabi,474.9,23.1,64.1,219.7,72.3,231.1,7.19,117.45,0,0,3.16
Cotton,2016,Kharif,750.1,28.2,54.5,169.2,49.9,203.1,6.28,253.06,0,1,1.94
Soybean,2015,Kharif,699.6,29.6,61.5,106.5,60.1,160.3,7.0,258.4,0,0,2.06
Wheat,2024,Rabi,500.6,23.4,42.5,222.0,48.5,232.7,6.79,6.25,0,0,2.74
Wheat,2017,Rabi,565.0,21.3,58.7,234.2,61.0,183.6,6.82,33.57,0,0,3.11
Soybean,2022,Kharif,680.3,27.2,58.2,133.7,55.2,216.5,6.62,449.37,0,1,3.01
Soybean,2024,Kharif,766.6,28.4,63.0,121.1,62.8,106.0,7.12,320.84,0,0,2.28
Rice,2020,Kharif,1263.7,31.6,85.3,186.5,51.7,265.2,7.22,176.88,1,1,4.6
Cotton,2017,Kharif,831.7,27.0,50.7,213.1,41.9,237.4,7.52,299.23,0,0,1.89
Cotton,2022,Kharif,792.6,27.4,68.8,177.7,45.4,268.9,6.59,273.8,0,0,1.95
Cotton,2016,Kharif,683.0,27.9,77.4,162.9,40.0,157.1,7.04,425.61,0,0,1.45
Cotton,2015,Kharif,799.3,23.8,65.1,182.3,34.0,229.0,7.47,492.51,0,0,1.5
Wheat,2015,Rabi,568.5,23.4,59.6,284.5,56.8,159.7,6.97,206.83,1,0,3.71
Cotton,2023,Kharif,707.9,29.3,60.4,195.6,37.9,168.0,7.18,306.44,1,1,2.53
Sugarcane,2024,Summer,1065.6,30.4,75.4,234.1,58.0,280.3,6.33,449.34,1,1,94.58
Cotton,2019,Kharif,872.2,26.2,71.2,207.1,44.1,234.5,7.46,485.81,0,1,2.15
Soybean,2023,Kharif,841.4,27.0,68.6,119.2,58.4,266.0,6.24,407.38,1,1,4.05
Wheat,2020,Rabi,662.2,23.7,61.2,243.2,58.6,173.4,7.56,408.46,0,0,2.96
Sugarcane,2023,Summer,1182.3,34.4,78.9,257.4,54.9,171.6,6.46,122.74,0,1,55.99
Sugarcane,2016,Summer,916.5,31.1,89.5,269.5,69.3,428.7,6.27,258.03,0,1,71.37
Soybean,2022,Kharif,805.6,28.4,58.7,152.8,31.1,164.6,6.63,238.97,0,1,2.57
Soybean,2016,Kharif,735.4,27.8,77.0,130.4,36.5,155.6,7.42,325.67,1,1,2.89
Maize,2020,Kharif,644.2,26.3,51.0,165.1,68.1,216.6,7.03,124.7,1,1,4.59
Cotton,2017,Kharif,769.4,27.9,59.7,172.9,33.2,134.5,6.59,198.22,1,1,2.2
Wheat,2022,Rabi,623.2,22.9,62.3,299.8,56.1,254.1,6.58,20.74,1,0,4.14
Cotton,2024,Kharif,728.3,24.5,47.3,213.0,37.3,280.5,7.86,280.08,1,0,2.11
Soybean,2022,Kharif,712.5,30.6,58.4,144.4,34.9,192.9,7.07,76.89,0,0,2.17
Wheat,2015,Rabi,516.6,19.8,66.7,207.5,41.5,258.1,7.66,269.23,1,1,3.48
Cotton,2016,Kharif,773.5,28.5,51.5,176.2,43.6,247.5,6.39,132.42,1,1,2.16
Cotton,2017,Kharif,772.7,31.3,68.9,215.8,28.8,233.9,7.04,229.83,1,1,2.24
Soybean,2016,Kharif,754.9,28.4,65.9,150.1,37.9,229.3,6.52,156.04,0,1,3.33
Maize,2016,Kharif,780.3,31.2,63.0,215.3,34.5,163.5,7.13,151.04,0,1,3.21
Cotton,2018,Kharif,859.6,29.7,75.6,166.1,24.4,225.6,6.66,18.07,0,1,1.33
Soybean,2024,Kharif,670.6,23.9,70.7,150.7,42.9,181.5,6.9,221.59,1,1,3.15
Rice,2019,Kharif,1278.3,29.1,73.6,197.7,34.2,247.3,6.07,331.12,1,0,3.27
Rice,2023,Kharif,1185.1,28.4,76.8,223.5,45.8,191.9,7.11,295.71,0,1,3.76
Wheat,2019,Rabi,537.2,22.2,52.7,277.2,57.5,224.1,7.86,383.22,0,1,3.66
Turmeric,2020,Kharif,858.6,29.4,80.9,238.7,50.0,210.9,6.64,39.98,0,1,7.48
Rice,2024,Kharif,1204.4,32.3,73.1,189.5,33.1,252.9,7.56,39.66,1,1,3.43
Wheat,2020,Rabi,472.2,18.0,61.7,166.9,70.3,176.6,7.19,206.22,0,1,2.42
Turmeric,2018,Kharif,1043.4,31.5,75.5,174.5,60.7,285.4,6.19,378.48,0,1,9.04
Wheat,2015,Rabi,533.5,24.1,57.7,239.7,63.5,209.3,6.73,60.06,1,1,4.51
Cotton,2024,Kharif,932.5,28.4,54.7,109.4,44.4,282.4,6.55,71.8,1,1,2.69
Cotton,2018,Kharif,724.7,31.1,70.0,136.1,30.4,177.5,6.55,498.63,0,1,1.14
Rice,2022,Kharif,1183.7,30.9,87.4,233.4,51.1,223.2,6.49,474.57,0,1,5.11
Maize,2024,Kharif,833.6,25.9,67.7,202.5,48.2,219.4,7.44,482.83,0,0,4.41
Soybean,2023,Kharif,755.7,30.6,54.6,86.1,45.0,221.7,7.27,430.27,1,1,2.42
Rice,2022,Kharif,1296.8,31.7,83.7,191.6,42.1,263.6,6.1,29.28,0,1,3.49
Wheat,2024,Rabi,588.2,20.8,68.0,247.9,71.2,240.8,7.65,201.62,0,0,3.94
Sugarcane,2016,Summer,1027.8,35.3,82.1,246.2,57.0,321.7,6.94,314.94,1,1,76.4
Maize,2020,Kharif,621.9,28.0,59.2,201.9,49.8,209.3,6.7,405.81,0,0,4.13
Sugarcane,2020,Summer,1231.6,31.6,81.8,173.6,57.6,348.3,7.17,463.02,1,1,74.14
Cotton,2024,Kharif,769.6,32.1,51.9,175.6,23.8,303.3,7.48,358.18,0,0,1.47
Rice,2015,Kharif,1226.5,27.9,81.2,219.7,46.7,234.1,6.94,149.15,0,1,3.79
Wheat,2019,Rabi,637.8,18.8,56.5,253.6,46.3,177.8,6.6,141.52,0,1,2.85
Rice,2021,Kharif,1359.0,26.4,75.5,183.0,49.2,184.0,6.72,205.42,0,1,3.38
Soybean,2023,Kharif,656.7,27.1,65.0,149.1,67.5,206.1,7.06,184.34,1,0,3.68
Maize,2024,Kharif,592.2,22.6,68.9,161.2,63.0,182.0,6.61,220.21,0,0,2.98
Turmeric,2021,Kharif,834.7,28.3,89.7,104.0,61.0,214.6,6.94,112.3,1,1,6.93
Rice,2015,Kharif,1237.2,30.3,80.9,205.6,55.1,257.5,6.56,314.58,1,0,5.9
Soybean,2017,Kharif,756.8,27.3,56.9,98.0,29.9,136.3,6.34,318.45,1,1,2.19
Maize,2024,Kharif,662.2,29.4,64.0,177.7,62.3,155.5,6.69,228.12,0,0,4.01
Rice,2015,Kharif,1305.1,30.1,90.0,221.5,40.8,250.9,6.26,267.28,0,0,3.2
Cotton,2024,Kharif,857.4,31.1,53.4,183.8,42.1,249.9,7.04,242.0,0,1,2.01
Cotton,2023,Kharif,838.1,30.1,64.9,186.3,52.1,160.3,7.5,240.98,0,0,1.74
Cotton,2019,Kharif,678.3,28.7,61.0,202.8,50.3,160.5,7.51,211.39,0,0,1.85
Sugarcane,2020,Summer,1098.4,27.9,63.6,174.5,61.8,327.3,7.31,127.16,0,0,45.27
Cotton,2018,Kharif,867.0,31.4,40.1,160.8,40.0,201.2,7.05,476.0,1,1,1.76
Soybean,2015,Kharif,696.3,24.8,64.3,83.5,42.9,181.2,6.98,455.46,1,0,2.01
Rice,2016,Kharif,1153.5,34.5,78.9,176.8,52.2,155.2,6.58,135.21,0,1,3.09
Maize,2015,Kharif,685.7,25.0,64.6,227.1,35.6,134.6,7.28,85.93,1,1,4.24
Cotton,2016,Kharif,765.4,31.0,54.8,145.5,37.2,125.7,6.66,371.43,0,1,1.24
Turmeric,2021,Kharif,900.6,25.3,64.9,151.0,47.0,308.3,6.24,400.68,0,1,7.28
Soybean,2017,Kharif,729.0,29.7,75.4,141.3,47.8,189.4,6.54,79.33,0,1,2.14
Wheat,2020,Rabi,513.5,23.6,55.6,173.4,57.2,215.6,6.99,101.92,0,0,3.13
Cotton,2020,Kharif,807.9,31.1,51.4,221.2,50.6,199.1,6.79,249.64,1,0,2.15
Cotton,2015,Kharif,749.8,26.9,66.2,202.0,40.4,205.0,7.07,458.87,1,1,2.6
Maize,2016,Kharif,614.9,24.8,66.4,167.5,44.7,121.2,6.45,204.81,0,0,2.42
Rice,2024,Kharif,1446.4,29.6,72.3,253.7,40.0,255.1,6.84,161.49,0,0,3.81
Maize,2020,Kharif,686.1,27.5,68.6,227.1,57.6,185.8,7.03,228.86,1,0,4.56
Rice,2017,Kharif,1295.3,31.4,73.7,240.4,38.0,254.8,5.98,390.6,1,0,3.67
Turmeric,2019,Kharif,902.2,29.3,82.7,129.2,60.0,342.8,6.82,456.36,1,1,11.62
Soybean,2015,Kharif,907.8,29.5,56.8,80.0,57.6,241.6,7.8,94.72,0,1,1.83
Soybean,2016,Kharif,644.3,25.4,65.0,101.9,62.1,185.2,6.63,174.92,1,1,3.36
Soybean,2016,Kharif,795.7,28.6,64.5,120.8,54.8,262.5,7.2,276.53,0,1,3.22
Cotton,2020,Kharif,812.7,32.5,68.1,193.0,44.1,210.4,6.89,453.0,0,0,1.69
Soybean,2022,Kharif,729.1,32.2,68.5,136.4,55.2,198.2,6.77,198.92,1,1,3.7
Cotton,2017,Kharif,871.5,32.1,63.4,164.8,44.4,309.4,7.69,386.04,0,1,2.0
Cotton,2020,Kharif,810.9,26.0,66.0,152.2,52.5,236.9,6.75,358.54,1,0,2.59
Soybean,2019,Kharif,738.2,23.1,66.8,122.3,54.4,192.1,7.59,385.76,0,0,2.51
Soybean,2024,Kharif,775.6,22.8,58.1,147.0,42.1,214.8,6.64,19.98,1,1,3.24
Cotton,2020,Kharif,769.4,32.7,68.0,203.4,33.7,190.5,7.83,336.1,0,0,1.25
Cotton,2019,Kharif,848.7,23.8,48.5,180.4,37.8,218.9,7.7,269.66,0,1,1.6
Cotton,2015,Kharif,850.7,25.5,70.7,202.1,37.9,209.7,7.06,234.16,1,0,1.94
Turmeric,2016,Kharif,963.3,26.7,72.5,215.7,39.5,256.1,6.48,91.09,0,1,7.27
Sugarcane,2019,Summer,1151.8,32.7,79.9,250.5,48.0,334.9,6.93,131.74,1,1,93.83
Rice,2021,Kharif,1401.1,30.7,84.2,177.7,51.5,223.9,6.53,495.68,1,1,5.1
Wheat,2021,Rabi,629.5,18.0,51.1,171.3,66.1,248.4,7.53,455.8,1,0,3.27
Cotton,2022,Kharif,888.9,26.1,52.9,186.6,50.1,211.0,6.28,311.62,0,0,2.01
Rice,2019,Kharif,1259.9,28.7,90.0,238.2,41.2,286.8,6.6,174.15,1,1,5.19
Sugarcane,2020,Summer,1307.0,32.6,83.2,281.5,58.9,271.8,6.97,71.02,0,1,57.5
Sugarcane,2020,Summer,1055.1,32.2,88.4,233.0,78.5,190.0,6.96,99.24,1,1,81.7
Turmeric,2021,Kharif,752.7,28.9,76.8,220.3,24.7,237.2,6.29,374.13,1,1,9.69
Wheat,2024,Rabi,537.5,21.2,62.8,156.6,53.5,176.6,7.1,306.16,1,1,3.19
Turmeric,2024,Kharif,982.9,26.5,69.7,170.3,56.5,286.8,6.54,21.78,0,0,8.13
Turmeric,2019,Kharif,952.8,26.5,84.9,194.1,54.1,230.5,5.5,19.2,1,1,6.47
Maize,2023,Kharif,734.1,29.2,60.4,174.3,47.9,189.1,6.87,388.71,1,0,4.18
Maize,2024,Kharif,849.0,30.1,73.7,171.5,54.5,179.1,7.51,166.78,1,1,4.17
Soybean,2019,Kharif,795.7,27.4,73.7,138.2,63.0,212.5,6.57,304.28,1,0,4.0
Soybean,2024,Kharif,686.1,25.4,55.6,150.1,43.8,211.9,7.25,245.69,1,0,2.65
Sugarcane,2020,Summer,1060.7,30.5,77.8,292.8,48.1,300.9,6.71,368.88,1,1,83.84
Wheat,2021,Rabi,575.5,21.2,63.7,190.7,55.0,158.4,6.44,220.35,0,1,2.53
Wheat,2016,Rabi,664.9,24.1,56.3,257.6,68.7,207.6,6.37,381.77,0,1,3.33
Rice,2018,Kharif,1231.3,30.6,84.3,180.5,52.6,212.5,5.92,299.77,1,1,4.51
Wheat,2021,Rabi,587.4,20.2,60.6,232.8,65.3,184.7,7.88,165.41,1,1,3.65
Rice,2017,Kharif,1240.8,32.7,81.4,241.8,45.3,232.8,6.44,61.15,0,1,4.47
Wheat,2019,Rabi,533.4,21.8,69.3,193.1,55.7,168.6,7.38,149.91,0,1,2.83
Rice,2018,Kharif,1144.6,27.9,78.0,244.8,48.5,277.7,6.08,59.24,0,1,4.04
Sugarcane,2020,Summer,1119.1,29.4,76.0,271.7,57.1,305.9,7.48,424.11,0,1,65.27
Cotton,2020,Kharif,724.4,29.6,65.8,172.9,34.9,214.0,6.8,252.99,0,1,1.95
Wheat,2017,Rabi,615.2,23.1,44.5,182.8,52.7,178.7,6.8,443.44,0,0,2.46
Maize,2023,Kharif,814.1,28.9,56.8,248.0,33.3,166.9,6.58,122.36,1,0,4.13
Wheat,2018,Rabi,598.6,24.0,51.7,281.0,45.3,209.9,8.23,50.05,1,1,3.37
Soybean,2023,Kharif,734.3,29.8,61.8,115.2,49.3,197.0,7.4,261.68,1,1,3.19
Rice,2017,Kharif,1173.1,28.8,82.1,129.3,39.2,221.6,6.73,354.15,0,1,3.59
Soybean,2018,Kharif,792.3,26.0,75.6,89.4,56.0,204.8,6.57,247.98,0,0,2.11
Turmeric,2019,Kharif,846.8,28.3,80.8,171.4,66.2,245.6,6.67,271.92,0,1,9.24
Rice,2017,Kharif,1294.2,30.6,87.9,300.0,44.5,249.5,7.01,20.81,1,0,4.89
Soybean,2024,Kharif,778.7,27.8,52.1,163.0,42.2,259.5,6.69,264.34,0,1,3.44
Rice,2015,Kharif,1139.0,28.4,88.2,146.4,42.0,233.5,6.41,462.97,1,1,4.11
Cotton,2015,Kharif,724.1,28.1,44.0,169.8,32.1,159.9,6.51,313.59,1,1,1.6
Wheat,2023,Rabi,627.9,23.2,59.1,173.9,27.9,207.1,6.64,17.15,0,1,2.24
Soybean,2021,Kharif,680.2,27.3,61.4,96.3,14.7,218.5,6.81,495.48,0,1,1.81
Cotton,2022,Kharif,798.4,27.5,58.6,114.3,36.4,286.5,7.47,494.13,0,1,2.08
Rice,2017,Kharif,1319.4,29.4,83.4,147.7,48.4,193.9,6.11,291.05,1,1,3.92
Maize,2017,Kharif,794.2,28.0,64.7,229.6,50.6,288.5,6.54,104.75,1,0,5.34
Cotton,2020,Kharif,833.1,28.5,49.2,179.2,23.8,228.7,7.16,413.52,0,1,1.68
Cotton,2016,Kharif,889.1,28.2,47.1,224.8,28.0,215.9,6.47,426.95,0,1,1.69
Wheat,2024,Rabi,623.6,20.8,62.5,255.7,56.2,157.9,6.98,316.47,0,0,2.88
Cotton,2017,Kharif,836.9,26.3,63.2,241.5,38.3,329.3,7.16,24.5,1,1,3.64
Sugarcane,2024,Summer,1126.3,31.4,89.4,294.2,36.9,410.0,7.15,314.37,0,1,78.29
Soybean,2018,Kharif,718.0,28.1,79.1,175.7,48.4,176.7,6.65,450.39,0,1,2.72
Rice,2017,Kharif,1268.2,26.0,72.8,245.6,33.5,282.3,6.75,297.69,1,1,4.9
Rice,2015,Kharif,1465.2,26.8,74.8,217.2,38.5,166.0,6.44,297.58,0,1,3.07
Rice,2018,Kharif,1244.0,29.0,90.0,211.1,42.5,228.8,6.44,449.35,1,1,4.65
Soybean,2019,Kharif,854.8,28.8,59.7,123.1,51.3,164.7,6.71,279.86,1,1,2.91
Wheat,2018,Rabi,544.2,20.3,44.8,183.3,62.0,177.6,7.88,208.16,0,1,2.82
Maize,2019,Kharif,769.7,28.0,69.5,143.0,51.0,215.5,6.81,450.25,0,1,5.14
Cotton,2023,Kharif,813.8,27.8,63.6,174.8,41.2,245.5,7.07,222.11,0,0,2.42
Soybean,2015,Kharif,692.5,27.1,70.4,107.5,39.8,187.6,6.44,413.12,0,1,2.34
Cotton,2015,Kharif,767.0,25.5,41.2,180.7,29.6,221.4,7.71,278.06,0,1,1.5
Cotton,2018,Kharif,879.1,25.8,69.1,181.8,33.0,125.7,6.95,274.78,0,1,1.55
Wheat,2024,Rabi,512.5,20.7,49.3,251.1,49.8,197.3,7.3,246.74,0,1,3.37
Rice,2023,Kharif,1203.4,29.5,83.1,262.0,30.4,311.1,5.87,156.92,1,1,5.62
Sugarcane,2022,Summer,1212.0,32.4,77.8,267.8,59.8,299.1,6.22,281.34,1,1,78.21
Wheat,2017,Rabi,452.1,21.3,58.5,239.2,60.9,201.9,6.78,61.19,1,1,3.71
Sugarcane,2015,Summer,1140.4,32.9,87.2,264.7,54.5,312.4,6.55,416.14,1,1,64.95
Soybean,2024,Kharif,667.7,26.3,67.9,146.3,55.5,160.4,7.18,106.87,0,1,2.83
Soybean,2019,Kharif,693.5,28.2,66.8,136.2,61.2,171.1,6.81,461.75,1,1,4.14
Cotton,2020,Kharif,812.9,28.2,61.2,190.1,35.9,196.6,6.8,306.59,0,1,2.25
Maize,2017,Kharif,760.1,28.4,67.0,203.1,56.7,153.3,7.16,337.59,0,1,4.42
Maize,2022,Kharif,728.6,27.3,70.6,205.1,32.2,260.1,7.06,486.49,0,0,4.51
Cotton,2017,Kharif,686.9,26.2,78.4,252.3,54.0,216.3,7.78,407.56,0,1,1.74
Rice,2024,Kharif,1500.0,29.9,81.4,207.6,35.8,195.4,6.33,231.91,0,1,3.83
Turmeric,2016,Kharif,1008.0,26.8,64.3,166.4,45.6,163.7,6.2,164.86,0,0,4.65
Turmeric,2023,Kharif,984.6,28.3,78.7,108.1,66.0,307.6,7.02,37.47,0,1,9.09
Wheat,2017,Rabi,634.0,24.0,67.3,208.8,63.9,251.1,7.65,420.79,0,1,3.43
Wheat,2024,Rabi,534.2,20.6,52.9,239.9,58.2,218.5,6.93,377.17,0,1,4.26
Cotton,2020,Kharif,771.0,29.1,73.4,138.5,30.8,267.8,6.71,402.72,0,1,1.52
Turmeric,2021,Kharif,920.9,28.6,77.1,136.3,52.3,206.9,5.92,481.68,1,1,8.96
Soybean,2019,Kharif,808.9,28.7,70.3,131.4,50.9,206.8,7.47,197.09,1,1,3.55
Cotton,2024,Kharif,796.6,25.3,70.2,182.9,43.6,243.0,6.78,490.17,1,1,2.67
Cotton,2024,Kharif,789.4,24.2,52.2,115.5,26.4,236.8,6.94,293.13,0,1,1.58
Soybean,2021,Kharif,635.9,30.8,61.6,119.9,53.5,195.2,6.58,254.57,0,1,2.59
Turmeric,2018,Kharif,851.8,28.8,75.2,187.7,27.7,308.4,6.83,14.44,1,1,9.91
Sugarcane,2022,Summer,1067.2,29.7,76.5,300.0,40.1,265.3,7.03,399.08,0,1,62.29
Wheat,2021,Rabi,555.3,23.3,59.0,228.6,40.4,279.6,7.03,359.86,0,1,3.85
Wheat,2024,Rabi,556.1,21.5,83.0,210.5,53.7,182.9,6.98,487.8,0,1,2.64
Soybean,2023,Kharif,731.5,28.2,66.0,97.0,61.9,189.3,6.71,122.24,0,0,2.91
Cotton,2017,Kharif,736.9,27.3,58.0,218.7,43.4,259.8,6.95,42.13,0,1,2.81
Soybean,2022,Kharif,723.3,22.3,56.3,123.1,51.0,171.5,6.53,149.68,1,0,2.47
Soybean,2018,Kharif,833.2,32.2,67.7,91.3,59.1,264.3,6.93,158.97,1,0,2.26
Soybean,2020,Kharif,756.6,28.0,67.9,101.3,27.7,208.4,6.85,359.27,1,0,2.55
Soybean,2023,Kharif,886.0,27.3,70.9,125.1,36.7,222.9,7.08,272.02,0,0,2.62
Maize,2019,Kharif,763.8,26.2,61.1,179.5,48.4,175.4,7.43,221.81,1,0,4.26
Wheat,2021,Rabi,591.9,21.4,59.3,204.7,49.4,161.5,7.4,16.86,0,1,3.37
Sugarcane,2015,Summer,1329.8,33.1,81.0,244.3,39.0,339.3,6.64,489.47,1,1,84.41
Maize,2024,Kharif,645.9,27.4,59.6,176.4,71.4,179.7,5.79,142.43,0,1,4.53
Rice,2018,Kharif,1424.8,30.8,82.4,201.8,27.3,223.1,6.29,8.55,0,1,3.0
Turmeric,2024,Kharif,818.8,31.0,77.0,164.9,25.7,312.7,6.69,264.27,0,1,7.91
Sugarcane,2023,Summer,1070.0,31.7,78.8,233.4,80.0,335.1,6.97,407.8,1,1,109.83
Turmeric,2020,Kharif,843.9,26.4,81.0,201.5,59.1,368.4,6.67,383.72,0,1,8.67
Rice,2015,Kharif,1124.1,29.0,79.4,185.6,51.8,237.5,6.56,408.43,0,0,3.71
Soybean,2018,Kharif,883.4,28.8,65.7,116.4,49.7,172.0,6.51,368.4,1,0,2.76
Wheat,2022,Rabi,542.3,20.4,53.6,280.0,65.4,192.5,7.14,120.55,0,0,4.05
Soybean,2017,Kharif,757.0,26.8,65.4,111.9,47.9,155.9,7.27,171.86,1,1,3.03
Cotton,2020,Kharif,830.2,28.7,52.8,144.8,27.7,242.8,7.35,369.01,0,0,1.44
Cotton,2019,Kharif,770.3,29.5,61.2,126.8,41.7,191.4,6.85,70.15,1,1,2.32
Wheat,2020,Rabi,529.5,22.5,51.6,250.5,53.7,228.5,7.91,144.36,0,1,4.17
Maize,2021,Kharif,798.1,25.1,63.9,181.8,60.2,156.9,6.98,342.87,1,1,4.8
Rice,2023,Kharif,1121.9,30.3,90.0,185.6,31.3,289.4,6.03,59.89,0,1,3.63
Maize,2015,Kharif,579.1,24.3,64.5,198.2,61.9,215.1,7.05,87.49,1,1,6.39
Rice,2021,Kharif,1237.7,29.4,87.7,237.7,48.0,213.9,6.87,175.05,0,1,4.21
Wheat,2015,Rabi,493.8,22.7,56.9,243.6,52.5,154.1,7.65,238.89,0,0,2.68
Wheat,2019,Rabi,613.9,24.2,53.9,144.2,59.5,179.0,6.29,336.89,1,1,3.32
Wheat,2018,Rabi,610.5,21.2,77.5,266.3,68.4,284.8,7.3,141.48,0,1,3.94
Wheat,2017,Rabi,590.6,18.0,54.9,198.5,37.6,189.9,6.33,36.17,0,1,2.17
Wheat,2023,Rabi,441.2,23.8,60.2,262.3,57.9,192.1,7.46,259.49,0,1,3.43
Cotton,2017,Kharif,788.9,26.6,54.7,156.2,42.8,154.8,7.03,431.28,0,0,1.74
Maize,2018,Kharif,688.2,29.4,70.7,168.8,52.5,146.9,5.97,456.61,0,1,3.39
Cotton,2015,Kharif,770.4,25.3,65.7,197.0,41.0,128.7,7.22,226.07,0,1,2.09
Maize,2017,Kharif,779.3,30.2,66.8,211.8,31.9,247.7,7.18,390.65,0,1,4.21
Sugarcane,2021,Summer,1048.2,32.8,76.5,300.0,59.1,241.3,7.08,330.81,0,1,75.71
Sugarcane,2018,Summer,1253.1,31.8,72.0,300.0,45.0,288.0,7.15,357.05,1,1,80.46
Maize,2015,Kharif,738.1,29.5,67.2,294.4,43.2,192.1,6.76,143.69,1,1,5.92
Rice,2021,Kharif,1090.0,27.5,86.9,190.2,33.1,293.5,6.66,152.73,0,0,3.0
Soybean,2023,Kharif,694.5,28.1,55.7,80.0,55.5,157.9,6.64,109.83,1,0,2.37
Maize,2024,Kharif,788.0,24.5,61.9,207.0,57.2,242.6,7.07,431.65,1,0,5.55
Turmeric,2022,Kharif,854.1,26.2,79.4,175.9,54.3,209.0,7.2,36.02,0,1,6.67
Rice,2023,Kharif,1085.0,27.8,80.9,174.8,28.7,280.4,6.38,484.12,1,1,4.19
Wheat,2024,Rabi,461.8,24.9,44.3,197.4,51.0,197.2,6.47,193.56,0,1,2.38
Cotton,2015,Kharif,900.0,31.1,44.6,132.9,44.3,199.1,6.2,73.68,1,0,1.54
Sugarcane,2017,Summer,1028.4,31.4,89.5,296.0,79.0,385.3,7.33,227.87,0,1,82.94
Turmeric,2020,Kharif,757.3,29.5,80.4,163.5,45.1,215.6,6.76,80.95,0,1,6.72
Cotton,2017,Kharif,769.5,27.2,53.2,195.6,49.0,163.2,7.12,90.18,1,1,3.45
Soybean,2022,Kharif,682.4,25.3,60.4,138.2,39.9,179.5,6.5,140.51,0,1,2.75
Rice,2016,Kharif,1313.6,30.4,76.5,177.7,42.2,233.5,7.05,414.35,0,1,3.69
Cotton,2020,Kharif,1025.2,26.5,73.4,149.8,47.8,127.5,7.42,351.06,1,1,1.71
Cotton,2015,Kharif,860.3,26.1,63.2,220.1,40.8,259.4,6.3,460.81,0,1,2.39
Maize,2019,Kharif,570.5,29.2,67.4,178.8,34.6,191.5,6.93,432.07,0,1,3.62
Sugarcane,2021,Summer,1180.0,29.3,80.8,233.4,64.7,274.0,6.39,53.42,0,1,75.41
Sugarcane,2023,Summer,1272.9,34.1,88.5,250.8,78.8,341.8,7.55,184.19,1,1,88.31
Wheat,2021,Rabi,499.5,22.0,58.8,237.6,70.2,191.9,7.28,154.63,0,0,3.74
Soybean,2019,Kharif,825.4,28.1,69.0,80.0,52.3,225.1,7.1,498.69,0,1,3.11
Sugarcane,2023,Summer,1280.1,29.5,83.3,258.1,60.6,381.6,7.26,84.52,0,1,74.02
Sugarcane,2023,Summer,1083.9,33.4,78.3,250.7,53.7,271.4,6.42,395.79,0,1,75.4
Rice,2023,Kharif,1245.0,30.0,85.0,161.9,44.4,231.1,6.08,18.57,1,0,4.43
Soybean,2020,Kharif,727.7,27.2,62.2,109.1,56.1,202.8,7.04,197.36,0,1,2.96
Cotton,2017,Kharif,764.2,25.8,61.3,191.7,27.4,218.4,6.93,49.21,0,0,1.55
Soybean,2019,Kharif,708.8,25.0,68.0,132.8,68.2,213.9,6.66,294.58,0,1,3.58
Cotton,2020,Kharif,811.7,28.5,51.0,219.4,55.5,225.3,7.25,253.78,1,0,2.6
Soybean,2018,Kharif,760.0,26.5,68.9,84.2,52.5,173.9,7.13,448.62,0,1,2.46
Maize,2022,Kharif,708.1,26.4,57.0,159.5,34.0,183.0,6.36,264.28,1,1,4.76
Soybean,2023,Kharif,682.4,26.1,67.4,130.2,76.0,212.9,7.16,227.29,0,1,3.8
Sugarcane,2024,Summer,1074.7,34.5,80.2,271.6,68.9,373.2,6.73,495.59,0,1,91.2
Sugarcane,2019,Summer,1046.9,32.9,72.3,218.9,44.2,229.3,6.81,199.65,1,0,58.72
Wheat,2024,Rabi,667.5,24.5,54.9,271.2,50.2,243.2,7.66,41.43,1,0,3.22
Maize,2020,Kharif,581.9,22.3,71.0,211.6,58.1,233.6,6.28,31.82,1,1,4.83
Soybean,2022,Kharif,830.0,30.6,54.8,112.7,36.0,185.1,6.48,72.93,0,0,1.93
Maize,2016,Kharif,759.3,26.2,69.7,160.4,66.5,253.5,6.61,285.4,1,1,6.06
Cotton,2016,Kharif,790.7,27.4,57.2,170.7,37.8,255.6,6.79,178.28,0,0,1.92
Wheat,2019,Rabi,464.4,23.7,49.7,189.6,60.8,219.7,7.11,1.68,1,0,3.17
Turmeric,2021,Kharif,861.2,29.2,70.9,205.4,46.6,322.1,6.22,156.7,0,1,12.1
Rice,2017,Kharif,1236.3,27.7,81.3,276.9,45.2,305.4,6.48,494.87,1,1,5.5
Soybean,2015,Kharif,598.5,28.0,43.2,122.5,40.0,185.4,6.44,132.68,0,1,1.69
Rice,2020,Kharif,1155.7,30.2,84.5,184.3,31.4,219.0,6.42,140.75,0,0,3.1
Cotton,2016,Kharif,751.2,27.6,54.2,213.5,41.8,198.6,6.18,397.97,0,0,1.98
Soybean,2019,Kharif,788.1,29.3,61.8,112.1,37.7,170.2,7.15,471.2,0,1,2.21
Rice,2016,Kharif,1210.7,29.2,87.2,199.5,48.4,174.7,6.62,424.44,0,1,3.93
Wheat,2017,Rabi,611.8,22.0,69.4,229.1,64.5,250.3,7.26,427.8,1,1,4.62
Maize,2019,Kharif,672.1,25.1,74.7,201.6,39.4,196.2,6.88,93.77,0,0,3.26
Soybean,2016,Kharif,626.6,25.0,62.2,159.5,54.1,182.9,6.72,465.98,1,1,3.69
Cotton,2022,Kharif,752.6,27.4,57.1,128.3,34.0,279.8,7.29,196.05,0,0,1.84
Soybean,2018,Kharif,793.7,25.5,58.8,128.6,52.3,250.7,7.02,96.17,0,1,2.95
Soybean,2019,Kharif,703.4,25.8,57.1,81.6,35.4,113.1,6.77,213.51,0,0,1.33
Soybean,2020,Kharif,681.4,28.6,49.9,96.4,43.6,184.6,7.01,245.93,0,0,1.78
Wheat,2019,Rabi,644.1,22.0,64.1,186.7,31.7,169.0,7.25,128.87,0,0,2.58
Wheat,2015,Rabi,575.3,22.0,52.8,244.9,58.3,205.7,6.72,212.0,1,1,4.16
Wheat,2017,Rabi,553.2,20.6,38.8,235.4,54.7,221.8,7.11,204.88,0,1,3.36
Soybean,2024,Kharif,814.4,24.6,77.3,96.5,66.6,177.6,6.6,374.67,1,0,2.29
Soybean,2020,Kharif,778.9,31.1,60.8,140.6,52.8,196.2,7.17,192.16,1,1,3.01
Sugarcane,2018,Summer,1036.0,34.0,86.0,238.5,79.1,302.0,6.86,4.47,1,1,82.17
Maize,2022,Kharif,630.3,27.1,56.9,183.6,52.0,211.1,5.99,25.36,0,1,4.34
Maize,2016,Kharif,753.2,30.9,73.0,172.9,32.5,160.0,6.53,242.03,0,1,2.98
Maize,2023,Kharif,712.5,26.2,66.2,246.1,45.8,180.8,6.43,130.73,1,1,6.76
Sugarcane,2021,Summer,1072.9,28.8,81.6,236.9,60.9,344.8,6.64,246.42,0,1,71.12
Sugarcane,2022,Summer,1048.8,32.3,78.1,233.0,68.9,276.4,6.76,442.9,0,1,87.9
Wheat,2018,Rabi,476.4,19.4,37.8,195.3,47.3,187.9,7.39,204.96,0,1,2.5
Sugarcane,2017,Summer,1127.8,33.8,75.7,231.6,49.2,387.0,6.57,284.63,0,1,77.07
Cotton,2021,Kharif,750.8,24.5,58.8,175.9,40.2,283.9,7.15,373.43,1,0,2.5
Soybean,2017,Kharif,715.8,22.6,69.9,102.0,56.3,211.5,6.99,380.31,0,1,2.32
Rice,2016,Kharif,1192.3,33.2,85.9,196.9,32.9,233.5,6.34,310.74,0,1,3.41
Rice,2020,Kharif,1270.4,30.6,85.4,266.2,52.7,268.3,6.67,377.55,1,1,7.45
Soybean,2022,Kharif,757.3,25.8,78.6,111.2,62.9,172.3,7.28,413.16,0,1,2.72
Cotton,2022,Kharif,777.0,29.7,51.1,127.3,30.4,231.0,7.23,153.83,0,0,1.54
Maize,2018,Kharif,655.4,22.2,67.8,236.4,50.0,283.7,6.82,254.05,0,1,4.57
Cotton,2016,Kharif,736.4,28.5,45.8,166.2,48.5,242.7,6.72,368.61,1,1,2.19
Cotton,2023,Kharif,747.5,26.7,52.4,157.5,49.1,264.9,7.0,430.29,0,0,2.31
Soybean,2022,Kharif,730.3,31.6,70.6,94.0,43.7,193.9,7.13,139.92,0,0,1.57
Soybean,2020,Kharif,654.3,25.6,61.6,107.1,37.9,193.2,6.82,229.47,0,1,2.4
Sugarcane,2021,Summer,1272.0,32.3,79.1,300.0,66.1,349.6,6.8,446.28,0,0,90.54
Wheat,2018,Rabi,621.1,21.6,57.6,185.2,56.6,265.5,7.48,179.23,1,1,4.96
Maize,2022,Kharif,628.3,21.5,58.6,193.4,54.2,159.1,6.79,238.55,0,1,3.88
Soybean,2023,Kharif,705.2,25.4,62.3,127.7,32.3,260.2,6.73,209.97,1,0,2.96
Rice,2016,Kharif,1380.0,34.1,80.9,203.3,37.2,271.3,6.67,67.58,0,1,3.65
Cotton,2022,Kharif,673.3,26.2,73.5,159.8,32.2,198.2,6.96,393.78,0,0,1.19
Maize,2019,Kharif,713.7,27.9,63.2,168.8,58.5,189.3,6.85,344.23,1,1,5.67
Turmeric,2017,Kharif,701.2,30.0,74.2,139.3,47.1,248.7,5.99,279.82,1,1,8.39
Soybean,2021,Kharif,815.8,26.8,68.2,138.0,33.3,223.6,6.97,45.78,1,1,4.0
Wheat,2022,Rabi,616.4,23.2,51.7,169.2,55.5,274.5,6.83,228.73,0,0,2.9
Cotton,2019,Kharif,746.8,29.8,49.0,202.8,49.0,220.8,7.21,496.41,0,1,2.19
Maize,2015,Kharif,634.0,29.5,69.8,201.7,49.2,268.1,7.06,22.45,1,1,5.04
Wheat,2023,Rabi,400.0,20.2,56.5,272.5,58.0,197.0,6.85,274.05,1,0,3.61
Rice,2022,Kharif,1277.4,27.5,82.4,216.4,45.2,321.6,6.72,82.97,0,0,4.35
Cotton,2019,Kharif,685.5,32.4,66.4,144.9,44.6,129.3,6.9,242.11,0,0,1.26
Soybean,2015,Kharif,818.1,28.1,54.4,109.8,49.7,174.3,7.53,62.55,0,1,2.2
Sugarcane,2015,Summer,1188.1,32.1,83.2,295.9,61.3,293.7,6.88,109.34,0,0,68.46
Cotton,2024,Kharif,919.4,26.1,54.8,207.5,39.9,254.1,6.71,120.26,1,0,2.26
Maize,2022,Kharif,692.2,26.9,60.8,188.4,38.2,239.4,6.8,14.49,1,1,6.12
Maize,2015,Kharif,741.4,25.1,55.7,170.1,46.2,218.7,7.26,492.54,0,0,3.42
Sugarcane,2021,Summer,1074.4,32.3,79.8,231.5,57.1,287.8,6.99,134.67,1,1,83.52
Cotton,2020,Kharif,887.1,22.1,49.7,150.8,36.3,128.7,7.38,253.52,0,1,1.21
Soybean,2023,Kharif,702.2,25.4,62.6,91.2,34.5,234.3,5.76,355.54,0,1,1.93
Wheat,2022,Rabi,476.8,21.0,54.8,225.1,56.0,131.5,6.89,466.24,1,0,3.33
Wheat,2021,Rabi,553.2,25.7,54.2,273.7,54.3,178.7,6.63,387.62,1,1,3.6
Rice,2018,Kharif,1479.1,31.0,88.1,189.7,31.2,331.7,6.97,151.45,0,0,2.75
Soybean,2015,Kharif,688.0,25.3,60.0,114.2,72.1,219.7,6.88,331.12,1,1,3.22
Sugarcane,2020,Summer,1163.3,32.3,88.6,255.7,51.2,214.9,6.86,78.9,1,1,70.87
Cotton,2018,Kharif,729.3,26.2,49.5,191.3,47.6,229.2,6.68,1.55,0,1,2.18
Wheat,2024,Rabi,598.1,21.9,70.5,202.8,55.2,184.7,7.01,50.48,1,0,2.98
Soybean,2016,Kharif,770.0,27.7,67.0,103.5,49.1,202.9,6.74,107.68,1,1,3.65
Cotton,2023,Kharif,844.9,28.0,61.6,188.3,31.9,199.3,6.98,384.27,0,0,2.12
Soybean,2019,Kharif,694.3,28.5,55.9,141.5,25.9,154.6,6.63,192.66,1,1,3.03
Wheat,2020,Rabi,644.1,20.4,84.4,184.4,63.1,201.9,6.59,124.08,1,1,2.49
Soybean,2020,Kharif,715.4,27.5,66.1,145.9,39.9,148.9,6.15,465.32,0,1,2.12
Soybean,2017,Kharif,843.9,27.4,64.9,155.2,44.9,171.9,6.12,171.56,0,1,3.26
Soybean,2024,Kharif,862.9,27.6,64.8,101.9,61.1,238.2,7.28,58.95,0,0,3.17
Maize,2023,Kharif,668.0,25.6,73.7,192.8,43.6,201.9,6.74,333.64,0,0,3.37
Rice,2015,Kharif,1175.6,33.3,77.0,190.1,49.1,205.0,6.96,417.56,0,1,3.41
Turmeric,2021,Kharif,936.7,29.4,74.2,217.4,55.9,277.7,6.38,450.72,0,1,13.26
Wheat,2022,Rabi,573.0,22.9,64.0,214.7,60.1,174.6,6.87,284.61,1,1,4.17
Cotton,2017,Kharif,743.0,26.2,48.8,174.3,44.3,128.1,7.24,403.46,0,0,1.56
Turmeric,2017,Kharif,860.1,28.9,62.6,247.9,42.6,263.4,6.67,282.28,1,0,9.14
Wheat,2015,Rabi,584.0,20.9,67.7,144.6,70.6,163.0,6.76,281.92,0,1,2.22
Cotton,2020,Kharif,686.2,26.3,64.2,217.1,25.2,210.3,6.71,248.74,0,1,1.9
Rice,2020,Kharif,1216.2,30.2,77.7,242.2,55.2,276.4,6.37,466.4,1,1,6.46
Rice,2015,Kharif,1481.1,29.2,71.4,157.5,35.8,256.7,6.5,94.6,0,1,3.72
Rice,2023,Kharif,1315.6,28.6,78.1,191.6,42.2,267.4,6.47,342.18,0,1,4.58
Soybean,2016,Kharif,751.4,26.6,59.2,109.9,65.3,184.1,7.03,413.42,1,1,3.96
Maize,2023,Kharif,691.6,28.1,55.6,219.1,60.9,222.5,7.03,71.65,1,0,5.23
Sugarcane,2020,Summer,1094.5,25.3,76.9,292.7,49.3,323.5,6.81,162.45,1,1,74.06
Cotton,2019,Kharif,743.0,31.6,59.2,121.2,27.3,218.6,6.73,278.63,1,1,1.55
Maize,2020,Kharif,786.7,28.9,61.1,184.9,41.5,246.5,6.62,32.58,0,0,3.95
Wheat,2015,Rabi,580.0,19.5,62.9,175.6,49.7,225.4,7.77,284.32,1,1,2.95
Wheat,2020,Rabi,523.6,25.2,57.0,224.3,37.3,241.8,6.72,93.66,0,1,3.39
Cotton,2020,Kharif,928.2,22.3,62.0,148.5,38.4,235.9,7.18,85.33,1,0,1.83
Cotton,2024,Kharif,792.9,28.9,61.0,111.7,36.3,224.4,7.11,337.47,1,0,1.62
Rice,2016,Kharif,1296.0,32.9,85.9,266.2,45.7,212.2,6.43,115.63,1,1,5.66
Soybean,2019,Kharif,731.8,27.0,71.0,121.2,50.3,217.3,7.18,138.86,0,1,3.02
Cotton,2016,Kharif,875.7,28.9,65.7,179.9,41.5,181.6,7.21,166.46,0,1,1.98
Soybean,2018,Kharif,771.4,27.5,64.4,116.1,56.0,212.7,7.17,266.49,1,1,4.17
Maize,2018,Kharif,742.2,26.4,70.5,202.7,47.6,237.7,6.53,387.13,0,1,4.78
Soybean,2021,Kharif,801.2,26.8,70.6,116.9,62.6,192.1,7.28,248.41,1,0,3.55
Wheat,2017,Rabi,623.3,21.5,39.7,199.6,58.3,221.7,6.52,23.7,0,1,2.48
Wheat,2020,Rabi,513.6,18.2,49.7,225.7,50.2,223.1,7.4,309.02,0,1,2.78
Cotton,2022,Kharif,751.0,26.7,57.5,182.7,62.8,179.7,6.33,221.31,1,1,2.52
Cotton,2023,Kharif,799.9,28.0,74.9,195.8,40.5,189.0,7.17,188.06,1,1,2.67
Soybean,2018,Kharif,670.3,26.2,56.4,121.0,44.9,161.9,6.31,234.84,0,1,2.29
Sugarcane,2018,Summer,994.1,29.9,72.3,240.0,48.9,320.0,6.66,262.18,1,0,62.47
Rice,2019,Kharif,1269.7,30.9,80.6,179.3,48.1,249.7,5.79,69.48,0,1,3.93
Rice,2024,Kharif,1209.7,30.3,80.0,126.2,34.8,286.8,6.05,451.74,0,1,3.46
Maize,2021,Kharif,703.6,23.4,70.6,210.6,55.9,234.7,6.45,229.62,0,0,3.86
Wheat,2019,Rabi,621.8,21.4,35.3,220.0,66.8,157.0,8.0,23.61,0,0,2.32
Maize,2021,Kharif,653.9,27.7,68.2,200.3,48.1,120.3,6.17,55.53,0,0,2.94
Wheat,2015,Rabi,477.1,22.2,50.0,226.0,51.0,227.9,8.24,241.86,0,1,3.07
Cotton,2019,Kharif,834.6,29.1,57.1,207.9,37.4,202.4,7.48,229.18,1,1,2.36
Cotton,2016,Kharif,640.2,29.8,62.6,179.2,18.0,163.5,7.17,218.54,1,0,1.38
Wheat,2020,Rabi,591.6,20.8,59.0,189.0,61.0,216.4,7.33,301.71,1,1,5.11
Maize,2022,Kharif,644.7,27.4,76.4,162.6,36.4,168.5,6.95,496.17,1,1,3.94
Cotton,2024,Kharif,731.7,30.5,56.3,207.5,53.4,222.9,6.72,91.15,0,1,2.36
Sugarcane,2022,Summer,1024.6,30.8,75.3,300.0,75.8,392.8,6.64,50.72,1,0,98.2
Soybean,2020,Kharif,742.0,27.2,52.2,96.7,50.1,169.6,7.31,12.06,0,1,2.36
Cotton,2019,Kharif,777.8,27.8,64.0,159.5,35.7,194.4,7.06,43.25,0,1,1.95
Rice,2017,Kharif,1204.7,30.2,79.2,204.5,44.3,215.1,5.97,136.44,1,0,3.47
Soybean,2020,Kharif,724.5,26.0,71.2,153.5,33.6,170.4,6.71,256.77,1,1,3.43
Soybean,2023,Kharif,710.0,27.7,66.0,111.4,47.6,190.6,6.93,175.18,1,1,3.25
Cotton,2016,Kharif,809.4,28.0,54.7,221.9,26.7,224.5,6.79,74.27,1,1,2.9
Maize,2019,Kharif,667.2,28.5,59.7,162.2,46.6,253.0,6.28,425.38,1,0,4.15
Maize,2015,Kharif,662.2,24.8,78.8,219.0,58.1,275.8,6.72,285.93,1,1,5.41
Wheat,2015,Rabi,552.5,21.7,47.7,222.5,50.8,185.3,7.31,421.55,0,1,3.03
Sugarcane,2015,Summer,1226.8,33.9,80.1,300.0,34.2,363.4,6.65,344.92,1,1,82.17
Sugarcane,2015,Summer,976.9,33.1,79.2,139.0,45.1,317.8,6.31,257.39,1,1,65.16
Maize,2020,Kharif,676.5,25.7,67.3,165.3,57.4,248.8,6.49,488.42,1,1,5.52
Maize,2021,Kharif,579.7,25.8,55.9,149.2,43.4,161.5,6.29,256.65,1,1,4.08
Wheat,2023,Rabi,554.4,20.7,57.8,204.3,49.8,221.2,6.92,180.53,0,1,3.95
Rice,2016,Kharif,1165.4,27.1,86.8,193.1,35.2,276.5,5.87,57.45,1,0,3.43
Soybean,2016,Kharif,654.3,25.6,59.9,107.9,57.7,193.0,7.13,184.56,0,1,2.63
Turmeric,2021,Kharif,963.7,31.1,66.5,186.0,35.4,306.0,6.4,291.52,0,0,6.82
Soybean,2020,Kharif,820.6,25.1,68.2,111.3,61.2,100.0,6.58,201.0,1,1,3.06
Soybean,2016,Kharif,796.2,28.3,70.3,119.9,46.7,209.3,6.8,112.01,1,0,2.8
Cotton,2023,Kharif,728.7,29.0,57.5,205.8,45.0,278.5,6.78,235.33,0,1,2.71
Sugarcane,2018,Summer,1101.9,31.9,70.2,294.5,58.0,363.8,7.22,193.16,0,1,77.76
Turmeric,2020,Kharif,872.7,29.5,82.6,182.0,21.5,247.2,7.08,239.14,0,1,5.81
Sugarcane,2022,Summer,1037.8,33.4,78.9,279.2,61.6,355.0,7.08,144.61,1,1,94.5
Maize,2022,Kharif,694.3,27.7,70.0,181.9,53.9,213.3,6.95,498.04,0,1,5.16
Wheat,2016,Rabi,608.1,23.0,73.2,185.0,50.2,242.2,7.35,96.51,1,0,3.06
Cotton,2020,Kharif,736.1,30.4,66.1,199.5,29.9,275.3,6.64,164.03,0,1,1.92
Rice,2020,Kharif,1464.5,32.6,76.1,173.7,43.4,257.0,6.94,27.44,0,1,3.77
Cotton,2019,Kharif,819.5,30.5,39.7,201.6,41.6,225.4,6.53,69.21,0,1,1.83
Sugarcane,2016,Summer,937.0,31.4,82.0,300.0,70.1,351.5,6.67,422.46,0,1,98.25
Rice,2021,Kharif,1260.3,30.9,81.5,165.8,56.5,251.3,6.05,223.78,0,1,4.95
Wheat,2024,Rabi,566.0,22.5,53.5,214.9,50.7,175.9,6.73,62.7,1,1,4.06
Wheat,2022,Rabi,506.0,22.3,59.1,245.4,64.4,180.1,7.49,106.85,0,0,3.31
Cotton,2016,Kharif,698.2,27.2,51.6,196.3,34.0,228.7,7.38,15.16,1,1,2.48
Wheat,2023,Rabi,521.3,20.6,61.2,253.3,49.4,242.1,7.0,456.55,1,1,4.38
Maize,2021,Kharif,747.4,28.6,63.7,221.3,53.4,209.3,7.23,332.78,0,1,5.5
Soybean,2024,Kharif,690.6,30.9,53.4,155.5,33.0,173.9,6.78,131.49,0,0,2.11
Wheat,2023,Rabi,512.3,22.9,49.6,235.2,21.4,199.3,7.06,322.83,0,0,2.3
Rice,2015,Kharif,1199.7,29.1,86.5,300.0,44.1,283.2,6.12,172.22,0,0,4.56
Rice,2024,Kharif,1352.1,28.6,78.4,152.6,37.8,296.6,7.08,379.85,0,1,3.63
Sugarcane,2020,Summer,1153.3,32.2,74.4,274.8,77.5,341.5,6.97,172.78,0,1,84.25
Rice,2018,Kharif,1234.1,30.6,86.4,174.1,56.1,209.4,6.35,255.8,1,1,5.1
Cotton,2017,Kharif,829.0,31.1,68.9,213.3,45.0,248.4,6.24,39.9,1,0,1.98
Wheat,2018,Rabi,546.6,22.0,67.0,229.1,49.1,236.2,7.1,386.57,1,0,3.8
Wheat,2022,Rabi,475.1,24.8,54.7,244.5,51.6,199.1,7.19,266.79,0,1,3.83
Wheat,2024,Rabi,546.2,25.3,64.9,255.6,78.0,228.6,7.38,183.55,1,1,5.87
Maize,2016,Kharif,565.0,26.2,60.8,204.6,51.0,323.3,7.05,66.34,1,1,6.29
Rice,2018,Kharif,1365.2,28.0,89.2,225.6,36.4,261.2,6.38,236.5,0,1,3.83
Soybean,2017,Kharif,675.2,26.9,63.9,156.6,53.7,180.2,6.61,198.72,1,1,4.69
Cotton,2024,Kharif,781.8,27.4,53.2,219.5,44.9,277.9,6.51,415.09,0,0,2.59
Wheat,2017,Rabi,542.6,20.1,64.5,270.1,59.2,210.3,7.42,276.02,0,1,3.11
Maize,2020,Kharif,735.4,26.3,64.9,212.2,44.9,159.8,6.83,376.03,0,1,5.13
Sugarcane,2020,Summer,1197.2,34.7,88.9,200.0,74.8,356.9,6.54,135.37,0,0,64.11
Cotton,2017,Kharif,772.5,25.3,63.4,159.6,34.5,188.1,7.02,310.57,1,1,2.15
Rice,2016,Kharif,1009.1,27.4,89.2,183.0,45.4,228.4,7.01,212.32,1,0,3.03
Sugarcane,2019,Summer,967.1,32.5,71.2,153.4,59.6,314.3,7.03,403.44,0,1,66.02
Soybean,2017,Kharif,913.8,27.3,65.7,110.3,52.3,153.5,7.42,166.59,0,1,2.16
Cotton,2024,Kharif,760.1,26.5,64.9,121.1,26.0,184.8,6.74,381.08,0,0,1.35
Turmeric,2020,Kharif,953.6,33.6,79.9,167.4,58.9,278.3,5.94,14.91,1,1,8.78
Wheat,2018,Rabi,596.6,19.5,62.4,228.2,34.2,253.0,7.43,151.9,0,0,1.99
Cotton,2017,Kharif,801.2,28.0,55.7,197.5,40.9,244.5,6.71,132.7,1,1,3.21
Rice,2017,Kharif,1086.2,31.6,80.1,196.5,55.2,267.7,6.4,281.55,0,1,4.53
Rice,2018,Kharif,1188.7,32.5,87.8,238.2,41.4,231.8,6.73,199.64,0,1,3.99
Wheat,2022,Rabi,561.3,20.2,56.3,195.5,51.7,166.3,6.84,416.65,0,1,2.94
Cotton,2016,Kharif,773.4,26.4,58.1,143.0,47.8,201.8,6.8,260.2,0,1,2.33
Rice,2018,Kharif,1139.4,31.2,75.8,186.8,54.8,218.9,6.27,442.41,1,1,4.79
Maize,2021,Kharif,877.5,28.8,73.5,230.3,57.6,230.1,6.88,362.06,1,1,7.02
Maize,2019,Kharif,613.1,25.9,63.7,212.1,57.7,194.3,6.33,283.68,0,1,4.92
Wheat,2020,Rabi,589.7,20.6,58.4,203.4,54.5,183.7,6.89,418.9,1,1,3.58
Rice,2015,Kharif,1136.2,30.2,85.0,164.7,43.7,235.6,6.6,107.3,1,0,4.23
Wheat,2017,Rabi,574.1,21.5,61.4,266.0,43.7,185.9,7.25,151.42,0,1,3.65
Soybean,2017,Kharif,742.4,28.2,54.4,110.1,65.3,141.3,6.5,373.07,0,1,2.3
Maize,2019,Kharif,719.1,24.5,64.5,166.6,31.7,271.9,6.58,119.41,0,0,3.6
Turmeric,2021,Kharif,926.9,29.2,70.5,148.3,43.8,321.6,5.95,133.66,0,1,8.42
Sugarcane,2024,Summer,1195.0,33.5,84.2,269.0,65.7,328.7,7.01,193.74,1,1,93.45
Cotton,2023,Kharif,772.6,32.0,59.8,200.3,34.5,300.5,6.65,65.7,1,0,2.15
Maize,2017,Kharif,795.9,26.8,73.1,190.3,57.8,174.9,6.56,234.81,1,1,5.57
Cotton,2023,Kharif,869.7,28.7,57.5,169.9,42.3,229.4,6.66,31.84,0,0,1.75
Cotton,2019,Kharif,840.6,27.6,58.0,140.4,40.8,242.6,7.45,155.78,0,1,2.19
Cotton,2019,Kharif,969.2,28.5,57.1,187.0,35.9,203.9,7.04,81.04,0,0,1.99
Cotton,2015,Kharif,899.6,29.8,61.5,182.9,40.9,139.6,6.76,436.03,1,1,2.04
Soybean,2020,Kharif,729.5,24.8,72.0,80.0,33.3,180.0,7.02,114.87,1,1,2.58
Maize,2019,Kharif,640.8,29.4,68.3,237.8,64.5,224.4,6.86,447.47,1,1,6.66
Soybean,2015,Kharif,830.0,24.5,59.1,138.1,61.9,192.2,6.77,208.18,0,1,2.55
Sugarcane,2022,Summer,1069.6,34.0,90.0,300.0,59.1,323.8,6.37,73.3,1,1,80.47
Turmeric,2019,Kharif,939.8,26.4,73.0,197.4,59.3,207.3,5.91,281.42,0,0,6.89
Cotton,2018,Kharif,820.2,27.5,65.1,183.8,46.6,191.3,7.1,330.89,0,0,2.35
Cotton,2022,Kharif,952.7,27.9,71.0,154.1,42.8,220.3,6.13,159.76,0,0,1.67
Wheat,2016,Rabi,475.4,19.5,50.1,196.2,60.6,254.6,7.65,213.56,0,1,3.21
Wheat,2021,Rabi,521.5,22.2,52.3,221.1,53.2,241.0,7.16,368.71,0,1,3.83
Wheat,2018,Rabi,509.0,21.1,41.7,271.8,53.0,202.6,6.99,257.43,1,1,4.05
Sugarcane,2021,Summer,943.1,32.5,69.4,277.1,56.3,369.0,6.64,69.29,1,1,100.53
Soybean,2022,Kharif,729.6,31.9,62.2,98.4,50.0,174.7,6.92,279.3,0,0,2.16
Rice,2020,Kharif,1310.1,26.2,90.0,213.9,37.3,275.7,6.94,204.94,0,1,3.31
Sugarcane,2023,Summer,936.7,29.5,76.4,300.0,62.5,324.2,6.82,419.37,0,0,69.96
Cotton,2022,Kharif,690.1,25.1,65.1,121.6,45.6,197.5,7.3,247.71,1,1,1.93
Rice,2020,Kharif,1180.5,30.8,82.3,205.5,59.1,167.8,6.01,334.87,1,1,4.93
Maize,2020,Kharif,731.7,28.5,61.6,178.9,41.1,194.3,6.47,139.12,1,0,4.22
Cotton,2018,Kharif,891.0,27.5,49.1,163.1,46.4,226.5,7.45,165.76,0,1,1.87
Cotton,2023,Kharif,724.6,28.4,43.8,158.6,43.2,162.4,6.48,134.87,1,1,1.91
Rice,2022,Kharif,1096.0,33.3,71.3,208.5,53.2,277.9,6.41,3.55,0,1,4.52
Cotton,2021,Kharif,915.8,26.8,64.6,167.0,29.9,232.3,6.74,397.75,1,1,2.29
Turmeric,2015,Kharif,846.8,32.2,74.2,140.0,48.4,284.1,6.75,293.23,0,1,5.76
Soybean,2020,Kharif,860.3,26.4,63.0,104.7,54.8,100.0,7.0,85.62,1,1,2.5
Rice,2022,Kharif,1352.5,30.1,90.0,161.3,53.6,202.5,6.27,359.44,0,1,3.82
Sugarcane,2017,Summer,1147.2,30.0,85.2,197.1,77.3,343.3,6.76,120.69,0,1,71.65
Soybean,2016,Kharif,810.6,28.0,70.3,145.9,45.6,207.4,7.46,76.83,0,1,2.54
Rice,2020,Kharif,1276.2,29.3,60.8,137.3,40.6,316.2,6.19,80.88,0,1,2.45
Wheat,2024,Rabi,503.5,21.1,55.4,255.8,44.1,174.8,7.96,189.9,0,0,2.98
Cotton,2017,Kharif,720.2,29.0,52.0,167.2,28.4,206.0,7.07,267.77,1,1,2.07
Cotton,2018,Kharif,923.0,24.8,72.9,193.2,43.5,161.2,7.32,454.03,1,1,2.05
Soybean,2018,Kharif,806.6,29.5,64.6,110.8,61.9,245.0,6.9,47.26,1,1,3.64
Soybean,2023,Kharif,808.1,26.1,69.4,105.0,46.1,175.4,6.86,165.29,0,1,2.53
Cotton,2021,Kharif,855.9,28.4,60.3,174.2,35.3,260.8,6.85,199.58,0,1,2.18
Cotton,2019,Kharif,862.2,26.9,58.3,125.0,44.6,246.0,6.61,241.65,0,0,1.9
Cotton,2020,Kharif,834.6,30.2,73.7,153.7,38.4,236.0,7.42,77.07,1,0,1.61
Maize,2023,Kharif,711.7,27.1,68.3,145.2,44.9,234.3,6.21,427.81,1,1,5.72
Maize,2020,Kharif,808.5,26.6,75.0,195.8,38.5,119.8,6.66,76.63,0,1,3.56
Turmeric,2017,Kharif,878.4,28.1,77.3,151.0,45.3,351.1,5.95,415.24,0,1,7.99
Rice,2018,Kharif,1199.2,27.1,80.3,217.3,35.4,184.3,6.53,225.1,0,1,3.75
Rice,2024,Kharif,1357.2,28.1,85.5,158.6,41.1,220.3,6.6,202.32,0,0,3.63
Cotton,2021,Kharif,680.4,30.0,68.2,160.0,46.8,160.8,7.4,353.72,1,1,1.85
Soybean,2015,Kharif,722.7,28.2,55.5,138.2,47.1,229.3,7.02,205.54,0,1,2.78
Rice,2018,Kharif,1443.5,32.4,71.6,160.3,43.2,236.4,6.31,49.23,1,1,3.23
Cotton,2021,Kharif,858.8,28.3,52.3,149.0,35.8,217.5,6.46,6.77,0,1,1.64
Soybean,2022,Kharif,644.9,31.3,59.2,92.9,49.8,141.1,7.05,52.64,0,1,1.95
Cotton,2024,Kharif,638.6,28.5,59.9,188.3,52.8,197.6,7.66,98.77,1,0,2.45
Wheat,2017,Rabi,539.9,24.3,64.9,242.2,80.0,154.8,7.06,367.95,0,1,3.57
Soybean,2024,Kharif,804.1,26.5,70.5,137.9,55.1,100.0,7.02,358.6,0,0,2.41
Rice,2018,Kharif,1500.0,33.6,76.3,207.1,47.8,185.2,6.59,187.51,0,0,3.22
Soybean,2019,Kharif,850.9,28.8,67.5,107.6,43.3,100.0,7.02,382.84,0,1,1.89
Rice,2016,Kharif,1128.2,32.3,75.9,215.0,42.5,258.0,6.61,217.58,1,0,3.47
Maize,2018,Kharif,620.0,27.7,60.0,197.9,49.7,251.6,6.96,415.47,1,0,4.07
Wheat,2019,Rabi,514.2,21.7,54.5,248.7,55.1,208.0,7.54,416.74,1,1,4.64
Cotton,2024,Kharif,719.5,27.4,67.6,212.9,23.4,125.4,6.92,403.97,0,1,1.81
Soybean,2017,Kharif,743.7,23.7,65.2,113.9,39.4,125.4,6.6,417.73,0,0,1.83
Cotton,2021,Kharif,835.2,24.0,59.8,117.6,34.2,203.4,6.24,472.84,1,1,1.83
Rice,2016,Kharif,1268.2,27.4,80.2,181.0,46.2,150.9,6.36,194.95,1,1,3.34
Sugarcane,2021,Summer,992.7,33.1,75.7,269.4,51.6,384.5,7.28,464.27,1,1,100.85
Cotton,2020,Kharif,609.9,27.6,51.3,222.8,38.2,249.4,6.95,498.28,1,1,2.73
